# https://github.com/mikedh/trimesh
mtllib material.mtl

o walls
usemtl wall
v 15.03439523 0.00000000 12.83386810
v 15.03440882 0.00000000 12.83386463
v 15.03443150 0.00000000 12.83385748
v 15.03448624 0.00000000 12.83384533
v 15.03454184 0.00000000 12.83383801
v 15.03459787 0.00000000 12.83383556
v 15.05157412 0.00000000 12.83383556
v 15.05163709 0.00000000 12.83383866
v 15.05169945 0.00000000 12.83384791
v 15.05176061 0.00000000 12.83386323
v 15.05181996 0.00000000 12.83388446
v 15.05187696 0.00000000 12.83391142
v 15.05193103 0.00000000 12.83394383
v 15.05198167 0.00000000 12.83398139
v 15.05202838 0.00000000 12.83402373
v 15.05207072 0.00000000 12.83407044
v 15.05210828 0.00000000 12.83412108
v 15.05214069 0.00000000 12.83417515
v 15.05216764 0.00000000 12.83423214
v 15.05218888 0.00000000 12.83429150
v 15.05220420 0.00000000 12.83435266
v 15.05221345 0.00000000 12.83441502
v 15.05221654 0.00000000 12.83447799
v 15.05221654 0.00000000 12.85029921
v 15.05221738 0.00000000 12.85031540
v 15.05222870 0.00000000 12.85032700
v 15.08710577 0.00000000 12.88258913
v 15.08715196 0.00000000 12.88263650
v 15.08719304 0.00000000 12.88268837
v 15.08722856 0.00000000 12.88274419
v 15.08725816 0.00000000 12.88280337
v 15.08728151 0.00000000 12.88286528
v 15.08729836 0.00000000 12.88292927
v 15.08730855 0.00000000 12.88299465
v 15.08731196 0.00000000 12.88306072
v 15.08731196 0.00000000 13.05400669
v 15.08731269 0.00000000 13.05402172
v 15.08732773 0.00000000 13.05402246
v 15.27235436 0.00000000 13.05402246
v 15.27240804 0.00000000 13.05402470
v 15.27244124 0.00000000 13.05402749
v 15.27245707 0.00000000 13.05402717
v 15.27250752 0.00000000 13.05402357
v 15.27252185 0.00000000 13.05402184
v 15.27251495 0.00000000 13.05400875
v 15.27248855 0.00000000 13.05395225
v 15.27246776 0.00000000 13.05389345
v 15.27245277 0.00000000 13.05383292
v 15.27244372 0.00000000 13.05377121
v 15.27244069 0.00000000 13.05370892
v 15.27244069 0.00000000 12.83399031
v 15.27244764 0.00000000 12.83389604
v 15.27245168 0.00000000 12.83386882
v 15.27245245 0.00000000 12.83385312
v 15.27245245 0.00000000 0.22020055
v 15.27245666 0.00000000 0.22012713
v 15.27246923 0.00000000 0.22005467
v 15.27249001 0.00000000 0.21998413
v 15.27249678 0.00000000 0.21996520
v 15.27249754 0.00000000 0.21994958
v 15.27249754 0.00000000 -0.00011976
v 15.27250025 0.00000000 -0.00017866
v 15.27250834 0.00000000 -0.00023706
v 15.27252176 0.00000000 -0.00029447
v 15.27252214 0.00000000 -0.00029584
v 15.27251634 0.00000000 -0.00030242
v 15.27251019 0.00000000 -0.00030872
v 15.27249732 0.00000000 -0.00032071
v 15.27247443 0.00000000 -0.00031570
v 15.27245263 0.00000000 -0.00030990
v 15.27238663 0.00000000 -0.00029951
v 15.27231992 0.00000000 -0.00029604
v 15.08732773 0.00000000 -0.00029604
v 15.08731269 0.00000000 -0.00029530
v 15.08731196 0.00000000 -0.00028027
v 15.08731196 0.00000000 0.17075315
v 15.08730855 0.00000000 0.17081921
v 15.08729837 0.00000000 0.17088458
v 15.08728152 0.00000000 0.17094855
v 15.08725818 0.00000000 0.17101045
v 15.08722859 0.00000000 0.17106962
v 15.08719308 0.00000000 0.17112544
v 15.08715202 0.00000000 0.17117730
v 15.08710584 0.00000000 0.17122468
v 15.05228555 0.00000000 0.20344451
v 15.05227423 0.00000000 0.20345611
v 15.05227340 0.00000000 0.20347230
v 15.05227340 0.00000000 0.21929156
v 15.05227031 0.00000000 0.21935453
v 15.05226106 0.00000000 0.21941689
v 15.05224574 0.00000000 0.21947805
v 15.05222450 0.00000000 0.21953741
v 15.05219754 0.00000000 0.21959440
v 15.05216513 0.00000000 0.21964847
v 15.05212758 0.00000000 0.21969911
v 15.05208524 0.00000000 0.21974582
v 15.05203852 0.00000000 0.21978816
v 15.05198789 0.00000000 0.21982572
v 15.05193381 0.00000000 0.21985813
v 15.05187682 0.00000000 0.21988508
v 15.05181746 0.00000000 0.21990632
v 15.05175631 0.00000000 0.21992164
v 15.05169394 0.00000000 0.21993089
v 15.05163097 0.00000000 0.21993399
v 15.03440907 0.00000000 0.21993399
v 15.03440907 0.00000000 0.21993358
v 15.03439535 0.00000000 0.21993356
v 15.03439535 0.00000000 0.21993399
v 14.87215727 0.00000000 0.21993399
v 14.87215727 0.00000000 0.37003726
v 14.87205383 0.00000000 0.37003726
v 14.87205383 0.00000000 0.37005375
v 14.87205457 0.00000000 0.37006918
v 14.87205904 0.00000000 0.37009982
v 14.87205875 0.00000000 0.37009987
v 14.87206288 0.00000000 0.37012244
v 14.87206755 0.00000000 0.37019978
v 14.87206755 0.00000000 12.68341257
v 14.87215727 0.00000000 12.68341257
v 14.87215727 0.00000000 12.83386889
v 15.03437931 0.00000000 12.83386889
v 15.03439523 2.50000000 12.83386810
v 15.03440882 2.50000000 12.83386463
v 15.03443150 2.50000000 12.83385748
v 15.03448624 2.50000000 12.83384533
v 15.03454184 2.50000000 12.83383801
v 15.03459787 2.50000000 12.83383556
v 15.05157412 2.50000000 12.83383556
v 15.05163709 2.50000000 12.83383866
v 15.05169945 2.50000000 12.83384791
v 15.05176061 2.50000000 12.83386323
v 15.05181996 2.50000000 12.83388446
v 15.05187696 2.50000000 12.83391142
v 15.05193103 2.50000000 12.83394383
v 15.05198167 2.50000000 12.83398139
v 15.05202838 2.50000000 12.83402373
v 15.05207072 2.50000000 12.83407044
v 15.05210828 2.50000000 12.83412108
v 15.05214069 2.50000000 12.83417515
v 15.05216764 2.50000000 12.83423214
v 15.05218888 2.50000000 12.83429150
v 15.05220420 2.50000000 12.83435266
v 15.05221345 2.50000000 12.83441502
v 15.05221654 2.50000000 12.83447799
v 15.05221654 2.50000000 12.85029921
v 15.05221738 2.50000000 12.85031540
v 15.05222870 2.50000000 12.85032700
v 15.08710577 2.50000000 12.88258913
v 15.08715196 2.50000000 12.88263650
v 15.08719304 2.50000000 12.88268837
v 15.08722856 2.50000000 12.88274419
v 15.08725816 2.50000000 12.88280337
v 15.08728151 2.50000000 12.88286528
v 15.08729836 2.50000000 12.88292927
v 15.08730855 2.50000000 12.88299465
v 15.08731196 2.50000000 12.88306072
v 15.08731196 2.50000000 13.05400669
v 15.08731269 2.50000000 13.05402172
v 15.08732773 2.50000000 13.05402246
v 15.27235436 2.50000000 13.05402246
v 15.27240804 2.50000000 13.05402470
v 15.27244124 2.50000000 13.05402749
v 15.27245707 2.50000000 13.05402717
v 15.27250752 2.50000000 13.05402357
v 15.27252185 2.50000000 13.05402184
v 15.27251495 2.50000000 13.05400875
v 15.27248855 2.50000000 13.05395225
v 15.27246776 2.50000000 13.05389345
v 15.27245277 2.50000000 13.05383292
v 15.27244372 2.50000000 13.05377121
v 15.27244069 2.50000000 13.05370892
v 15.27244069 2.50000000 12.83399031
v 15.27244764 2.50000000 12.83389604
v 15.27245168 2.50000000 12.83386882
v 15.27245245 2.50000000 12.83385312
v 15.27245245 2.50000000 0.22020055
v 15.27245666 2.50000000 0.22012713
v 15.27246923 2.50000000 0.22005467
v 15.27249001 2.50000000 0.21998413
v 15.27249678 2.50000000 0.21996520
v 15.27249754 2.50000000 0.21994958
v 15.27249754 2.50000000 -0.00011976
v 15.27250025 2.50000000 -0.00017866
v 15.27250834 2.50000000 -0.00023706
v 15.27252176 2.50000000 -0.00029447
v 15.27252214 2.50000000 -0.00029584
v 15.27251634 2.50000000 -0.00030242
v 15.27251019 2.50000000 -0.00030872
v 15.27249732 2.50000000 -0.00032071
v 15.27247443 2.50000000 -0.00031570
v 15.27245263 2.50000000 -0.00030990
v 15.27238663 2.50000000 -0.00029951
v 15.27231992 2.50000000 -0.00029604
v 15.08732773 2.50000000 -0.00029604
v 15.08731269 2.50000000 -0.00029530
v 15.08731196 2.50000000 -0.00028027
v 15.08731196 2.50000000 0.17075315
v 15.08730855 2.50000000 0.17081921
v 15.08729837 2.50000000 0.17088458
v 15.08728152 2.50000000 0.17094855
v 15.08725818 2.50000000 0.17101045
v 15.08722859 2.50000000 0.17106962
v 15.08719308 2.50000000 0.17112544
v 15.08715202 2.50000000 0.17117730
v 15.08710584 2.50000000 0.17122468
v 15.05228555 2.50000000 0.20344451
v 15.05227423 2.50000000 0.20345611
v 15.05227340 2.50000000 0.20347230
v 15.05227340 2.50000000 0.21929156
v 15.05227031 2.50000000 0.21935453
v 15.05226106 2.50000000 0.21941689
v 15.05224574 2.50000000 0.21947805
v 15.05222450 2.50000000 0.21953741
v 15.05219754 2.50000000 0.21959440
v 15.05216513 2.50000000 0.21964847
v 15.05212758 2.50000000 0.21969911
v 15.05208524 2.50000000 0.21974582
v 15.05203852 2.50000000 0.21978816
v 15.05198789 2.50000000 0.21982572
v 15.05193381 2.50000000 0.21985813
v 15.05187682 2.50000000 0.21988508
v 15.05181746 2.50000000 0.21990632
v 15.05175631 2.50000000 0.21992164
v 15.05169394 2.50000000 0.21993089
v 15.05163097 2.50000000 0.21993399
v 15.03440907 2.50000000 0.21993399
v 15.03440907 2.50000000 0.21993358
v 15.03439535 2.50000000 0.21993356
v 15.03439535 2.50000000 0.21993399
v 14.87215727 2.50000000 0.21993399
v 14.87215727 2.50000000 0.37003726
v 14.87205383 2.50000000 0.37003726
v 14.87205383 2.50000000 0.37005375
v 14.87205457 2.50000000 0.37006918
v 14.87205904 2.50000000 0.37009982
v 14.87205875 2.50000000 0.37009987
v 14.87206288 2.50000000 0.37012244
v 14.87206755 2.50000000 0.37019978
v 14.87206755 2.50000000 12.68341257
v 14.87215727 2.50000000 12.68341257
v 14.87215727 2.50000000 12.83386889
v 15.03437931 2.50000000 12.83386889
v 1.90785762 0.00000000 6.25474805
v 1.90787265 0.00000000 6.25474879
v 1.97743174 0.00000000 6.25474879
v 1.97749471 0.00000000 6.25475188
v 1.97755707 0.00000000 6.25476113
v 1.97761823 0.00000000 6.25477645
v 1.97767759 0.00000000 6.25479769
v 1.97773458 0.00000000 6.25482465
v 1.97778866 0.00000000 6.25485706
v 1.97783929 0.00000000 6.25489461
v 1.97788601 0.00000000 6.25493695
v 1.97792835 0.00000000 6.25498367
v 1.97796590 0.00000000 6.25503430
v 1.97799831 0.00000000 6.25508838
v 1.97802527 0.00000000 6.25514537
v 1.97804651 0.00000000 6.25520473
v 1.97806182 0.00000000 6.25526589
v 1.97807108 0.00000000 6.25532825
v 1.97807417 0.00000000 6.25539122
v 1.97807417 0.00000000 6.25653082
v 1.97807491 0.00000000 6.25654586
v 1.97808994 0.00000000 6.25654659
v 1.99723798 0.00000000 6.25654659
v 1.99730095 0.00000000 6.25654969
v 1.99736331 0.00000000 6.25655894
v 1.99742446 0.00000000 6.25657426
v 1.99748382 0.00000000 6.25659550
v 1.99754081 0.00000000 6.25662245
v 1.99759489 0.00000000 6.25665486
v 1.99764553 0.00000000 6.25669242
v 1.99769224 0.00000000 6.25673476
v 1.99773458 0.00000000 6.25678147
v 1.99777213 0.00000000 6.25683211
v 1.99780455 0.00000000 6.25688618
v 1.99783150 0.00000000 6.25694318
v 1.99785274 0.00000000 6.25700253
v 1.99786806 0.00000000 6.25706369
v 1.99787731 0.00000000 6.25712605
v 1.99788040 0.00000000 6.25718902
v 1.99788040 0.00000000 8.77935589
v 1.99788112 0.00000000 8.77937054
v 1.99790299 0.00000000 8.77936286
v 1.99797247 0.00000000 8.77934276
v 1.99804377 0.00000000 8.77933059
v 1.99811599 0.00000000 8.77932652
v 4.20011755 0.00000000 8.77932652
v 4.20017005 0.00000000 8.77932867
v 4.20022220 0.00000000 8.77933510
v 4.20027365 0.00000000 8.77934577
v 4.20029547 0.00000000 8.77935124
v 4.20031112 0.00000000 8.77935201
v 7.20445436 0.00000000 8.77935201
v 7.20446943 0.00000000 8.77935126
v 7.20447011 0.00000000 8.77933620
v 7.20363505 0.00000000 8.55914359
v 7.20363426 0.00000000 8.55912860
v 7.20361926 0.00000000 8.55912786
v 7.18927153 0.00000000 8.55912786
v 7.18920856 0.00000000 8.55912477
v 7.18914620 0.00000000 8.55911552
v 7.18908505 0.00000000 8.55910020
v 7.18902569 0.00000000 8.55907896
v 7.18896870 0.00000000 8.55905200
v 7.18891462 0.00000000 8.55901959
v 7.18886398 0.00000000 8.55898204
v 7.18881727 0.00000000 8.55893970
v 7.18877493 0.00000000 8.55889299
v 7.18873738 0.00000000 8.55884235
v 7.18870496 0.00000000 8.55878827
v 7.18867801 0.00000000 8.55873128
v 7.18865677 0.00000000 8.55867192
v 7.18864145 0.00000000 8.55861077
v 7.18863220 0.00000000 8.55854840
v 7.18862911 0.00000000 8.55848543
v 7.18862911 0.00000000 6.41239422
v 7.18863220 0.00000000 6.41233125
v 7.18864145 0.00000000 6.41226889
v 7.18865677 0.00000000 6.41220773
v 7.18867801 0.00000000 6.41214837
v 7.18870496 0.00000000 6.41209138
v 7.18873738 0.00000000 6.41203730
v 7.18877493 0.00000000 6.41198667
v 7.18881727 0.00000000 6.41193995
v 7.18886398 0.00000000 6.41189761
v 7.18891462 0.00000000 6.41186006
v 7.18896870 0.00000000 6.41182765
v 7.18902569 0.00000000 6.41180069
v 7.18908505 0.00000000 6.41177945
v 7.18914620 0.00000000 6.41176413
v 7.18920856 0.00000000 6.41175488
v 7.18927153 0.00000000 6.41175179
v 7.19535951 0.00000000 6.41175179
v 7.19537455 0.00000000 6.41175105
v 7.19537528 0.00000000 6.41173602
v 7.19537528 0.00000000 6.39652570
v 7.19537838 0.00000000 6.39646273
v 7.19538763 0.00000000 6.39640037
v 7.19540295 0.00000000 6.39633922
v 7.19542419 0.00000000 6.39627986
v 7.19545114 0.00000000 6.39622287
v 7.19548355 0.00000000 6.39616879
v 7.19552111 0.00000000 6.39611815
v 7.19556345 0.00000000 6.39607144
v 7.19561016 0.00000000 6.39602910
v 7.19566080 0.00000000 6.39599155
v 7.19571487 0.00000000 6.39595913
v 7.19577186 0.00000000 6.39593218
v 7.19583122 0.00000000 6.39591094
v 7.19589238 0.00000000 6.39589562
v 7.19595474 0.00000000 6.39588637
v 7.19601771 0.00000000 6.39588328
v 8.50585683 0.00000000 6.39588328
v 8.50591996 0.00000000 6.39588639
v 8.50598248 0.00000000 6.39589569
v 8.50604379 0.00000000 6.39591108
v 8.50610328 0.00000000 6.39593243
v 8.50616039 0.00000000 6.39595952
v 8.50621456 0.00000000 6.39599209
v 8.50626526 0.00000000 6.39602983
v 8.50631202 0.00000000 6.39607237
v 8.50635436 0.00000000 6.39611929
v 8.50639189 0.00000000 6.39617015
v 8.50642424 0.00000000 6.39622445
v 8.50645110 0.00000000 6.39628167
v 8.50647221 0.00000000 6.39634125
v 8.50648735 0.00000000 6.39640262
v 8.50649640 0.00000000 6.39646518
v 8.50649925 0.00000000 6.39652832
v 8.50643725 0.00000000 6.41173598
v 8.50643793 0.00000000 6.41175105
v 8.50645299 0.00000000 6.41175179
v 8.51440343 0.00000000 6.41175179
v 8.51446640 0.00000000 6.41175488
v 8.51452877 0.00000000 6.41176413
v 8.51458992 0.00000000 6.41177945
v 8.51464928 0.00000000 6.41180069
v 8.51470627 0.00000000 6.41182765
v 8.51476035 0.00000000 6.41186006
v 8.51481098 0.00000000 6.41189761
v 8.51485770 0.00000000 6.41193995
v 8.51490004 0.00000000 6.41198667
v 8.51493759 0.00000000 6.41203730
v 8.51497000 0.00000000 6.41209138
v 8.51499696 0.00000000 6.41214837
v 8.51501820 0.00000000 6.41220773
v 8.51503352 0.00000000 6.41226889
v 8.51504277 0.00000000 6.41233125
v 8.51504586 0.00000000 6.41239422
v 8.51504586 0.00000000 8.55848543
v 8.51504277 0.00000000 8.55854840
v 8.51503352 0.00000000 8.55861077
v 8.51501820 0.00000000 8.55867192
v 8.51499696 0.00000000 8.55873128
v 8.51497000 0.00000000 8.55878827
v 8.51493759 0.00000000 8.55884235
v 8.51490004 0.00000000 8.55889299
v 8.51485770 0.00000000 8.55893970
v 8.51481098 0.00000000 8.55898204
v 8.51476035 0.00000000 8.55901959
v 8.51470627 0.00000000 8.55905200
v 8.51464928 0.00000000 8.55907896
v 8.51458992 0.00000000 8.55910020
v 8.51452877 0.00000000 8.55911552
v 8.51446640 0.00000000 8.55912477
v 8.51440343 0.00000000 8.55912786
v 8.49830104 0.00000000 8.55912786
v 8.49828604 0.00000000 8.55912860
v 8.49828525 0.00000000 8.55914359
v 8.49745018 0.00000000 8.77933620
v 8.49745087 0.00000000 8.77935126
v 8.49746593 0.00000000 8.77935201
v 10.84697490 0.00000000 8.77935201
v 10.84703786 0.00000000 8.77935510
v 10.84710023 0.00000000 8.77936435
v 10.84716138 0.00000000 8.77937967
v 10.84722074 0.00000000 8.77940091
v 10.84727773 0.00000000 8.77942786
v 10.84733181 0.00000000 8.77946027
v 10.84738245 0.00000000 8.77949783
v 10.84742916 0.00000000 8.77954017
v 10.84747150 0.00000000 8.77958688
v 10.84750905 0.00000000 8.77963752
v 10.84754146 0.00000000 8.77969159
v 10.84756842 0.00000000 8.77974859
v 10.84758966 0.00000000 8.77980794
v 10.84760498 0.00000000 8.77986910
v 10.84761423 0.00000000 8.77993146
v 10.84761732 0.00000000 8.77999443
v 10.84761732 0.00000000 12.68301474
v 10.84761423 0.00000000 12.68307770
v 10.84760498 0.00000000 12.68314007
v 10.84758966 0.00000000 12.68320122
v 10.84756842 0.00000000 12.68326058
v 10.84754146 0.00000000 12.68331757
v 10.84750905 0.00000000 12.68337165
v 10.84747150 0.00000000 12.68342229
v 10.84742916 0.00000000 12.68346900
v 10.84738245 0.00000000 12.68351134
v 10.84733181 0.00000000 12.68354889
v 10.84727773 0.00000000 12.68358130
v 10.84722074 0.00000000 12.68360826
v 10.84716138 0.00000000 12.68362950
v 10.84710023 0.00000000 12.68364482
v 10.84703786 0.00000000 12.68365407
v 10.84697490 0.00000000 12.68365716
v 10.83761087 0.00000000 12.68365716
v 10.83759584 0.00000000 12.68365790
v 10.83759510 0.00000000 12.68367293
v 10.83753041 0.00000000 12.83385110
v 10.83753070 0.00000000 12.83386301
v 10.83746571 0.00000000 13.05401257
v 10.83746645 0.00000000 13.05402760
v 10.83748148 0.00000000 13.05402834
v 11.15802174 0.00000000 13.05402834
v 11.15803678 0.00000000 13.05402760
v 11.15803752 0.00000000 13.05401257
v 11.15803752 0.00000000 12.90390884
v 11.15803678 0.00000000 12.90389381
v 11.15802174 0.00000000 12.90389307
v 10.98843554 0.00000000 12.90389307
v 10.98837257 0.00000000 12.90388998
v 10.98831020 0.00000000 12.90388072
v 10.98824905 0.00000000 12.90386541
v 10.98818969 0.00000000 12.90384417
v 10.98813270 0.00000000 12.90381721
v 10.98807862 0.00000000 12.90378480
v 10.98802799 0.00000000 12.90374725
v 10.98798127 0.00000000 12.90370491
v 10.98793893 0.00000000 12.90365819
v 10.98790138 0.00000000 12.90360756
v 10.98786897 0.00000000 12.90355348
v 10.98784201 0.00000000 12.90349649
v 10.98782077 0.00000000 12.90343713
v 10.98780545 0.00000000 12.90337597
v 10.98779620 0.00000000 12.90331361
v 10.98779311 0.00000000 12.90325064
v 10.98779311 0.00000000 12.83451132
v 10.98779620 0.00000000 12.83444835
v 10.98780545 0.00000000 12.83438599
v 10.98782077 0.00000000 12.83432483
v 10.98784201 0.00000000 12.83426547
v 10.98786897 0.00000000 12.83420848
v 10.98790138 0.00000000 12.83415441
v 10.98793893 0.00000000 12.83410377
v 10.98798127 0.00000000 12.83405705
v 10.98802799 0.00000000 12.83401472
v 10.98807862 0.00000000 12.83397716
v 10.98813270 0.00000000 12.83394475
v 10.98818969 0.00000000 12.83391779
v 10.98824905 0.00000000 12.83389655
v 10.98831020 0.00000000 12.83388124
v 10.98837257 0.00000000 12.83387199
v 10.98843554 0.00000000 12.83386889
v 11.06782570 0.00000000 12.83386889
v 11.06784073 0.00000000 12.83386815
v 11.06784147 0.00000000 12.83385312
v 11.06784147 0.00000000 6.00637547
v 11.06784073 0.00000000 6.00636044
v 11.06782570 0.00000000 6.00635970
v 10.84763309 0.00000000 6.00635970
v 10.84761806 0.00000000 6.00636044
v 10.84761732 0.00000000 6.00637547
v 10.84761732 0.00000000 6.63638775
v 10.84761423 0.00000000 6.63645072
v 10.84760498 0.00000000 6.63651308
v 10.84758966 0.00000000 6.63657424
v 10.84756842 0.00000000 6.63663360
v 10.84754146 0.00000000 6.63669059
v 10.84750905 0.00000000 6.63674466
v 10.84747150 0.00000000 6.63679530
v 10.84742916 0.00000000 6.63684201
v 10.84738245 0.00000000 6.63688435
v 10.84733181 0.00000000 6.63692191
v 10.84727773 0.00000000 6.63695432
v 10.84722074 0.00000000 6.63698127
v 10.84716138 0.00000000 6.63700251
v 10.84710023 0.00000000 6.63701783
v 10.84703786 0.00000000 6.63702708
v 10.84697490 0.00000000 6.63703018
v 10.74778363 0.00000000 6.63703018
v 10.74778363 0.00000000 6.78716349
v 10.84697490 0.00000000 6.78716349
v 10.84703786 0.00000000 6.78716658
v 10.84710023 0.00000000 6.78717583
v 10.84716138 0.00000000 6.78719115
v 10.84722074 0.00000000 6.78721239
v 10.84727773 0.00000000 6.78723934
v 10.84733181 0.00000000 6.78727175
v 10.84738245 0.00000000 6.78730931
v 10.84742916 0.00000000 6.78735165
v 10.84747150 0.00000000 6.78739836
v 10.84750905 0.00000000 6.78744900
v 10.84754146 0.00000000 6.78750307
v 10.84756842 0.00000000 6.78756007
v 10.84758966 0.00000000 6.78761943
v 10.84760498 0.00000000 6.78768058
v 10.84761423 0.00000000 6.78774294
v 10.84761732 0.00000000 6.78780591
v 10.84761732 0.00000000 8.55848543
v 10.84761423 0.00000000 8.55854840
v 10.84760498 0.00000000 8.55861077
v 10.84758966 0.00000000 8.55867192
v 10.84756842 0.00000000 8.55873128
v 10.84754146 0.00000000 8.55878827
v 10.84750905 0.00000000 8.55884235
v 10.84747150 0.00000000 8.55889299
v 10.84742916 0.00000000 8.55893970
v 10.84738245 0.00000000 8.55898204
v 10.84733181 0.00000000 8.55901959
v 10.84727773 0.00000000 8.55905200
v 10.84722074 0.00000000 8.55907896
v 10.84716138 0.00000000 8.55910020
v 10.84710023 0.00000000 8.55911552
v 10.84703786 0.00000000 8.55912477
v 10.84697490 0.00000000 8.55912786
v 8.73591243 0.00000000 8.55912786
v 8.73584946 0.00000000 8.55912477
v 8.73578710 0.00000000 8.55911552
v 8.73572594 0.00000000 8.55910020
v 8.73566658 0.00000000 8.55907896
v 8.73560959 0.00000000 8.55905200
v 8.73555552 0.00000000 8.55901959
v 8.73550488 0.00000000 8.55898204
v 8.73545817 0.00000000 8.55893970
v 8.73541583 0.00000000 8.55889299
v 8.73537827 0.00000000 8.55884235
v 8.73534586 0.00000000 8.55878827
v 8.73531891 0.00000000 8.55873128
v 8.73529767 0.00000000 8.55867192
v 8.73528235 0.00000000 8.55861077
v 8.73527310 0.00000000 8.55854840
v 8.73527000 0.00000000 8.55848543
v 8.73527000 0.00000000 6.78780591
v 8.73527310 0.00000000 6.78774294
v 8.73528235 0.00000000 6.78768058
v 8.73529767 0.00000000 6.78761943
v 8.73531891 0.00000000 6.78756007
v 8.73534586 0.00000000 6.78750307
v 8.73537827 0.00000000 6.78744900
v 8.73541583 0.00000000 6.78739836
v 8.73545817 0.00000000 6.78735165
v 8.73550488 0.00000000 6.78730931
v 8.73555552 0.00000000 6.78727175
v 8.73560959 0.00000000 6.78723934
v 8.73566658 0.00000000 6.78721239
v 8.73572594 0.00000000 6.78719115
v 8.73578710 0.00000000 6.78717583
v 8.73584946 0.00000000 6.78716658
v 8.73591243 0.00000000 6.78716349
v 9.86637543 0.00000000 6.78716349
v 9.86637543 0.00000000 6.63703018
v 8.73591243 0.00000000 6.63703018
v 8.73584946 0.00000000 6.63702708
v 8.73578710 0.00000000 6.63701783
v 8.73572594 0.00000000 6.63700251
v 8.73566658 0.00000000 6.63698127
v 8.73560959 0.00000000 6.63695432
v 8.73555552 0.00000000 6.63692191
v 8.73550488 0.00000000 6.63688435
v 8.73545817 0.00000000 6.63684201
v 8.73541583 0.00000000 6.63679530
v 8.73537827 0.00000000 6.63674466
v 8.73534586 0.00000000 6.63669059
v 8.73531891 0.00000000 6.63663360
v 8.73529767 0.00000000 6.63657424
v 8.73528235 0.00000000 6.63651308
v 8.73527310 0.00000000 6.63645072
v 8.73527000 0.00000000 6.63638775
v 8.73527000 0.00000000 6.19154818
v 8.73526912 0.00000000 6.19152838
v 8.73525423 0.00000000 6.19152765
v 6.99409019 0.00000000 6.19152765
v 6.99402722 0.00000000 6.19152455
v 6.99396486 0.00000000 6.19151530
v 6.99390371 0.00000000 6.19149998
v 6.99384435 0.00000000 6.19147874
v 6.99378735 0.00000000 6.19145179
v 6.99373328 0.00000000 6.19141938
v 6.99368264 0.00000000 6.19138182
v 6.99363593 0.00000000 6.19133948
v 6.99359359 0.00000000 6.19129277
v 6.99355603 0.00000000 6.19124213
v 6.99352362 0.00000000 6.19118806
v 6.99349667 0.00000000 6.19113107
v 6.99347543 0.00000000 6.19107171
v 6.99346011 0.00000000 6.19101055
v 6.99345086 0.00000000 6.19094819
v 6.99344777 0.00000000 6.19088522
v 6.99344777 0.00000000 6.18219098
v 6.99345086 0.00000000 6.18212802
v 6.99346011 0.00000000 6.18206565
v 6.99347543 0.00000000 6.18200450
v 6.99349667 0.00000000 6.18194514
v 6.99352362 0.00000000 6.18188815
v 6.99355603 0.00000000 6.18183407
v 6.99359359 0.00000000 6.18178343
v 6.99363593 0.00000000 6.18173672
v 6.99368264 0.00000000 6.18169438
v 6.99373328 0.00000000 6.18165683
v 6.99378735 0.00000000 6.18162442
v 6.99384435 0.00000000 6.18159746
v 6.99390371 0.00000000 6.18157622
v 6.99396486 0.00000000 6.18156090
v 6.99402722 0.00000000 6.18155165
v 6.99409019 0.00000000 6.18154856
v 8.73524051 0.00000000 6.18154856
v 8.73525554 0.00000000 6.18154782
v 8.73525628 0.00000000 6.18153279
v 8.73525628 0.00000000 6.00637547
v 8.73525554 0.00000000 6.00636044
v 8.73524051 0.00000000 6.00635970
v 5.75197489 0.00000000 6.00635970
v 5.75195986 0.00000000 6.00636044
v 5.75195912 0.00000000 6.00637547
v 5.75195912 0.00000000 6.18153279
v 5.75195986 0.00000000 6.18154782
v 5.75197489 0.00000000 6.18154856
v 6.96768608 0.00000000 6.18154856
v 6.96774905 0.00000000 6.18155165
v 6.96781141 0.00000000 6.18156090
v 6.96787256 0.00000000 6.18157622
v 6.96793192 0.00000000 6.18159746
v 6.96798891 0.00000000 6.18162442
v 6.96804299 0.00000000 6.18165683
v 6.96809363 0.00000000 6.18169438
v 6.96814034 0.00000000 6.18173672
v 6.96818268 0.00000000 6.18178343
v 6.96822023 0.00000000 6.18183407
v 6.96825265 0.00000000 6.18188815
v 6.96827960 0.00000000 6.18194514
v 6.96830084 0.00000000 6.18200450
v 6.96831616 0.00000000 6.18206565
v 6.96832541 0.00000000 6.18212802
v 6.96832850 0.00000000 6.18219098
v 6.96832850 0.00000000 8.55848543
v 6.96832541 0.00000000 8.55854840
v 6.96831616 0.00000000 8.55861077
v 6.96830084 0.00000000 8.55867192
v 6.96827960 0.00000000 8.55873128
v 6.96825265 0.00000000 8.55878827
v 6.96822023 0.00000000 8.55884235
v 6.96818268 0.00000000 8.55889299
v 6.96814034 0.00000000 8.55893970
v 6.96809363 0.00000000 8.55898204
v 6.96804299 0.00000000 8.55901959
v 6.96798891 0.00000000 8.55905200
v 6.96793192 0.00000000 8.55907896
v 6.96787256 0.00000000 8.55910020
v 6.96781141 0.00000000 8.55911552
v 6.96774905 0.00000000 8.55912477
v 6.96768608 0.00000000 8.55912786
v 4.77148866 0.00000000 8.55912786
v 4.77142570 0.00000000 8.55912477
v 4.77136333 0.00000000 8.55911552
v 4.77130218 0.00000000 8.55910020
v 4.77124282 0.00000000 8.55907896
v 4.77118583 0.00000000 8.55905200
v 4.77113175 0.00000000 8.55901959
v 4.77108111 0.00000000 8.55898204
v 4.77103440 0.00000000 8.55893970
v 4.77099206 0.00000000 8.55889299
v 4.77095451 0.00000000 8.55884235
v 4.77092210 0.00000000 8.55878827
v 4.77089514 0.00000000 8.55873128
v 4.77087390 0.00000000 8.55867192
v 4.77085858 0.00000000 8.55861077
v 4.77084933 0.00000000 8.55854840
v 4.77084624 0.00000000 8.55848543
v 4.77084624 0.00000000 6.18219098
v 4.77084933 0.00000000 6.18212802
v 4.77085858 0.00000000 6.18206565
v 4.77087390 0.00000000 6.18200450
v 4.77089514 0.00000000 6.18194514
v 4.77092210 0.00000000 6.18188815
v 4.77095451 0.00000000 6.18183407
v 4.77099206 0.00000000 6.18178343
v 4.77103440 0.00000000 6.18173672
v 4.77108111 0.00000000 6.18169438
v 4.77113175 0.00000000 6.18165683
v 4.77118583 0.00000000 6.18162442
v 4.77124282 0.00000000 6.18159746
v 4.77130218 0.00000000 6.18157622
v 4.77136333 0.00000000 6.18156090
v 4.77142570 0.00000000 6.18155165
v 4.77148866 0.00000000 6.18154856
v 4.87111343 0.00000000 6.18154856
v 4.87112847 0.00000000 6.18154782
v 4.87112920 0.00000000 6.18153279
v 4.87112920 0.00000000 6.18142105
v 4.87087241 0.00000000 6.18142105
v 4.87087241 0.00000000 6.00635970
v 4.20098875 0.00000000 6.00635970
v 4.20092579 0.00000000 6.00635661
v 4.20086342 0.00000000 6.00634736
v 4.20080227 0.00000000 6.00633204
v 4.20074291 0.00000000 6.00631080
v 4.20068592 0.00000000 6.00628384
v 4.20063184 0.00000000 6.00625143
v 4.20058120 0.00000000 6.00621388
v 4.20053449 0.00000000 6.00617154
v 4.20049215 0.00000000 6.00612483
v 4.20045460 0.00000000 6.00607419
v 4.20042218 0.00000000 6.00602011
v 4.20039523 0.00000000 6.00596312
v 4.20037399 0.00000000 6.00590376
v 4.20035867 0.00000000 6.00584261
v 4.20034942 0.00000000 6.00578024
v 4.20034633 0.00000000 6.00571728
v 4.20034633 0.00000000 5.95626634
v 4.20034556 0.00000000 5.95625080
v 4.20033578 0.00000000 5.95623447
v 4.20030833 0.00000000 5.95618362
v 4.20028556 0.00000000 5.95613050
v 4.20026765 0.00000000 5.95607554
v 4.20025476 0.00000000 5.95601921
v 4.20024698 0.00000000 5.95596194
v 4.20024438 0.00000000 5.95590420
v 4.20024438 0.00000000 5.86619772
v 4.20024364 0.00000000 5.86618269
v 4.20022861 0.00000000 5.86618195
v 3.95007326 0.00000000 5.86618195
v 3.95005823 0.00000000 5.86618269
v 3.95005749 0.00000000 5.86619772
v 3.95005749 0.00000000 6.00603880
v 3.95027624 0.00000000 6.00603880
v 3.95027624 0.00000000 6.18656045
v 3.95005749 0.00000000 6.18656045
v 3.95005749 0.00000000 8.18810249
v 3.95005439 0.00000000 8.18816546
v 3.95004514 0.00000000 8.18822782
v 3.95002982 0.00000000 8.18828898
v 3.95000859 0.00000000 8.18834834
v 3.94998163 0.00000000 8.18840533
v 3.94994922 0.00000000 8.18845941
v 3.94991166 0.00000000 8.18851004
v 3.94986933 0.00000000 8.18855676
v 3.94982261 0.00000000 8.18859910
v 3.94977197 0.00000000 8.18863665
v 3.94971790 0.00000000 8.18866906
v 3.94966091 0.00000000 8.18869602
v 3.94960155 0.00000000 8.18871726
v 3.94954039 0.00000000 8.18873258
v 3.94947803 0.00000000 8.18874183
v 3.94941506 0.00000000 8.18874492
v 2.24881167 0.00000000 8.18874492
v 2.24874870 0.00000000 8.18874183
v 2.24868634 0.00000000 8.18873258
v 2.24862518 0.00000000 8.18871726
v 2.24856582 0.00000000 8.18869602
v 2.24850883 0.00000000 8.18866906
v 2.24845476 0.00000000 8.18863665
v 2.24840412 0.00000000 8.18859910
v 2.24835741 0.00000000 8.18855676
v 2.24831507 0.00000000 8.18851004
v 2.24827751 0.00000000 8.18845941
v 2.24824510 0.00000000 8.18840533
v 2.24821815 0.00000000 8.18834834
v 2.24819691 0.00000000 8.18828898
v 2.24818159 0.00000000 8.18822782
v 2.24817234 0.00000000 8.18816546
v 2.24816924 0.00000000 8.18810249
v 2.24816924 0.00000000 6.18711191
v 2.24817234 0.00000000 6.18704894
v 2.24818159 0.00000000 6.18698658
v 2.24819691 0.00000000 6.18692542
v 2.24821815 0.00000000 6.18686606
v 2.24824510 0.00000000 6.18680907
v 2.24827751 0.00000000 6.18675500
v 2.24831507 0.00000000 6.18670436
v 2.24835741 0.00000000 6.18665765
v 2.24840412 0.00000000 6.18661531
v 2.24845476 0.00000000 6.18657775
v 2.24850883 0.00000000 6.18654534
v 2.24856582 0.00000000 6.18651839
v 2.24862518 0.00000000 6.18649715
v 2.24868634 0.00000000 6.18648183
v 2.24874870 0.00000000 6.18647258
v 2.24881167 0.00000000 6.18646948
v 2.34806630 0.00000000 6.18646948
v 2.34806630 0.00000000 6.00633421
v 2.24843605 0.00000000 6.00633421
v 2.24836525 0.00000000 6.00633030
v 2.24829531 0.00000000 6.00631861
v 2.24822709 0.00000000 6.00629928
v 2.24817903 0.00000000 6.00627972
v 2.24816924 0.00000000 6.00627622
v 2.24816303 0.00000000 6.00627844
v 2.24812484 0.00000000 6.00629449
v 2.24807078 0.00000000 6.00631177
v 2.24801540 0.00000000 6.00632421
v 2.24795914 0.00000000 6.00633171
v 2.24790243 0.00000000 6.00633421
v 1.90800463 0.00000000 6.00633421
v 1.90800463 0.00000000 6.25465759
v 1.90785688 0.00000000 6.25465759
v 1.90785688 0.00000000 6.25473302
v 4.62076332 0.00000000 8.55861077
v 4.62074800 0.00000000 8.55867192
v 4.62072676 0.00000000 8.55873128
v 4.62069981 0.00000000 8.55878827
v 4.62066740 0.00000000 8.55884235
v 4.62062984 0.00000000 8.55889299
v 4.62058750 0.00000000 8.55893970
v 4.62054079 0.00000000 8.55898204
v 4.62049015 0.00000000 8.55901959
v 4.62043608 0.00000000 8.55905200
v 4.62037909 0.00000000 8.55907896
v 4.62031973 0.00000000 8.55910020
v 4.62025857 0.00000000 8.55911552
v 4.62019621 0.00000000 8.55912477
v 4.62013324 0.00000000 8.55912786
v 4.20098875 0.00000000 8.55912786
v 4.20092579 0.00000000 8.55912477
v 4.20086342 0.00000000 8.55911552
v 4.20080227 0.00000000 8.55910020
v 4.20074291 0.00000000 8.55907896
v 4.20068592 0.00000000 8.55905200
v 4.20063184 0.00000000 8.55901959
v 4.20058120 0.00000000 8.55898204
v 4.20053449 0.00000000 8.55893970
v 4.20049215 0.00000000 8.55889299
v 4.20045460 0.00000000 8.55884235
v 4.20042218 0.00000000 8.55878827
v 4.20039523 0.00000000 8.55873128
v 4.20037399 0.00000000 8.55867192
v 4.20035867 0.00000000 8.55861077
v 4.20034942 0.00000000 8.55854840
v 4.20034633 0.00000000 8.55848543
v 4.20034633 0.00000000 6.18219098
v 4.20034942 0.00000000 6.18212802
v 4.20035867 0.00000000 6.18206565
v 4.20037399 0.00000000 6.18200450
v 4.20039523 0.00000000 6.18194514
v 4.20042218 0.00000000 6.18188815
v 4.20045460 0.00000000 6.18183407
v 4.20049215 0.00000000 6.18178343
v 4.20053449 0.00000000 6.18173672
v 4.20058120 0.00000000 6.18169438
v 4.20063184 0.00000000 6.18165683
v 4.20068592 0.00000000 6.18162442
v 4.20074291 0.00000000 6.18159746
v 4.20080227 0.00000000 6.18157622
v 4.20086342 0.00000000 6.18156090
v 4.20092579 0.00000000 6.18155165
v 4.20098875 0.00000000 6.18154856
v 4.62013324 0.00000000 6.18154856
v 4.62019621 0.00000000 6.18155165
v 4.62025857 0.00000000 6.18156090
v 4.62031973 0.00000000 6.18157622
v 4.62037909 0.00000000 6.18159746
v 4.62043608 0.00000000 6.18162442
v 4.62049015 0.00000000 6.18165683
v 4.62054079 0.00000000 6.18169438
v 4.62058750 0.00000000 6.18173672
v 4.62062984 0.00000000 6.18178343
v 4.62066740 0.00000000 6.18183407
v 4.62069981 0.00000000 6.18188815
v 4.62072676 0.00000000 6.18194514
v 4.62074800 0.00000000 6.18200450
v 4.62076332 0.00000000 6.18206565
v 4.62077257 0.00000000 6.18212802
v 4.62077567 0.00000000 6.18219098
v 4.62077567 0.00000000 8.55848543
v 4.62077257 0.00000000 8.55854840
v 1.90785762 2.50000000 6.25474805
v 1.90787265 2.50000000 6.25474879
v 1.97743174 2.50000000 6.25474879
v 1.97749471 2.50000000 6.25475188
v 1.97755707 2.50000000 6.25476113
v 1.97761823 2.50000000 6.25477645
v 1.97767759 2.50000000 6.25479769
v 1.97773458 2.50000000 6.25482465
v 1.97778866 2.50000000 6.25485706
v 1.97783929 2.50000000 6.25489461
v 1.97788601 2.50000000 6.25493695
v 1.97792835 2.50000000 6.25498367
v 1.97796590 2.50000000 6.25503430
v 1.97799831 2.50000000 6.25508838
v 1.97802527 2.50000000 6.25514537
v 1.97804651 2.50000000 6.25520473
v 1.97806182 2.50000000 6.25526589
v 1.97807108 2.50000000 6.25532825
v 1.97807417 2.50000000 6.25539122
v 1.97807417 2.50000000 6.25653082
v 1.97807491 2.50000000 6.25654586
v 1.97808994 2.50000000 6.25654659
v 1.99723798 2.50000000 6.25654659
v 1.99730095 2.50000000 6.25654969
v 1.99736331 2.50000000 6.25655894
v 1.99742446 2.50000000 6.25657426
v 1.99748382 2.50000000 6.25659550
v 1.99754081 2.50000000 6.25662245
v 1.99759489 2.50000000 6.25665486
v 1.99764553 2.50000000 6.25669242
v 1.99769224 2.50000000 6.25673476
v 1.99773458 2.50000000 6.25678147
v 1.99777213 2.50000000 6.25683211
v 1.99780455 2.50000000 6.25688618
v 1.99783150 2.50000000 6.25694318
v 1.99785274 2.50000000 6.25700253
v 1.99786806 2.50000000 6.25706369
v 1.99787731 2.50000000 6.25712605
v 1.99788040 2.50000000 6.25718902
v 1.99788040 2.50000000 8.77935589
v 1.99788112 2.50000000 8.77937054
v 1.99790299 2.50000000 8.77936286
v 1.99797247 2.50000000 8.77934276
v 1.99804377 2.50000000 8.77933059
v 1.99811599 2.50000000 8.77932652
v 4.20011755 2.50000000 8.77932652
v 4.20017005 2.50000000 8.77932867
v 4.20022220 2.50000000 8.77933510
v 4.20027365 2.50000000 8.77934577
v 4.20029547 2.50000000 8.77935124
v 4.20031112 2.50000000 8.77935201
v 7.20445436 2.50000000 8.77935201
v 7.20446943 2.50000000 8.77935126
v 7.20447011 2.50000000 8.77933620
v 7.20363505 2.50000000 8.55914359
v 7.20363426 2.50000000 8.55912860
v 7.20361926 2.50000000 8.55912786
v 7.18927153 2.50000000 8.55912786
v 7.18920856 2.50000000 8.55912477
v 7.18914620 2.50000000 8.55911552
v 7.18908505 2.50000000 8.55910020
v 7.18902569 2.50000000 8.55907896
v 7.18896870 2.50000000 8.55905200
v 7.18891462 2.50000000 8.55901959
v 7.18886398 2.50000000 8.55898204
v 7.18881727 2.50000000 8.55893970
v 7.18877493 2.50000000 8.55889299
v 7.18873738 2.50000000 8.55884235
v 7.18870496 2.50000000 8.55878827
v 7.18867801 2.50000000 8.55873128
v 7.18865677 2.50000000 8.55867192
v 7.18864145 2.50000000 8.55861077
v 7.18863220 2.50000000 8.55854840
v 7.18862911 2.50000000 8.55848543
v 7.18862911 2.50000000 6.41239422
v 7.18863220 2.50000000 6.41233125
v 7.18864145 2.50000000 6.41226889
v 7.18865677 2.50000000 6.41220773
v 7.18867801 2.50000000 6.41214837
v 7.18870496 2.50000000 6.41209138
v 7.18873738 2.50000000 6.41203730
v 7.18877493 2.50000000 6.41198667
v 7.18881727 2.50000000 6.41193995
v 7.18886398 2.50000000 6.41189761
v 7.18891462 2.50000000 6.41186006
v 7.18896870 2.50000000 6.41182765
v 7.18902569 2.50000000 6.41180069
v 7.18908505 2.50000000 6.41177945
v 7.18914620 2.50000000 6.41176413
v 7.18920856 2.50000000 6.41175488
v 7.18927153 2.50000000 6.41175179
v 7.19535951 2.50000000 6.41175179
v 7.19537455 2.50000000 6.41175105
v 7.19537528 2.50000000 6.41173602
v 7.19537528 2.50000000 6.39652570
v 7.19537838 2.50000000 6.39646273
v 7.19538763 2.50000000 6.39640037
v 7.19540295 2.50000000 6.39633922
v 7.19542419 2.50000000 6.39627986
v 7.19545114 2.50000000 6.39622287
v 7.19548355 2.50000000 6.39616879
v 7.19552111 2.50000000 6.39611815
v 7.19556345 2.50000000 6.39607144
v 7.19561016 2.50000000 6.39602910
v 7.19566080 2.50000000 6.39599155
v 7.19571487 2.50000000 6.39595913
v 7.19577186 2.50000000 6.39593218
v 7.19583122 2.50000000 6.39591094
v 7.19589238 2.50000000 6.39589562
v 7.19595474 2.50000000 6.39588637
v 7.19601771 2.50000000 6.39588328
v 8.50585683 2.50000000 6.39588328
v 8.50591996 2.50000000 6.39588639
v 8.50598248 2.50000000 6.39589569
v 8.50604379 2.50000000 6.39591108
v 8.50610328 2.50000000 6.39593243
v 8.50616039 2.50000000 6.39595952
v 8.50621456 2.50000000 6.39599209
v 8.50626526 2.50000000 6.39602983
v 8.50631202 2.50000000 6.39607237
v 8.50635436 2.50000000 6.39611929
v 8.50639189 2.50000000 6.39617015
v 8.50642424 2.50000000 6.39622445
v 8.50645110 2.50000000 6.39628167
v 8.50647221 2.50000000 6.39634125
v 8.50648735 2.50000000 6.39640262
v 8.50649640 2.50000000 6.39646518
v 8.50649925 2.50000000 6.39652832
v 8.50643725 2.50000000 6.41173598
v 8.50643793 2.50000000 6.41175105
v 8.50645299 2.50000000 6.41175179
v 8.51440343 2.50000000 6.41175179
v 8.51446640 2.50000000 6.41175488
v 8.51452877 2.50000000 6.41176413
v 8.51458992 2.50000000 6.41177945
v 8.51464928 2.50000000 6.41180069
v 8.51470627 2.50000000 6.41182765
v 8.51476035 2.50000000 6.41186006
v 8.51481098 2.50000000 6.41189761
v 8.51485770 2.50000000 6.41193995
v 8.51490004 2.50000000 6.41198667
v 8.51493759 2.50000000 6.41203730
v 8.51497000 2.50000000 6.41209138
v 8.51499696 2.50000000 6.41214837
v 8.51501820 2.50000000 6.41220773
v 8.51503352 2.50000000 6.41226889
v 8.51504277 2.50000000 6.41233125
v 8.51504586 2.50000000 6.41239422
v 8.51504586 2.50000000 8.55848543
v 8.51504277 2.50000000 8.55854840
v 8.51503352 2.50000000 8.55861077
v 8.51501820 2.50000000 8.55867192
v 8.51499696 2.50000000 8.55873128
v 8.51497000 2.50000000 8.55878827
v 8.51493759 2.50000000 8.55884235
v 8.51490004 2.50000000 8.55889299
v 8.51485770 2.50000000 8.55893970
v 8.51481098 2.50000000 8.55898204
v 8.51476035 2.50000000 8.55901959
v 8.51470627 2.50000000 8.55905200
v 8.51464928 2.50000000 8.55907896
v 8.51458992 2.50000000 8.55910020
v 8.51452877 2.50000000 8.55911552
v 8.51446640 2.50000000 8.55912477
v 8.51440343 2.50000000 8.55912786
v 8.49830104 2.50000000 8.55912786
v 8.49828604 2.50000000 8.55912860
v 8.49828525 2.50000000 8.55914359
v 8.49745018 2.50000000 8.77933620
v 8.49745087 2.50000000 8.77935126
v 8.49746593 2.50000000 8.77935201
v 10.84697490 2.50000000 8.77935201
v 10.84703786 2.50000000 8.77935510
v 10.84710023 2.50000000 8.77936435
v 10.84716138 2.50000000 8.77937967
v 10.84722074 2.50000000 8.77940091
v 10.84727773 2.50000000 8.77942786
v 10.84733181 2.50000000 8.77946027
v 10.84738245 2.50000000 8.77949783
v 10.84742916 2.50000000 8.77954017
v 10.84747150 2.50000000 8.77958688
v 10.84750905 2.50000000 8.77963752
v 10.84754146 2.50000000 8.77969159
v 10.84756842 2.50000000 8.77974859
v 10.84758966 2.50000000 8.77980794
v 10.84760498 2.50000000 8.77986910
v 10.84761423 2.50000000 8.77993146
v 10.84761732 2.50000000 8.77999443
v 10.84761732 2.50000000 12.68301474
v 10.84761423 2.50000000 12.68307770
v 10.84760498 2.50000000 12.68314007
v 10.84758966 2.50000000 12.68320122
v 10.84756842 2.50000000 12.68326058
v 10.84754146 2.50000000 12.68331757
v 10.84750905 2.50000000 12.68337165
v 10.84747150 2.50000000 12.68342229
v 10.84742916 2.50000000 12.68346900
v 10.84738245 2.50000000 12.68351134
v 10.84733181 2.50000000 12.68354889
v 10.84727773 2.50000000 12.68358130
v 10.84722074 2.50000000 12.68360826
v 10.84716138 2.50000000 12.68362950
v 10.84710023 2.50000000 12.68364482
v 10.84703786 2.50000000 12.68365407
v 10.84697490 2.50000000 12.68365716
v 10.83761087 2.50000000 12.68365716
v 10.83759584 2.50000000 12.68365790
v 10.83759510 2.50000000 12.68367293
v 10.83753041 2.50000000 12.83385110
v 10.83753070 2.50000000 12.83386301
v 10.83746571 2.50000000 13.05401257
v 10.83746645 2.50000000 13.05402760
v 10.83748148 2.50000000 13.05402834
v 11.15802174 2.50000000 13.05402834
v 11.15803678 2.50000000 13.05402760
v 11.15803752 2.50000000 13.05401257
v 11.15803752 2.50000000 12.90390884
v 11.15803678 2.50000000 12.90389381
v 11.15802174 2.50000000 12.90389307
v 10.98843554 2.50000000 12.90389307
v 10.98837257 2.50000000 12.90388998
v 10.98831020 2.50000000 12.90388072
v 10.98824905 2.50000000 12.90386541
v 10.98818969 2.50000000 12.90384417
v 10.98813270 2.50000000 12.90381721
v 10.98807862 2.50000000 12.90378480
v 10.98802799 2.50000000 12.90374725
v 10.98798127 2.50000000 12.90370491
v 10.98793893 2.50000000 12.90365819
v 10.98790138 2.50000000 12.90360756
v 10.98786897 2.50000000 12.90355348
v 10.98784201 2.50000000 12.90349649
v 10.98782077 2.50000000 12.90343713
v 10.98780545 2.50000000 12.90337597
v 10.98779620 2.50000000 12.90331361
v 10.98779311 2.50000000 12.90325064
v 10.98779311 2.50000000 12.83451132
v 10.98779620 2.50000000 12.83444835
v 10.98780545 2.50000000 12.83438599
v 10.98782077 2.50000000 12.83432483
v 10.98784201 2.50000000 12.83426547
v 10.98786897 2.50000000 12.83420848
v 10.98790138 2.50000000 12.83415441
v 10.98793893 2.50000000 12.83410377
v 10.98798127 2.50000000 12.83405705
v 10.98802799 2.50000000 12.83401472
v 10.98807862 2.50000000 12.83397716
v 10.98813270 2.50000000 12.83394475
v 10.98818969 2.50000000 12.83391779
v 10.98824905 2.50000000 12.83389655
v 10.98831020 2.50000000 12.83388124
v 10.98837257 2.50000000 12.83387199
v 10.98843554 2.50000000 12.83386889
v 11.06782570 2.50000000 12.83386889
v 11.06784073 2.50000000 12.83386815
v 11.06784147 2.50000000 12.83385312
v 11.06784147 2.50000000 6.00637547
v 11.06784073 2.50000000 6.00636044
v 11.06782570 2.50000000 6.00635970
v 10.84763309 2.50000000 6.00635970
v 10.84761806 2.50000000 6.00636044
v 10.84761732 2.50000000 6.00637547
v 10.84761732 2.50000000 6.63638775
v 10.84761423 2.50000000 6.63645072
v 10.84760498 2.50000000 6.63651308
v 10.84758966 2.50000000 6.63657424
v 10.84756842 2.50000000 6.63663360
v 10.84754146 2.50000000 6.63669059
v 10.84750905 2.50000000 6.63674466
v 10.84747150 2.50000000 6.63679530
v 10.84742916 2.50000000 6.63684201
v 10.84738245 2.50000000 6.63688435
v 10.84733181 2.50000000 6.63692191
v 10.84727773 2.50000000 6.63695432
v 10.84722074 2.50000000 6.63698127
v 10.84716138 2.50000000 6.63700251
v 10.84710023 2.50000000 6.63701783
v 10.84703786 2.50000000 6.63702708
v 10.84697490 2.50000000 6.63703018
v 10.74778363 2.50000000 6.63703018
v 10.74778363 2.50000000 6.78716349
v 10.84697490 2.50000000 6.78716349
v 10.84703786 2.50000000 6.78716658
v 10.84710023 2.50000000 6.78717583
v 10.84716138 2.50000000 6.78719115
v 10.84722074 2.50000000 6.78721239
v 10.84727773 2.50000000 6.78723934
v 10.84733181 2.50000000 6.78727175
v 10.84738245 2.50000000 6.78730931
v 10.84742916 2.50000000 6.78735165
v 10.84747150 2.50000000 6.78739836
v 10.84750905 2.50000000 6.78744900
v 10.84754146 2.50000000 6.78750307
v 10.84756842 2.50000000 6.78756007
v 10.84758966 2.50000000 6.78761943
v 10.84760498 2.50000000 6.78768058
v 10.84761423 2.50000000 6.78774294
v 10.84761732 2.50000000 6.78780591
v 10.84761732 2.50000000 8.55848543
v 10.84761423 2.50000000 8.55854840
v 10.84760498 2.50000000 8.55861077
v 10.84758966 2.50000000 8.55867192
v 10.84756842 2.50000000 8.55873128
v 10.84754146 2.50000000 8.55878827
v 10.84750905 2.50000000 8.55884235
v 10.84747150 2.50000000 8.55889299
v 10.84742916 2.50000000 8.55893970
v 10.84738245 2.50000000 8.55898204
v 10.84733181 2.50000000 8.55901959
v 10.84727773 2.50000000 8.55905200
v 10.84722074 2.50000000 8.55907896
v 10.84716138 2.50000000 8.55910020
v 10.84710023 2.50000000 8.55911552
v 10.84703786 2.50000000 8.55912477
v 10.84697490 2.50000000 8.55912786
v 8.73591243 2.50000000 8.55912786
v 8.73584946 2.50000000 8.55912477
v 8.73578710 2.50000000 8.55911552
v 8.73572594 2.50000000 8.55910020
v 8.73566658 2.50000000 8.55907896
v 8.73560959 2.50000000 8.55905200
v 8.73555552 2.50000000 8.55901959
v 8.73550488 2.50000000 8.55898204
v 8.73545817 2.50000000 8.55893970
v 8.73541583 2.50000000 8.55889299
v 8.73537827 2.50000000 8.55884235
v 8.73534586 2.50000000 8.55878827
v 8.73531891 2.50000000 8.55873128
v 8.73529767 2.50000000 8.55867192
v 8.73528235 2.50000000 8.55861077
v 8.73527310 2.50000000 8.55854840
v 8.73527000 2.50000000 8.55848543
v 8.73527000 2.50000000 6.78780591
v 8.73527310 2.50000000 6.78774294
v 8.73528235 2.50000000 6.78768058
v 8.73529767 2.50000000 6.78761943
v 8.73531891 2.50000000 6.78756007
v 8.73534586 2.50000000 6.78750307
v 8.73537827 2.50000000 6.78744900
v 8.73541583 2.50000000 6.78739836
v 8.73545817 2.50000000 6.78735165
v 8.73550488 2.50000000 6.78730931
v 8.73555552 2.50000000 6.78727175
v 8.73560959 2.50000000 6.78723934
v 8.73566658 2.50000000 6.78721239
v 8.73572594 2.50000000 6.78719115
v 8.73578710 2.50000000 6.78717583
v 8.73584946 2.50000000 6.78716658
v 8.73591243 2.50000000 6.78716349
v 9.86637543 2.50000000 6.78716349
v 9.86637543 2.50000000 6.63703018
v 8.73591243 2.50000000 6.63703018
v 8.73584946 2.50000000 6.63702708
v 8.73578710 2.50000000 6.63701783
v 8.73572594 2.50000000 6.63700251
v 8.73566658 2.50000000 6.63698127
v 8.73560959 2.50000000 6.63695432
v 8.73555552 2.50000000 6.63692191
v 8.73550488 2.50000000 6.63688435
v 8.73545817 2.50000000 6.63684201
v 8.73541583 2.50000000 6.63679530
v 8.73537827 2.50000000 6.63674466
v 8.73534586 2.50000000 6.63669059
v 8.73531891 2.50000000 6.63663360
v 8.73529767 2.50000000 6.63657424
v 8.73528235 2.50000000 6.63651308
v 8.73527310 2.50000000 6.63645072
v 8.73527000 2.50000000 6.63638775
v 8.73527000 2.50000000 6.19154818
v 8.73526912 2.50000000 6.19152838
v 8.73525423 2.50000000 6.19152765
v 6.99409019 2.50000000 6.19152765
v 6.99402722 2.50000000 6.19152455
v 6.99396486 2.50000000 6.19151530
v 6.99390371 2.50000000 6.19149998
v 6.99384435 2.50000000 6.19147874
v 6.99378735 2.50000000 6.19145179
v 6.99373328 2.50000000 6.19141938
v 6.99368264 2.50000000 6.19138182
v 6.99363593 2.50000000 6.19133948
v 6.99359359 2.50000000 6.19129277
v 6.99355603 2.50000000 6.19124213
v 6.99352362 2.50000000 6.19118806
v 6.99349667 2.50000000 6.19113107
v 6.99347543 2.50000000 6.19107171
v 6.99346011 2.50000000 6.19101055
v 6.99345086 2.50000000 6.19094819
v 6.99344777 2.50000000 6.19088522
v 6.99344777 2.50000000 6.18219098
v 6.99345086 2.50000000 6.18212802
v 6.99346011 2.50000000 6.18206565
v 6.99347543 2.50000000 6.18200450
v 6.99349667 2.50000000 6.18194514
v 6.99352362 2.50000000 6.18188815
v 6.99355603 2.50000000 6.18183407
v 6.99359359 2.50000000 6.18178343
v 6.99363593 2.50000000 6.18173672
v 6.99368264 2.50000000 6.18169438
v 6.99373328 2.50000000 6.18165683
v 6.99378735 2.50000000 6.18162442
v 6.99384435 2.50000000 6.18159746
v 6.99390371 2.50000000 6.18157622
v 6.99396486 2.50000000 6.18156090
v 6.99402722 2.50000000 6.18155165
v 6.99409019 2.50000000 6.18154856
v 8.73524051 2.50000000 6.18154856
v 8.73525554 2.50000000 6.18154782
v 8.73525628 2.50000000 6.18153279
v 8.73525628 2.50000000 6.00637547
v 8.73525554 2.50000000 6.00636044
v 8.73524051 2.50000000 6.00635970
v 5.75197489 2.50000000 6.00635970
v 5.75195986 2.50000000 6.00636044
v 5.75195912 2.50000000 6.00637547
v 5.75195912 2.50000000 6.18153279
v 5.75195986 2.50000000 6.18154782
v 5.75197489 2.50000000 6.18154856
v 6.96768608 2.50000000 6.18154856
v 6.96774905 2.50000000 6.18155165
v 6.96781141 2.50000000 6.18156090
v 6.96787256 2.50000000 6.18157622
v 6.96793192 2.50000000 6.18159746
v 6.96798891 2.50000000 6.18162442
v 6.96804299 2.50000000 6.18165683
v 6.96809363 2.50000000 6.18169438
v 6.96814034 2.50000000 6.18173672
v 6.96818268 2.50000000 6.18178343
v 6.96822023 2.50000000 6.18183407
v 6.96825265 2.50000000 6.18188815
v 6.96827960 2.50000000 6.18194514
v 6.96830084 2.50000000 6.18200450
v 6.96831616 2.50000000 6.18206565
v 6.96832541 2.50000000 6.18212802
v 6.96832850 2.50000000 6.18219098
v 6.96832850 2.50000000 8.55848543
v 6.96832541 2.50000000 8.55854840
v 6.96831616 2.50000000 8.55861077
v 6.96830084 2.50000000 8.55867192
v 6.96827960 2.50000000 8.55873128
v 6.96825265 2.50000000 8.55878827
v 6.96822023 2.50000000 8.55884235
v 6.96818268 2.50000000 8.55889299
v 6.96814034 2.50000000 8.55893970
v 6.96809363 2.50000000 8.55898204
v 6.96804299 2.50000000 8.55901959
v 6.96798891 2.50000000 8.55905200
v 6.96793192 2.50000000 8.55907896
v 6.96787256 2.50000000 8.55910020
v 6.96781141 2.50000000 8.55911552
v 6.96774905 2.50000000 8.55912477
v 6.96768608 2.50000000 8.55912786
v 4.77148866 2.50000000 8.55912786
v 4.77142570 2.50000000 8.55912477
v 4.77136333 2.50000000 8.55911552
v 4.77130218 2.50000000 8.55910020
v 4.77124282 2.50000000 8.55907896
v 4.77118583 2.50000000 8.55905200
v 4.77113175 2.50000000 8.55901959
v 4.77108111 2.50000000 8.55898204
v 4.77103440 2.50000000 8.55893970
v 4.77099206 2.50000000 8.55889299
v 4.77095451 2.50000000 8.55884235
v 4.77092210 2.50000000 8.55878827
v 4.77089514 2.50000000 8.55873128
v 4.77087390 2.50000000 8.55867192
v 4.77085858 2.50000000 8.55861077
v 4.77084933 2.50000000 8.55854840
v 4.77084624 2.50000000 8.55848543
v 4.77084624 2.50000000 6.18219098
v 4.77084933 2.50000000 6.18212802
v 4.77085858 2.50000000 6.18206565
v 4.77087390 2.50000000 6.18200450
v 4.77089514 2.50000000 6.18194514
v 4.77092210 2.50000000 6.18188815
v 4.77095451 2.50000000 6.18183407
v 4.77099206 2.50000000 6.18178343
v 4.77103440 2.50000000 6.18173672
v 4.77108111 2.50000000 6.18169438
v 4.77113175 2.50000000 6.18165683
v 4.77118583 2.50000000 6.18162442
v 4.77124282 2.50000000 6.18159746
v 4.77130218 2.50000000 6.18157622
v 4.77136333 2.50000000 6.18156090
v 4.77142570 2.50000000 6.18155165
v 4.77148866 2.50000000 6.18154856
v 4.87111343 2.50000000 6.18154856
v 4.87112847 2.50000000 6.18154782
v 4.87112920 2.50000000 6.18153279
v 4.87112920 2.50000000 6.18142105
v 4.87087241 2.50000000 6.18142105
v 4.87087241 2.50000000 6.00635970
v 4.20098875 2.50000000 6.00635970
v 4.20092579 2.50000000 6.00635661
v 4.20086342 2.50000000 6.00634736
v 4.20080227 2.50000000 6.00633204
v 4.20074291 2.50000000 6.00631080
v 4.20068592 2.50000000 6.00628384
v 4.20063184 2.50000000 6.00625143
v 4.20058120 2.50000000 6.00621388
v 4.20053449 2.50000000 6.00617154
v 4.20049215 2.50000000 6.00612483
v 4.20045460 2.50000000 6.00607419
v 4.20042218 2.50000000 6.00602011
v 4.20039523 2.50000000 6.00596312
v 4.20037399 2.50000000 6.00590376
v 4.20035867 2.50000000 6.00584261
v 4.20034942 2.50000000 6.00578024
v 4.20034633 2.50000000 6.00571728
v 4.20034633 2.50000000 5.95626634
v 4.20034556 2.50000000 5.95625080
v 4.20033578 2.50000000 5.95623447
v 4.20030833 2.50000000 5.95618362
v 4.20028556 2.50000000 5.95613050
v 4.20026765 2.50000000 5.95607554
v 4.20025476 2.50000000 5.95601921
v 4.20024698 2.50000000 5.95596194
v 4.20024438 2.50000000 5.95590420
v 4.20024438 2.50000000 5.86619772
v 4.20024364 2.50000000 5.86618269
v 4.20022861 2.50000000 5.86618195
v 3.95007326 2.50000000 5.86618195
v 3.95005823 2.50000000 5.86618269
v 3.95005749 2.50000000 5.86619772
v 3.95005749 2.50000000 6.00603880
v 3.95027624 2.50000000 6.00603880
v 3.95027624 2.50000000 6.18656045
v 3.95005749 2.50000000 6.18656045
v 3.95005749 2.50000000 8.18810249
v 3.95005439 2.50000000 8.18816546
v 3.95004514 2.50000000 8.18822782
v 3.95002982 2.50000000 8.18828898
v 3.95000859 2.50000000 8.18834834
v 3.94998163 2.50000000 8.18840533
v 3.94994922 2.50000000 8.18845941
v 3.94991166 2.50000000 8.18851004
v 3.94986933 2.50000000 8.18855676
v 3.94982261 2.50000000 8.18859910
v 3.94977197 2.50000000 8.18863665
v 3.94971790 2.50000000 8.18866906
v 3.94966091 2.50000000 8.18869602
v 3.94960155 2.50000000 8.18871726
v 3.94954039 2.50000000 8.18873258
v 3.94947803 2.50000000 8.18874183
v 3.94941506 2.50000000 8.18874492
v 2.24881167 2.50000000 8.18874492
v 2.24874870 2.50000000 8.18874183
v 2.24868634 2.50000000 8.18873258
v 2.24862518 2.50000000 8.18871726
v 2.24856582 2.50000000 8.18869602
v 2.24850883 2.50000000 8.18866906
v 2.24845476 2.50000000 8.18863665
v 2.24840412 2.50000000 8.18859910
v 2.24835741 2.50000000 8.18855676
v 2.24831507 2.50000000 8.18851004
v 2.24827751 2.50000000 8.18845941
v 2.24824510 2.50000000 8.18840533
v 2.24821815 2.50000000 8.18834834
v 2.24819691 2.50000000 8.18828898
v 2.24818159 2.50000000 8.18822782
v 2.24817234 2.50000000 8.18816546
v 2.24816924 2.50000000 8.18810249
v 2.24816924 2.50000000 6.18711191
v 2.24817234 2.50000000 6.18704894
v 2.24818159 2.50000000 6.18698658
v 2.24819691 2.50000000 6.18692542
v 2.24821815 2.50000000 6.18686606
v 2.24824510 2.50000000 6.18680907
v 2.24827751 2.50000000 6.18675500
v 2.24831507 2.50000000 6.18670436
v 2.24835741 2.50000000 6.18665765
v 2.24840412 2.50000000 6.18661531
v 2.24845476 2.50000000 6.18657775
v 2.24850883 2.50000000 6.18654534
v 2.24856582 2.50000000 6.18651839
v 2.24862518 2.50000000 6.18649715
v 2.24868634 2.50000000 6.18648183
v 2.24874870 2.50000000 6.18647258
v 2.24881167 2.50000000 6.18646948
v 2.34806630 2.50000000 6.18646948
v 2.34806630 2.50000000 6.00633421
v 2.24843605 2.50000000 6.00633421
v 2.24836525 2.50000000 6.00633030
v 2.24829531 2.50000000 6.00631861
v 2.24822709 2.50000000 6.00629928
v 2.24817903 2.50000000 6.00627972
v 2.24816924 2.50000000 6.00627622
v 2.24816303 2.50000000 6.00627844
v 2.24812484 2.50000000 6.00629449
v 2.24807078 2.50000000 6.00631177
v 2.24801540 2.50000000 6.00632421
v 2.24795914 2.50000000 6.00633171
v 2.24790243 2.50000000 6.00633421
v 1.90800463 2.50000000 6.00633421
v 1.90800463 2.50000000 6.25465759
v 1.90785688 2.50000000 6.25465759
v 1.90785688 2.50000000 6.25473302
v 4.62076332 2.50000000 8.55861077
v 4.62074800 2.50000000 8.55867192
v 4.62072676 2.50000000 8.55873128
v 4.62069981 2.50000000 8.55878827
v 4.62066740 2.50000000 8.55884235
v 4.62062984 2.50000000 8.55889299
v 4.62058750 2.50000000 8.55893970
v 4.62054079 2.50000000 8.55898204
v 4.62049015 2.50000000 8.55901959
v 4.62043608 2.50000000 8.55905200
v 4.62037909 2.50000000 8.55907896
v 4.62031973 2.50000000 8.55910020
v 4.62025857 2.50000000 8.55911552
v 4.62019621 2.50000000 8.55912477
v 4.62013324 2.50000000 8.55912786
v 4.20098875 2.50000000 8.55912786
v 4.20092579 2.50000000 8.55912477
v 4.20086342 2.50000000 8.55911552
v 4.20080227 2.50000000 8.55910020
v 4.20074291 2.50000000 8.55907896
v 4.20068592 2.50000000 8.55905200
v 4.20063184 2.50000000 8.55901959
v 4.20058120 2.50000000 8.55898204
v 4.20053449 2.50000000 8.55893970
v 4.20049215 2.50000000 8.55889299
v 4.20045460 2.50000000 8.55884235
v 4.20042218 2.50000000 8.55878827
v 4.20039523 2.50000000 8.55873128
v 4.20037399 2.50000000 8.55867192
v 4.20035867 2.50000000 8.55861077
v 4.20034942 2.50000000 8.55854840
v 4.20034633 2.50000000 8.55848543
v 4.20034633 2.50000000 6.18219098
v 4.20034942 2.50000000 6.18212802
v 4.20035867 2.50000000 6.18206565
v 4.20037399 2.50000000 6.18200450
v 4.20039523 2.50000000 6.18194514
v 4.20042218 2.50000000 6.18188815
v 4.20045460 2.50000000 6.18183407
v 4.20049215 2.50000000 6.18178343
v 4.20053449 2.50000000 6.18173672
v 4.20058120 2.50000000 6.18169438
v 4.20063184 2.50000000 6.18165683
v 4.20068592 2.50000000 6.18162442
v 4.20074291 2.50000000 6.18159746
v 4.20080227 2.50000000 6.18157622
v 4.20086342 2.50000000 6.18156090
v 4.20092579 2.50000000 6.18155165
v 4.20098875 2.50000000 6.18154856
v 4.62013324 2.50000000 6.18154856
v 4.62019621 2.50000000 6.18155165
v 4.62025857 2.50000000 6.18156090
v 4.62031973 2.50000000 6.18157622
v 4.62037909 2.50000000 6.18159746
v 4.62043608 2.50000000 6.18162442
v 4.62049015 2.50000000 6.18165683
v 4.62054079 2.50000000 6.18169438
v 4.62058750 2.50000000 6.18173672
v 4.62062984 2.50000000 6.18178343
v 4.62066740 2.50000000 6.18183407
v 4.62069981 2.50000000 6.18188815
v 4.62072676 2.50000000 6.18194514
v 4.62074800 2.50000000 6.18200450
v 4.62076332 2.50000000 6.18206565
v 4.62077257 2.50000000 6.18212802
v 4.62077567 2.50000000 6.18219098
v 4.62077567 2.50000000 8.55848543
v 4.62077257 2.50000000 8.55854840
v 9.67632734 0.00000000 4.80495789
v 9.67632808 0.00000000 4.80497292
v 9.67634311 0.00000000 4.80497366
v 11.06760073 0.00000000 4.80497366
v 11.06765594 0.00000000 4.80497603
v 11.06771073 0.00000000 4.80498315
v 11.06776471 0.00000000 4.80499494
v 11.06781165 0.00000000 4.80500952
v 11.06781346 0.00000000 4.80500997
v 11.06781737 0.00000000 4.80499437
v 11.06781988 0.00000000 4.80498176
v 11.06782108 0.00000000 4.80497366
v 11.06782094 0.00000000 4.80497274
v 11.06781402 0.00000000 4.80487867
v 11.06781402 0.00000000 0.37027843
v 11.06781617 0.00000000 0.37022593
v 11.06782260 0.00000000 0.37017378
v 11.06783327 0.00000000 0.37012233
v 11.06783874 0.00000000 0.37010051
v 11.06783951 0.00000000 0.37008485
v 11.06783951 0.00000000 0.37003726
v 11.06771168 0.00000000 0.37003726
v 11.06771168 0.00000000 0.21996535
v 10.91802647 0.00000000 0.21996535
v 10.91802647 0.00000000 0.37003726
v 10.91775588 0.00000000 0.37003726
v 10.91774968 0.00000000 0.37006716
v 10.91774422 0.00000000 0.37008898
v 10.91774345 0.00000000 0.37010463
v 10.91774345 0.00000000 4.65413127
v 10.91774035 0.00000000 4.65419423
v 10.91773110 0.00000000 4.65425660
v 10.91771578 0.00000000 4.65431775
v 10.91769454 0.00000000 4.65437711
v 10.91766759 0.00000000 4.65443410
v 10.91763518 0.00000000 4.65448818
v 10.91759762 0.00000000 4.65453882
v 10.91755528 0.00000000 4.65458553
v 10.91750857 0.00000000 4.65462787
v 10.91745793 0.00000000 4.65466542
v 10.91740386 0.00000000 4.65469783
v 10.91734687 0.00000000 4.65472479
v 10.91728751 0.00000000 4.65474603
v 10.91722635 0.00000000 4.65476135
v 10.91716399 0.00000000 4.65477060
v 10.91710102 0.00000000 4.65477369
v 9.67634311 0.00000000 4.65477369
v 9.67632808 0.00000000 4.65477443
v 9.67632734 0.00000000 4.65478946
v 9.67632734 2.50000000 4.80495789
v 9.67632808 2.50000000 4.80497292
v 9.67634311 2.50000000 4.80497366
v 11.06760073 2.50000000 4.80497366
v 11.06765594 2.50000000 4.80497603
v 11.06771073 2.50000000 4.80498315
v 11.06776471 2.50000000 4.80499494
v 11.06781165 2.50000000 4.80500952
v 11.06781346 2.50000000 4.80500997
v 11.06781737 2.50000000 4.80499437
v 11.06781988 2.50000000 4.80498176
v 11.06782108 2.50000000 4.80497366
v 11.06782094 2.50000000 4.80497274
v 11.06781402 2.50000000 4.80487867
v 11.06781402 2.50000000 0.37027843
v 11.06781617 2.50000000 0.37022593
v 11.06782260 2.50000000 0.37017378
v 11.06783327 2.50000000 0.37012233
v 11.06783874 2.50000000 0.37010051
v 11.06783951 2.50000000 0.37008485
v 11.06783951 2.50000000 0.37003726
v 11.06771168 2.50000000 0.37003726
v 11.06771168 2.50000000 0.21996535
v 10.91802647 2.50000000 0.21996535
v 10.91802647 2.50000000 0.37003726
v 10.91775588 2.50000000 0.37003726
v 10.91774968 2.50000000 0.37006716
v 10.91774422 2.50000000 0.37008898
v 10.91774345 2.50000000 0.37010463
v 10.91774345 2.50000000 4.65413127
v 10.91774035 2.50000000 4.65419423
v 10.91773110 2.50000000 4.65425660
v 10.91771578 2.50000000 4.65431775
v 10.91769454 2.50000000 4.65437711
v 10.91766759 2.50000000 4.65443410
v 10.91763518 2.50000000 4.65448818
v 10.91759762 2.50000000 4.65453882
v 10.91755528 2.50000000 4.65458553
v 10.91750857 2.50000000 4.65462787
v 10.91745793 2.50000000 4.65466542
v 10.91740386 2.50000000 4.65469783
v 10.91734687 2.50000000 4.65472479
v 10.91728751 2.50000000 4.65474603
v 10.91722635 2.50000000 4.65476135
v 10.91716399 2.50000000 4.65477060
v 10.91710102 2.50000000 4.65477369
v 9.67634311 2.50000000 4.65477369
v 9.67632808 2.50000000 4.65477443
v 9.67632734 2.50000000 4.65478946
v 5.75195912 0.00000000 4.80494416
v 5.75195986 0.00000000 4.80495920
v 5.75197489 0.00000000 4.80495993
v 8.79537186 0.00000000 4.80495993
v 8.79538690 0.00000000 4.80495920
v 8.79538763 0.00000000 4.80494416
v 8.79538763 0.00000000 4.65477574
v 8.79538690 0.00000000 4.65476071
v 8.79537186 0.00000000 4.65475997
v 8.09520797 0.00000000 4.65475997
v 8.09514501 0.00000000 4.65475687
v 8.09508264 0.00000000 4.65474762
v 8.09502149 0.00000000 4.65473230
v 8.09496213 0.00000000 4.65471107
v 8.09490514 0.00000000 4.65468411
v 8.09485106 0.00000000 4.65465170
v 8.09480042 0.00000000 4.65461414
v 8.09475371 0.00000000 4.65457181
v 8.09471137 0.00000000 4.65452509
v 8.09467382 0.00000000 4.65447445
v 8.09464141 0.00000000 4.65442038
v 8.09461445 0.00000000 4.65436339
v 8.09459321 0.00000000 4.65430403
v 8.09457789 0.00000000 4.65424287
v 8.09456864 0.00000000 4.65418051
v 8.09456555 0.00000000 4.65411754
v 8.09456555 0.00000000 0.37071168
v 8.09456864 0.00000000 0.37064871
v 8.09457789 0.00000000 0.37058635
v 8.09459321 0.00000000 0.37052520
v 8.09461445 0.00000000 0.37046584
v 8.09464141 0.00000000 0.37040884
v 8.09467382 0.00000000 0.37035477
v 8.09471137 0.00000000 0.37030413
v 8.09475371 0.00000000 0.37025742
v 8.09480042 0.00000000 0.37021508
v 8.09485106 0.00000000 0.37017752
v 8.09490514 0.00000000 0.37014511
v 8.09496213 0.00000000 0.37011816
v 8.09502149 0.00000000 0.37009692
v 8.09508264 0.00000000 0.37008160
v 8.09514501 0.00000000 0.37007235
v 8.09520797 0.00000000 0.37006926
v 8.94547380 0.00000000 0.37006926
v 8.94548884 0.00000000 0.37006852
v 8.94548957 0.00000000 0.37005349
v 8.94548957 0.00000000 0.22008298
v 8.94549204 0.00000000 0.22002680
v 8.94549940 0.00000000 0.21997105
v 8.94550678 0.00000000 0.21993787
v 8.94550837 0.00000000 0.21992837
v 8.94549747 0.00000000 0.21991785
v 8.86674848 0.00000000 0.15096499
v 8.86670370 0.00000000 0.15092178
v 8.86666332 0.00000000 0.15087444
v 8.86662770 0.00000000 0.15082341
v 8.86659719 0.00000000 0.15076918
v 8.86657207 0.00000000 0.15071225
v 8.86655257 0.00000000 0.15065316
v 8.86653888 0.00000000 0.15059246
v 8.86653113 0.00000000 0.15053072
v 8.86652939 0.00000000 0.15046852
v 8.86653367 0.00000000 0.15040644
v 8.86654394 0.00000000 0.15034507
v 8.86656010 0.00000000 0.15028498
v 8.86658200 0.00000000 0.15022674
v 8.86660943 0.00000000 0.15017088
v 8.86664213 0.00000000 0.15011795
v 8.86667980 0.00000000 0.15006842
v 8.86672209 0.00000000 0.15002277
v 8.86676859 0.00000000 0.14998143
v 8.86681888 0.00000000 0.14994478
v 8.86687247 0.00000000 0.14991316
v 8.86692887 0.00000000 0.14988688
v 8.86698755 0.00000000 0.14986618
v 8.86704796 0.00000000 0.14985126
v 8.86710953 0.00000000 0.14984224
v 8.86717168 0.00000000 0.14983923
v 9.03562476 0.00000000 0.14983923
v 9.03563979 0.00000000 0.14983849
v 9.03564053 0.00000000 0.14982346
v 9.03564053 0.00000000 -0.00028027
v 9.03563979 0.00000000 -0.00029530
v 9.03562476 0.00000000 -0.00029604
v 7.85442841 0.00000000 -0.00029604
v 7.85441338 0.00000000 -0.00029530
v 7.85441264 0.00000000 -0.00028027
v 7.85441264 0.00000000 0.14982346
v 7.85441338 0.00000000 0.14983849
v 7.85442841 0.00000000 0.14983923
v 8.02394796 0.00000000 0.14983923
v 8.02401093 0.00000000 0.14984232
v 8.02407329 0.00000000 0.14985157
v 8.02413445 0.00000000 0.14986689
v 8.02419380 0.00000000 0.14988813
v 8.02425080 0.00000000 0.14991509
v 8.02430487 0.00000000 0.14994750
v 8.02435551 0.00000000 0.14998505
v 8.02440222 0.00000000 0.15002739
v 8.02444456 0.00000000 0.15007411
v 8.02448212 0.00000000 0.15012474
v 8.02451453 0.00000000 0.15017882
v 8.02454148 0.00000000 0.15023581
v 8.02456272 0.00000000 0.15029517
v 8.02457804 0.00000000 0.15035633
v 8.02458729 0.00000000 0.15041869
v 8.02459038 0.00000000 0.15048166
v 8.02459038 0.00000000 0.21929156
v 8.02458729 0.00000000 0.21935453
v 8.02457804 0.00000000 0.21941689
v 8.02456272 0.00000000 0.21947805
v 8.02454148 0.00000000 0.21953741
v 8.02451453 0.00000000 0.21959440
v 8.02448212 0.00000000 0.21964847
v 8.02444456 0.00000000 0.21969911
v 8.02440222 0.00000000 0.21974582
v 8.02435551 0.00000000 0.21978816
v 8.02430487 0.00000000 0.21982572
v 8.02425080 0.00000000 0.21985813
v 8.02419380 0.00000000 0.21988508
v 8.02413445 0.00000000 0.21990632
v 8.02407329 0.00000000 0.21992164
v 8.02401093 0.00000000 0.21993089
v 8.02394796 0.00000000 0.21993399
v 7.94447742 0.00000000 0.21993399
v 7.94446239 0.00000000 0.21993472
v 7.94446165 0.00000000 0.21994976
v 7.94446165 0.00000000 0.36990378
v 7.94445744 0.00000000 0.36997720
v 7.94444486 0.00000000 0.37004966
v 7.94443801 0.00000000 0.37007294
v 7.94443105 0.00000000 0.37010074
v 7.94443028 0.00000000 0.37011640
v 7.94443028 0.00000000 4.65411754
v 7.94442718 0.00000000 4.65418051
v 7.94441793 0.00000000 4.65424287
v 7.94440262 0.00000000 4.65430403
v 7.94438138 0.00000000 4.65436339
v 7.94435442 0.00000000 4.65442038
v 7.94432201 0.00000000 4.65447445
v 7.94428445 0.00000000 4.65452509
v 7.94424212 0.00000000 4.65457181
v 7.94419540 0.00000000 4.65461414
v 7.94414476 0.00000000 4.65465170
v 7.94409069 0.00000000 4.65468411
v 7.94403370 0.00000000 4.65471107
v 7.94397434 0.00000000 4.65473230
v 7.94391318 0.00000000 4.65474762
v 7.94385082 0.00000000 4.65475687
v 7.94378785 0.00000000 4.65475997
v 5.75197489 0.00000000 4.65475997
v 5.75195986 0.00000000 4.65476071
v 5.75195912 0.00000000 4.65477574
v 5.75195912 2.50000000 4.80494416
v 5.75195986 2.50000000 4.80495920
v 5.75197489 2.50000000 4.80495993
v 8.79537186 2.50000000 4.80495993
v 8.79538690 2.50000000 4.80495920
v 8.79538763 2.50000000 4.80494416
v 8.79538763 2.50000000 4.65477574
v 8.79538690 2.50000000 4.65476071
v 8.79537186 2.50000000 4.65475997
v 8.09520797 2.50000000 4.65475997
v 8.09514501 2.50000000 4.65475687
v 8.09508264 2.50000000 4.65474762
v 8.09502149 2.50000000 4.65473230
v 8.09496213 2.50000000 4.65471107
v 8.09490514 2.50000000 4.65468411
v 8.09485106 2.50000000 4.65465170
v 8.09480042 2.50000000 4.65461414
v 8.09475371 2.50000000 4.65457181
v 8.09471137 2.50000000 4.65452509
v 8.09467382 2.50000000 4.65447445
v 8.09464141 2.50000000 4.65442038
v 8.09461445 2.50000000 4.65436339
v 8.09459321 2.50000000 4.65430403
v 8.09457789 2.50000000 4.65424287
v 8.09456864 2.50000000 4.65418051
v 8.09456555 2.50000000 4.65411754
v 8.09456555 2.50000000 0.37071168
v 8.09456864 2.50000000 0.37064871
v 8.09457789 2.50000000 0.37058635
v 8.09459321 2.50000000 0.37052520
v 8.09461445 2.50000000 0.37046584
v 8.09464141 2.50000000 0.37040884
v 8.09467382 2.50000000 0.37035477
v 8.09471137 2.50000000 0.37030413
v 8.09475371 2.50000000 0.37025742
v 8.09480042 2.50000000 0.37021508
v 8.09485106 2.50000000 0.37017752
v 8.09490514 2.50000000 0.37014511
v 8.09496213 2.50000000 0.37011816
v 8.09502149 2.50000000 0.37009692
v 8.09508264 2.50000000 0.37008160
v 8.09514501 2.50000000 0.37007235
v 8.09520797 2.50000000 0.37006926
v 8.94547380 2.50000000 0.37006926
v 8.94548884 2.50000000 0.37006852
v 8.94548957 2.50000000 0.37005349
v 8.94548957 2.50000000 0.22008298
v 8.94549204 2.50000000 0.22002680
v 8.94549940 2.50000000 0.21997105
v 8.94550678 2.50000000 0.21993787
v 8.94550837 2.50000000 0.21992837
v 8.94549747 2.50000000 0.21991785
v 8.86674848 2.50000000 0.15096499
v 8.86670370 2.50000000 0.15092178
v 8.86666332 2.50000000 0.15087444
v 8.86662770 2.50000000 0.15082341
v 8.86659719 2.50000000 0.15076918
v 8.86657207 2.50000000 0.15071225
v 8.86655257 2.50000000 0.15065316
v 8.86653888 2.50000000 0.15059246
v 8.86653113 2.50000000 0.15053072
v 8.86652939 2.50000000 0.15046852
v 8.86653367 2.50000000 0.15040644
v 8.86654394 2.50000000 0.15034507
v 8.86656010 2.50000000 0.15028498
v 8.86658200 2.50000000 0.15022674
v 8.86660943 2.50000000 0.15017088
v 8.86664213 2.50000000 0.15011795
v 8.86667980 2.50000000 0.15006842
v 8.86672209 2.50000000 0.15002277
v 8.86676859 2.50000000 0.14998143
v 8.86681888 2.50000000 0.14994478
v 8.86687247 2.50000000 0.14991316
v 8.86692887 2.50000000 0.14988688
v 8.86698755 2.50000000 0.14986618
v 8.86704796 2.50000000 0.14985126
v 8.86710953 2.50000000 0.14984224
v 8.86717168 2.50000000 0.14983923
v 9.03562476 2.50000000 0.14983923
v 9.03563979 2.50000000 0.14983849
v 9.03564053 2.50000000 0.14982346
v 9.03564053 2.50000000 -0.00028027
v 9.03563979 2.50000000 -0.00029530
v 9.03562476 2.50000000 -0.00029604
v 7.85442841 2.50000000 -0.00029604
v 7.85441338 2.50000000 -0.00029530
v 7.85441264 2.50000000 -0.00028027
v 7.85441264 2.50000000 0.14982346
v 7.85441338 2.50000000 0.14983849
v 7.85442841 2.50000000 0.14983923
v 8.02394796 2.50000000 0.14983923
v 8.02401093 2.50000000 0.14984232
v 8.02407329 2.50000000 0.14985157
v 8.02413445 2.50000000 0.14986689
v 8.02419380 2.50000000 0.14988813
v 8.02425080 2.50000000 0.14991509
v 8.02430487 2.50000000 0.14994750
v 8.02435551 2.50000000 0.14998505
v 8.02440222 2.50000000 0.15002739
v 8.02444456 2.50000000 0.15007411
v 8.02448212 2.50000000 0.15012474
v 8.02451453 2.50000000 0.15017882
v 8.02454148 2.50000000 0.15023581
v 8.02456272 2.50000000 0.15029517
v 8.02457804 2.50000000 0.15035633
v 8.02458729 2.50000000 0.15041869
v 8.02459038 2.50000000 0.15048166
v 8.02459038 2.50000000 0.21929156
v 8.02458729 2.50000000 0.21935453
v 8.02457804 2.50000000 0.21941689
v 8.02456272 2.50000000 0.21947805
v 8.02454148 2.50000000 0.21953741
v 8.02451453 2.50000000 0.21959440
v 8.02448212 2.50000000 0.21964847
v 8.02444456 2.50000000 0.21969911
v 8.02440222 2.50000000 0.21974582
v 8.02435551 2.50000000 0.21978816
v 8.02430487 2.50000000 0.21982572
v 8.02425080 2.50000000 0.21985813
v 8.02419380 2.50000000 0.21988508
v 8.02413445 2.50000000 0.21990632
v 8.02407329 2.50000000 0.21992164
v 8.02401093 2.50000000 0.21993089
v 8.02394796 2.50000000 0.21993399
v 7.94447742 2.50000000 0.21993399
v 7.94446239 2.50000000 0.21993472
v 7.94446165 2.50000000 0.21994976
v 7.94446165 2.50000000 0.36990378
v 7.94445744 2.50000000 0.36997720
v 7.94444486 2.50000000 0.37004966
v 7.94443801 2.50000000 0.37007294
v 7.94443105 2.50000000 0.37010074
v 7.94443028 2.50000000 0.37011640
v 7.94443028 2.50000000 4.65411754
v 7.94442718 2.50000000 4.65418051
v 7.94441793 2.50000000 4.65424287
v 7.94440262 2.50000000 4.65430403
v 7.94438138 2.50000000 4.65436339
v 7.94435442 2.50000000 4.65442038
v 7.94432201 2.50000000 4.65447445
v 7.94428445 2.50000000 4.65452509
v 7.94424212 2.50000000 4.65457181
v 7.94419540 2.50000000 4.65461414
v 7.94414476 2.50000000 4.65465170
v 7.94409069 2.50000000 4.65468411
v 7.94403370 2.50000000 4.65471107
v 7.94397434 2.50000000 4.65473230
v 7.94391318 2.50000000 4.65474762
v 7.94385082 2.50000000 4.65475687
v 7.94378785 2.50000000 4.65475997
v 5.75197489 2.50000000 4.65475997
v 5.75195986 2.50000000 4.65476071
v 5.75195912 2.50000000 4.65477574
v 3.95005749 0.00000000 0.05460619
v 3.95027624 0.00000000 0.05460619
v 3.95027624 0.00000000 0.14983923
v 4.03954739 0.00000000 0.14983923
v 4.03961036 0.00000000 0.14984232
v 4.03967272 0.00000000 0.14985157
v 4.03973388 0.00000000 0.14986689
v 4.03979324 0.00000000 0.14988813
v 4.03985023 0.00000000 0.14991509
v 4.03990431 0.00000000 0.14994750
v 4.03995494 0.00000000 0.14998505
v 4.04000166 0.00000000 0.15002739
v 4.04004400 0.00000000 0.15007411
v 4.04008155 0.00000000 0.15012474
v 4.04011396 0.00000000 0.15017882
v 4.04014092 0.00000000 0.15023581
v 4.04016216 0.00000000 0.15029517
v 4.04017748 0.00000000 0.15035633
v 4.04018673 0.00000000 0.15041869
v 4.04018982 0.00000000 0.15048166
v 4.04018982 0.00000000 0.21929156
v 4.04018673 0.00000000 0.21935453
v 4.04017748 0.00000000 0.21941689
v 4.04016216 0.00000000 0.21947805
v 4.04014092 0.00000000 0.21953741
v 4.04011396 0.00000000 0.21959440
v 4.04008155 0.00000000 0.21964847
v 4.04004400 0.00000000 0.21969911
v 4.04000166 0.00000000 0.21974582
v 4.03995494 0.00000000 0.21978816
v 4.03990431 0.00000000 0.21982572
v 4.03985023 0.00000000 0.21985813
v 4.03979324 0.00000000 0.21988508
v 4.03973388 0.00000000 0.21990632
v 4.03967272 0.00000000 0.21992164
v 4.03961036 0.00000000 0.21993089
v 4.03954739 0.00000000 0.21993399
v 3.95027624 0.00000000 0.21993399
v 3.95027624 0.00000000 0.40023127
v 3.95005749 0.00000000 0.40023127
v 3.95005749 0.00000000 4.94508858
v 3.95005823 0.00000000 4.94510362
v 3.95007326 0.00000000 4.94510435
v 4.14999664 0.00000000 4.94510435
v 4.15007006 0.00000000 4.94510856
v 4.15014252 0.00000000 4.94512114
v 4.15017918 0.00000000 4.94513193
v 4.15019908 0.00000000 4.94513691
v 4.15021473 0.00000000 4.94513768
v 4.20022861 0.00000000 4.94513768
v 4.20024364 0.00000000 4.94513695
v 4.20024438 0.00000000 4.94512191
v 4.20024438 0.00000000 4.85531937
v 4.20024698 0.00000000 4.85526163
v 4.20025476 0.00000000 4.85520437
v 4.20026765 0.00000000 4.85514803
v 4.20028556 0.00000000 4.85509308
v 4.20030833 0.00000000 4.85503996
v 4.20033578 0.00000000 4.85498910
v 4.20034556 0.00000000 4.85497277
v 4.20034633 0.00000000 4.85495723
v 4.20034633 0.00000000 4.80560236
v 4.20034942 0.00000000 4.80553939
v 4.20035867 0.00000000 4.80547703
v 4.20037399 0.00000000 4.80541587
v 4.20039523 0.00000000 4.80535652
v 4.20042218 0.00000000 4.80529952
v 4.20045460 0.00000000 4.80524545
v 4.20049215 0.00000000 4.80519481
v 4.20053449 0.00000000 4.80514810
v 4.20058120 0.00000000 4.80510576
v 4.20063184 0.00000000 4.80506820
v 4.20068592 0.00000000 4.80503579
v 4.20074291 0.00000000 4.80500884
v 4.20080227 0.00000000 4.80498760
v 4.20086342 0.00000000 4.80497228
v 4.20092579 0.00000000 4.80496303
v 4.20098875 0.00000000 4.80495993
v 4.87111343 0.00000000 4.80495993
v 4.87112847 0.00000000 4.80495920
v 4.87112920 0.00000000 4.80494416
v 4.87112920 0.00000000 4.80470256
v 4.87087241 0.00000000 4.80470256
v 4.87087241 0.00000000 4.65501735
v 4.87112920 0.00000000 4.65501735
v 4.87112920 0.00000000 4.65477574
v 4.87112847 0.00000000 4.65476071
v 4.87111343 0.00000000 4.65475997
v 4.20098875 0.00000000 4.65475997
v 4.20092579 0.00000000 4.65475687
v 4.20086342 0.00000000 4.65474762
v 4.20080227 0.00000000 4.65473230
v 4.20074291 0.00000000 4.65471107
v 4.20068592 0.00000000 4.65468411
v 4.20063184 0.00000000 4.65465170
v 4.20058120 0.00000000 4.65461414
v 4.20053449 0.00000000 4.65457181
v 4.20049215 0.00000000 4.65452509
v 4.20045460 0.00000000 4.65447445
v 4.20042218 0.00000000 4.65442038
v 4.20039523 0.00000000 4.65436339
v 4.20037399 0.00000000 4.65430403
v 4.20035867 0.00000000 4.65424287
v 4.20034942 0.00000000 4.65418051
v 4.20034633 0.00000000 4.65411754
v 4.20034633 0.00000000 0.40022233
v 4.20035155 0.00000000 0.40015148
v 4.20035319 0.00000000 0.40011818
v 4.20035319 0.00000000 0.37071168
v 4.20035628 0.00000000 0.37064871
v 4.20036553 0.00000000 0.37058635
v 4.20038085 0.00000000 0.37052520
v 4.20040209 0.00000000 0.37046584
v 4.20042905 0.00000000 0.37040884
v 4.20046146 0.00000000 0.37035477
v 4.20049901 0.00000000 0.37030413
v 4.20054135 0.00000000 0.37025742
v 4.20058807 0.00000000 0.37021508
v 4.20063870 0.00000000 0.37017752
v 4.20069278 0.00000000 0.37014511
v 4.20074977 0.00000000 0.37011816
v 4.20080913 0.00000000 0.37009692
v 4.20087028 0.00000000 0.37008160
v 4.20093265 0.00000000 0.37007235
v 4.20099562 0.00000000 0.37006926
v 5.42160812 0.00000000 0.37006926
v 5.42162315 0.00000000 0.37006852
v 5.42162389 0.00000000 0.37005349
v 5.42162389 0.00000000 0.21994976
v 5.42162315 0.00000000 0.21993472
v 5.42160812 0.00000000 0.21993399
v 5.34213660 0.00000000 0.21993399
v 5.34207363 0.00000000 0.21993089
v 5.34201126 0.00000000 0.21992164
v 5.34195011 0.00000000 0.21990632
v 5.34189075 0.00000000 0.21988508
v 5.34183376 0.00000000 0.21985813
v 5.34177968 0.00000000 0.21982572
v 5.34172904 0.00000000 0.21978816
v 5.34168233 0.00000000 0.21974582
v 5.34163999 0.00000000 0.21969911
v 5.34160244 0.00000000 0.21964847
v 5.34157003 0.00000000 0.21959440
v 5.34154307 0.00000000 0.21953741
v 5.34152183 0.00000000 0.21947805
v 5.34150651 0.00000000 0.21941689
v 5.34149726 0.00000000 0.21935453
v 5.34149417 0.00000000 0.21929156
v 5.34149417 0.00000000 0.15048166
v 5.34149726 0.00000000 0.15041869
v 5.34150651 0.00000000 0.15035633
v 5.34152183 0.00000000 0.15029517
v 5.34154307 0.00000000 0.15023581
v 5.34157003 0.00000000 0.15017882
v 5.34160244 0.00000000 0.15012474
v 5.34163999 0.00000000 0.15007411
v 5.34168233 0.00000000 0.15002739
v 5.34172904 0.00000000 0.14998505
v 5.34177968 0.00000000 0.14994750
v 5.34183376 0.00000000 0.14991509
v 5.34189075 0.00000000 0.14988813
v 5.34195011 0.00000000 0.14986689
v 5.34201126 0.00000000 0.14985157
v 5.34207363 0.00000000 0.14984232
v 5.34213660 0.00000000 0.14983923
v 5.51178554 0.00000000 0.14983923
v 5.51180057 0.00000000 0.14983849
v 5.51180131 0.00000000 0.14982346
v 5.51180131 0.00000000 -0.00028027
v 5.51180057 0.00000000 -0.00029530
v 5.51178554 0.00000000 -0.00029604
v 4.20035662 0.00000000 -0.00029604
v 4.20034976 0.00000000 -0.00029587
v 3.95007326 0.00000000 -0.00029604
v 3.95005823 0.00000000 -0.00029530
v 3.95005749 0.00000000 -0.00028027
v 3.95005749 2.50000000 0.05460619
v 3.95027624 2.50000000 0.05460619
v 3.95027624 2.50000000 0.14983923
v 4.03954739 2.50000000 0.14983923
v 4.03961036 2.50000000 0.14984232
v 4.03967272 2.50000000 0.14985157
v 4.03973388 2.50000000 0.14986689
v 4.03979324 2.50000000 0.14988813
v 4.03985023 2.50000000 0.14991509
v 4.03990431 2.50000000 0.14994750
v 4.03995494 2.50000000 0.14998505
v 4.04000166 2.50000000 0.15002739
v 4.04004400 2.50000000 0.15007411
v 4.04008155 2.50000000 0.15012474
v 4.04011396 2.50000000 0.15017882
v 4.04014092 2.50000000 0.15023581
v 4.04016216 2.50000000 0.15029517
v 4.04017748 2.50000000 0.15035633
v 4.04018673 2.50000000 0.15041869
v 4.04018982 2.50000000 0.15048166
v 4.04018982 2.50000000 0.21929156
v 4.04018673 2.50000000 0.21935453
v 4.04017748 2.50000000 0.21941689
v 4.04016216 2.50000000 0.21947805
v 4.04014092 2.50000000 0.21953741
v 4.04011396 2.50000000 0.21959440
v 4.04008155 2.50000000 0.21964847
v 4.04004400 2.50000000 0.21969911
v 4.04000166 2.50000000 0.21974582
v 4.03995494 2.50000000 0.21978816
v 4.03990431 2.50000000 0.21982572
v 4.03985023 2.50000000 0.21985813
v 4.03979324 2.50000000 0.21988508
v 4.03973388 2.50000000 0.21990632
v 4.03967272 2.50000000 0.21992164
v 4.03961036 2.50000000 0.21993089
v 4.03954739 2.50000000 0.21993399
v 3.95027624 2.50000000 0.21993399
v 3.95027624 2.50000000 0.40023127
v 3.95005749 2.50000000 0.40023127
v 3.95005749 2.50000000 4.94508858
v 3.95005823 2.50000000 4.94510362
v 3.95007326 2.50000000 4.94510435
v 4.14999664 2.50000000 4.94510435
v 4.15007006 2.50000000 4.94510856
v 4.15014252 2.50000000 4.94512114
v 4.15017918 2.50000000 4.94513193
v 4.15019908 2.50000000 4.94513691
v 4.15021473 2.50000000 4.94513768
v 4.20022861 2.50000000 4.94513768
v 4.20024364 2.50000000 4.94513695
v 4.20024438 2.50000000 4.94512191
v 4.20024438 2.50000000 4.85531937
v 4.20024698 2.50000000 4.85526163
v 4.20025476 2.50000000 4.85520437
v 4.20026765 2.50000000 4.85514803
v 4.20028556 2.50000000 4.85509308
v 4.20030833 2.50000000 4.85503996
v 4.20033578 2.50000000 4.85498910
v 4.20034556 2.50000000 4.85497277
v 4.20034633 2.50000000 4.85495723
v 4.20034633 2.50000000 4.80560236
v 4.20034942 2.50000000 4.80553939
v 4.20035867 2.50000000 4.80547703
v 4.20037399 2.50000000 4.80541587
v 4.20039523 2.50000000 4.80535652
v 4.20042218 2.50000000 4.80529952
v 4.20045460 2.50000000 4.80524545
v 4.20049215 2.50000000 4.80519481
v 4.20053449 2.50000000 4.80514810
v 4.20058120 2.50000000 4.80510576
v 4.20063184 2.50000000 4.80506820
v 4.20068592 2.50000000 4.80503579
v 4.20074291 2.50000000 4.80500884
v 4.20080227 2.50000000 4.80498760
v 4.20086342 2.50000000 4.80497228
v 4.20092579 2.50000000 4.80496303
v 4.20098875 2.50000000 4.80495993
v 4.87111343 2.50000000 4.80495993
v 4.87112847 2.50000000 4.80495920
v 4.87112920 2.50000000 4.80494416
v 4.87112920 2.50000000 4.80470256
v 4.87087241 2.50000000 4.80470256
v 4.87087241 2.50000000 4.65501735
v 4.87112920 2.50000000 4.65501735
v 4.87112920 2.50000000 4.65477574
v 4.87112847 2.50000000 4.65476071
v 4.87111343 2.50000000 4.65475997
v 4.20098875 2.50000000 4.65475997
v 4.20092579 2.50000000 4.65475687
v 4.20086342 2.50000000 4.65474762
v 4.20080227 2.50000000 4.65473230
v 4.20074291 2.50000000 4.65471107
v 4.20068592 2.50000000 4.65468411
v 4.20063184 2.50000000 4.65465170
v 4.20058120 2.50000000 4.65461414
v 4.20053449 2.50000000 4.65457181
v 4.20049215 2.50000000 4.65452509
v 4.20045460 2.50000000 4.65447445
v 4.20042218 2.50000000 4.65442038
v 4.20039523 2.50000000 4.65436339
v 4.20037399 2.50000000 4.65430403
v 4.20035867 2.50000000 4.65424287
v 4.20034942 2.50000000 4.65418051
v 4.20034633 2.50000000 4.65411754
v 4.20034633 2.50000000 0.40022233
v 4.20035155 2.50000000 0.40015148
v 4.20035319 2.50000000 0.40011818
v 4.20035319 2.50000000 0.37071168
v 4.20035628 2.50000000 0.37064871
v 4.20036553 2.50000000 0.37058635
v 4.20038085 2.50000000 0.37052520
v 4.20040209 2.50000000 0.37046584
v 4.20042905 2.50000000 0.37040884
v 4.20046146 2.50000000 0.37035477
v 4.20049901 2.50000000 0.37030413
v 4.20054135 2.50000000 0.37025742
v 4.20058807 2.50000000 0.37021508
v 4.20063870 2.50000000 0.37017752
v 4.20069278 2.50000000 0.37014511
v 4.20074977 2.50000000 0.37011816
v 4.20080913 2.50000000 0.37009692
v 4.20087028 2.50000000 0.37008160
v 4.20093265 2.50000000 0.37007235
v 4.20099562 2.50000000 0.37006926
v 5.42160812 2.50000000 0.37006926
v 5.42162315 2.50000000 0.37006852
v 5.42162389 2.50000000 0.37005349
v 5.42162389 2.50000000 0.21994976
v 5.42162315 2.50000000 0.21993472
v 5.42160812 2.50000000 0.21993399
v 5.34213660 2.50000000 0.21993399
v 5.34207363 2.50000000 0.21993089
v 5.34201126 2.50000000 0.21992164
v 5.34195011 2.50000000 0.21990632
v 5.34189075 2.50000000 0.21988508
v 5.34183376 2.50000000 0.21985813
v 5.34177968 2.50000000 0.21982572
v 5.34172904 2.50000000 0.21978816
v 5.34168233 2.50000000 0.21974582
v 5.34163999 2.50000000 0.21969911
v 5.34160244 2.50000000 0.21964847
v 5.34157003 2.50000000 0.21959440
v 5.34154307 2.50000000 0.21953741
v 5.34152183 2.50000000 0.21947805
v 5.34150651 2.50000000 0.21941689
v 5.34149726 2.50000000 0.21935453
v 5.34149417 2.50000000 0.21929156
v 5.34149417 2.50000000 0.15048166
v 5.34149726 2.50000000 0.15041869
v 5.34150651 2.50000000 0.15035633
v 5.34152183 2.50000000 0.15029517
v 5.34154307 2.50000000 0.15023581
v 5.34157003 2.50000000 0.15017882
v 5.34160244 2.50000000 0.15012474
v 5.34163999 2.50000000 0.15007411
v 5.34168233 2.50000000 0.15002739
v 5.34172904 2.50000000 0.14998505
v 5.34177968 2.50000000 0.14994750
v 5.34183376 2.50000000 0.14991509
v 5.34189075 2.50000000 0.14988813
v 5.34195011 2.50000000 0.14986689
v 5.34201126 2.50000000 0.14985157
v 5.34207363 2.50000000 0.14984232
v 5.34213660 2.50000000 0.14983923
v 5.51178554 2.50000000 0.14983923
v 5.51180057 2.50000000 0.14983849
v 5.51180131 2.50000000 0.14982346
v 5.51180131 2.50000000 -0.00028027
v 5.51180057 2.50000000 -0.00029530
v 5.51178554 2.50000000 -0.00029604
v 4.20035662 2.50000000 -0.00029604
v 4.20034976 2.50000000 -0.00029587
v 3.95007326 2.50000000 -0.00029604
v 3.95005823 2.50000000 -0.00029530
v 3.95005749 2.50000000 -0.00028027
v 0.01586800 0.00000000 6.25468009
v 0.01586874 0.00000000 6.25469512
v 0.01588377 0.00000000 6.25469586
v 0.89657699 0.00000000 6.25469586
v 0.89662949 0.00000000 6.25469801
v 0.89668164 0.00000000 6.25470444
v 0.89673309 0.00000000 6.25471511
v 0.89676274 0.00000000 6.25472253
v 0.89677839 0.00000000 6.25472330
v 0.98675077 0.00000000 6.25472330
v 0.98676580 0.00000000 6.25472257
v 0.98676654 0.00000000 6.25470753
v 0.98676654 0.00000000 6.25465759
v 0.98676603 0.00000000 6.25465759
v 0.98676603 0.00000000 6.00633961
v 0.98676580 0.00000000 6.00633495
v 0.98675077 0.00000000 6.00633421
v 0.27666073 0.00000000 6.00633421
v 0.27659776 0.00000000 6.00633112
v 0.27653539 0.00000000 6.00632187
v 0.27647424 0.00000000 6.00630655
v 0.27641488 0.00000000 6.00628531
v 0.27635789 0.00000000 6.00625836
v 0.27630381 0.00000000 6.00622595
v 0.27625317 0.00000000 6.00618839
v 0.27620646 0.00000000 6.00614605
v 0.27616412 0.00000000 6.00609934
v 0.27612657 0.00000000 6.00604870
v 0.27609416 0.00000000 6.00599463
v 0.27606720 0.00000000 6.00593763
v 0.27604596 0.00000000 6.00587828
v 0.27603064 0.00000000 6.00581712
v 0.27602139 0.00000000 6.00575476
v 0.27601830 0.00000000 6.00569179
v 0.27601830 0.00000000 5.86619772
v 0.27601756 0.00000000 5.86618269
v 0.27600253 0.00000000 5.86618195
v 0.02577660 0.00000000 5.86618195
v 0.02576157 0.00000000 5.86618269
v 0.02576083 0.00000000 5.86619772
v 0.02576083 0.00000000 5.95598903
v 0.02575846 0.00000000 5.95604415
v 0.02575137 0.00000000 5.95609886
v 0.02573961 0.00000000 5.95615276
v 0.02573409 0.00000000 5.95617058
v 0.02573023 0.00000000 5.95618598
v 0.02572946 0.00000000 5.95620164
v 0.02572946 0.00000000 6.00569179
v 0.02572637 0.00000000 6.00575476
v 0.02571712 0.00000000 6.00581712
v 0.02570180 0.00000000 6.00587828
v 0.02568056 0.00000000 6.00593763
v 0.02565360 0.00000000 6.00599463
v 0.02562119 0.00000000 6.00604870
v 0.02558364 0.00000000 6.00609934
v 0.02554130 0.00000000 6.00614605
v 0.02549458 0.00000000 6.00618839
v 0.02544395 0.00000000 6.00622595
v 0.02538987 0.00000000 6.00625836
v 0.02533288 0.00000000 6.00628531
v 0.02527352 0.00000000 6.00630655
v 0.02521236 0.00000000 6.00632187
v 0.02515000 0.00000000 6.00633112
v 0.02508703 0.00000000 6.00633421
v 0.01588377 0.00000000 6.00633421
v 0.01586874 0.00000000 6.00633495
v 0.01586800 0.00000000 6.00634999
v 0.01586800 2.50000000 6.25468009
v 0.01586874 2.50000000 6.25469512
v 0.01588377 2.50000000 6.25469586
v 0.89657699 2.50000000 6.25469586
v 0.89662949 2.50000000 6.25469801
v 0.89668164 2.50000000 6.25470444
v 0.89673309 2.50000000 6.25471511
v 0.89676274 2.50000000 6.25472253
v 0.89677839 2.50000000 6.25472330
v 0.98675077 2.50000000 6.25472330
v 0.98676580 2.50000000 6.25472257
v 0.98676654 2.50000000 6.25470753
v 0.98676654 2.50000000 6.25465759
v 0.98676603 2.50000000 6.25465759
v 0.98676603 2.50000000 6.00633961
v 0.98676580 2.50000000 6.00633495
v 0.98675077 2.50000000 6.00633421
v 0.27666073 2.50000000 6.00633421
v 0.27659776 2.50000000 6.00633112
v 0.27653539 2.50000000 6.00632187
v 0.27647424 2.50000000 6.00630655
v 0.27641488 2.50000000 6.00628531
v 0.27635789 2.50000000 6.00625836
v 0.27630381 2.50000000 6.00622595
v 0.27625317 2.50000000 6.00618839
v 0.27620646 2.50000000 6.00614605
v 0.27616412 2.50000000 6.00609934
v 0.27612657 2.50000000 6.00604870
v 0.27609416 2.50000000 6.00599463
v 0.27606720 2.50000000 6.00593763
v 0.27604596 2.50000000 6.00587828
v 0.27603064 2.50000000 6.00581712
v 0.27602139 2.50000000 6.00575476
v 0.27601830 2.50000000 6.00569179
v 0.27601830 2.50000000 5.86619772
v 0.27601756 2.50000000 5.86618269
v 0.27600253 2.50000000 5.86618195
v 0.02577660 2.50000000 5.86618195
v 0.02576157 2.50000000 5.86618269
v 0.02576083 2.50000000 5.86619772
v 0.02576083 2.50000000 5.95598903
v 0.02575846 2.50000000 5.95604415
v 0.02575137 2.50000000 5.95609886
v 0.02573961 2.50000000 5.95615276
v 0.02573409 2.50000000 5.95617058
v 0.02573023 2.50000000 5.95618598
v 0.02572946 2.50000000 5.95620164
v 0.02572946 2.50000000 6.00569179
v 0.02572637 2.50000000 6.00575476
v 0.02571712 2.50000000 6.00581712
v 0.02570180 2.50000000 6.00587828
v 0.02568056 2.50000000 6.00593763
v 0.02565360 2.50000000 6.00599463
v 0.02562119 2.50000000 6.00604870
v 0.02558364 2.50000000 6.00609934
v 0.02554130 2.50000000 6.00614605
v 0.02549458 2.50000000 6.00618839
v 0.02544395 2.50000000 6.00622595
v 0.02538987 2.50000000 6.00625836
v 0.02533288 2.50000000 6.00628531
v 0.02527352 2.50000000 6.00630655
v 0.02521236 2.50000000 6.00632187
v 0.02515000 2.50000000 6.00633112
v 0.02508703 2.50000000 6.00633421
v 0.01588377 2.50000000 6.00633421
v 0.01586874 2.50000000 6.00633495
v 0.01586800 2.50000000 6.00634999
v 0.01586800 0.00000000 0.21995154
v 0.01586874 0.00000000 0.21996658
v 0.01588377 0.00000000 0.21996732
v 0.02511252 0.00000000 0.21996732
v 0.02517549 0.00000000 0.21997041
v 0.02523785 0.00000000 0.21997966
v 0.02529901 0.00000000 0.21999498
v 0.02535837 0.00000000 0.22001622
v 0.02541536 0.00000000 0.22004317
v 0.02546943 0.00000000 0.22007558
v 0.02552007 0.00000000 0.22011314
v 0.02556678 0.00000000 0.22015548
v 0.02560912 0.00000000 0.22020219
v 0.02564668 0.00000000 0.22025283
v 0.02567909 0.00000000 0.22030690
v 0.02570604 0.00000000 0.22036390
v 0.02572728 0.00000000 0.22042325
v 0.02574260 0.00000000 0.22048441
v 0.02575185 0.00000000 0.22054677
v 0.02575495 0.00000000 0.22060974
v 0.02575495 0.00000000 4.85495723
v 0.02575727 0.00000000 4.85500445
v 0.02575712 0.00000000 4.85500446
v 0.02576083 0.00000000 4.85505477
v 0.02576083 0.00000000 4.94512191
v 0.02576157 0.00000000 4.94513695
v 0.02577660 0.00000000 4.94513768
v 0.07572578 0.00000000 4.94513768
v 0.07574143 0.00000000 4.94513691
v 0.07576134 0.00000000 4.94513193
v 0.07579799 0.00000000 4.94512114
v 0.07587045 0.00000000 4.94510856
v 0.07594387 0.00000000 4.94510435
v 0.27602802 0.00000000 4.94510435
v 0.27604305 0.00000000 4.94510362
v 0.27604379 0.00000000 4.94508858
v 0.27604379 0.00000000 0.21994976
v 0.27604305 0.00000000 0.21993472
v 0.27602802 0.00000000 0.21993399
v 0.18655388 0.00000000 0.21993399
v 0.18649091 0.00000000 0.21993089
v 0.18642855 0.00000000 0.21992164
v 0.18636739 0.00000000 0.21990632
v 0.18630803 0.00000000 0.21988508
v 0.18625104 0.00000000 0.21985813
v 0.18619697 0.00000000 0.21982572
v 0.18614633 0.00000000 0.21978816
v 0.18609962 0.00000000 0.21974582
v 0.18605728 0.00000000 0.21969911
v 0.18601972 0.00000000 0.21964847
v 0.18598731 0.00000000 0.21959440
v 0.18596036 0.00000000 0.21953741
v 0.18593912 0.00000000 0.21947805
v 0.18592380 0.00000000 0.21941689
v 0.18591455 0.00000000 0.21935453
v 0.18591145 0.00000000 0.21929156
v 0.18591145 0.00000000 0.15048166
v 0.18591455 0.00000000 0.15041869
v 0.18592380 0.00000000 0.15035633
v 0.18593912 0.00000000 0.15029517
v 0.18596036 0.00000000 0.15023581
v 0.18598731 0.00000000 0.15017882
v 0.18601972 0.00000000 0.15012474
v 0.18605728 0.00000000 0.15007411
v 0.18609962 0.00000000 0.15002739
v 0.18614633 0.00000000 0.14998505
v 0.18619697 0.00000000 0.14994750
v 0.18625104 0.00000000 0.14991509
v 0.18630803 0.00000000 0.14988813
v 0.18636739 0.00000000 0.14986689
v 0.18642855 0.00000000 0.14985157
v 0.18649091 0.00000000 0.14984232
v 0.18655388 0.00000000 0.14983923
v 0.27602802 0.00000000 0.14983923
v 0.27604305 0.00000000 0.14983849
v 0.27604379 0.00000000 0.14982346
v 0.27604379 0.00000000 -0.00028027
v 0.27604305 0.00000000 -0.00029530
v 0.27602802 0.00000000 -0.00029604
v 0.02577072 0.00000000 -0.00029604
v 0.02575510 0.00000000 -0.00029527
v 0.02575261 0.00000000 -0.00029438
v 0.02568206 0.00000000 -0.00027361
v 0.02560961 0.00000000 -0.00026104
v 0.02553619 0.00000000 -0.00025683
v 0.01588377 0.00000000 -0.00025683
v 0.01586874 0.00000000 -0.00025609
v 0.01586800 0.00000000 -0.00024106
v 0.01586800 2.50000000 0.21995154
v 0.01586874 2.50000000 0.21996658
v 0.01588377 2.50000000 0.21996732
v 0.02511252 2.50000000 0.21996732
v 0.02517549 2.50000000 0.21997041
v 0.02523785 2.50000000 0.21997966
v 0.02529901 2.50000000 0.21999498
v 0.02535837 2.50000000 0.22001622
v 0.02541536 2.50000000 0.22004317
v 0.02546943 2.50000000 0.22007558
v 0.02552007 2.50000000 0.22011314
v 0.02556678 2.50000000 0.22015548
v 0.02560912 2.50000000 0.22020219
v 0.02564668 2.50000000 0.22025283
v 0.02567909 2.50000000 0.22030690
v 0.02570604 2.50000000 0.22036390
v 0.02572728 2.50000000 0.22042325
v 0.02574260 2.50000000 0.22048441
v 0.02575185 2.50000000 0.22054677
v 0.02575495 2.50000000 0.22060974
v 0.02575495 2.50000000 4.85495723
v 0.02575727 2.50000000 4.85500445
v 0.02575712 2.50000000 4.85500446
v 0.02576083 2.50000000 4.85505477
v 0.02576083 2.50000000 4.94512191
v 0.02576157 2.50000000 4.94513695
v 0.02577660 2.50000000 4.94513768
v 0.07572578 2.50000000 4.94513768
v 0.07574143 2.50000000 4.94513691
v 0.07576134 2.50000000 4.94513193
v 0.07579799 2.50000000 4.94512114
v 0.07587045 2.50000000 4.94510856
v 0.07594387 2.50000000 4.94510435
v 0.27602802 2.50000000 4.94510435
v 0.27604305 2.50000000 4.94510362
v 0.27604379 2.50000000 4.94508858
v 0.27604379 2.50000000 0.21994976
v 0.27604305 2.50000000 0.21993472
v 0.27602802 2.50000000 0.21993399
v 0.18655388 2.50000000 0.21993399
v 0.18649091 2.50000000 0.21993089
v 0.18642855 2.50000000 0.21992164
v 0.18636739 2.50000000 0.21990632
v 0.18630803 2.50000000 0.21988508
v 0.18625104 2.50000000 0.21985813
v 0.18619697 2.50000000 0.21982572
v 0.18614633 2.50000000 0.21978816
v 0.18609962 2.50000000 0.21974582
v 0.18605728 2.50000000 0.21969911
v 0.18601972 2.50000000 0.21964847
v 0.18598731 2.50000000 0.21959440
v 0.18596036 2.50000000 0.21953741
v 0.18593912 2.50000000 0.21947805
v 0.18592380 2.50000000 0.21941689
v 0.18591455 2.50000000 0.21935453
v 0.18591145 2.50000000 0.21929156
v 0.18591145 2.50000000 0.15048166
v 0.18591455 2.50000000 0.15041869
v 0.18592380 2.50000000 0.15035633
v 0.18593912 2.50000000 0.15029517
v 0.18596036 2.50000000 0.15023581
v 0.18598731 2.50000000 0.15017882
v 0.18601972 2.50000000 0.15012474
v 0.18605728 2.50000000 0.15007411
v 0.18609962 2.50000000 0.15002739
v 0.18614633 2.50000000 0.14998505
v 0.18619697 2.50000000 0.14994750
v 0.18625104 2.50000000 0.14991509
v 0.18630803 2.50000000 0.14988813
v 0.18636739 2.50000000 0.14986689
v 0.18642855 2.50000000 0.14985157
v 0.18649091 2.50000000 0.14984232
v 0.18655388 2.50000000 0.14983923
v 0.27602802 2.50000000 0.14983923
v 0.27604305 2.50000000 0.14983849
v 0.27604379 2.50000000 0.14982346
v 0.27604379 2.50000000 -0.00028027
v 0.27604305 2.50000000 -0.00029530
v 0.27602802 2.50000000 -0.00029604
v 0.02577072 2.50000000 -0.00029604
v 0.02575510 2.50000000 -0.00029527
v 0.02575261 2.50000000 -0.00029438
v 0.02568206 2.50000000 -0.00027361
v 0.02560961 2.50000000 -0.00026104
v 0.02553619 2.50000000 -0.00025683
v 0.01588377 2.50000000 -0.00025683
v 0.01586874 2.50000000 -0.00025609
v 0.01586800 2.50000000 -0.00024106
f 1 121 120
f 1 120 119
f 119 118 117
f 116 115 114
f 116 114 113
f 116 113 112
f 116 112 111
f 116 111 110
f 110 109 108
f 108 107 106
f 108 106 105
f 88 87 86
f 88 86 85
f 88 85 84
f 88 84 83
f 88 83 82
f 76 75 74
f 76 74 73
f 76 73 72
f 76 72 71
f 76 71 70
f 76 70 69
f 76 69 68
f 76 68 67
f 76 67 66
f 76 66 65
f 76 65 64
f 76 64 63
f 76 63 62
f 76 62 61
f 76 61 60
f 76 60 59
f 76 59 58
f 76 58 57
f 76 57 56
f 76 56 55
f 76 55 54
f 76 54 53
f 76 53 52
f 76 52 51
f 76 51 50
f 45 44 43
f 45 43 42
f 45 42 41
f 45 41 40
f 45 40 39
f 45 39 38
f 45 38 37
f 45 37 36
f 45 36 35
f 45 35 34
f 45 34 33
f 45 33 32
f 45 32 31
f 45 31 30
f 45 30 29
f 45 29 28
f 45 28 27
f 45 27 26
f 45 26 25
f 45 25 24
f 45 24 23
f 45 23 22
f 45 22 21
f 45 21 20
f 45 20 19
f 45 19 18
f 45 18 17
f 45 17 16
f 45 16 15
f 3 2 1
f 3 1 119
f 3 119 117
f 117 116 110
f 117 110 108
f 117 108 105
f 117 105 104
f 117 104 103
f 117 103 102
f 117 102 101
f 117 101 100
f 117 100 99
f 117 99 98
f 117 98 97
f 89 88 82
f 77 76 50
f 46 45 15
f 4 3 117
f 4 117 97
f 4 97 96
f 4 96 95
f 4 95 94
f 4 94 93
f 4 93 92
f 4 92 91
f 4 91 90
f 4 90 89
f 4 89 82
f 4 82 81
f 4 81 80
f 4 80 79
f 4 79 78
f 4 78 77
f 47 46 15
f 5 4 77
f 48 47 15
f 6 5 77
f 49 48 15
f 7 6 77
f 50 49 15
f 8 7 77
f 77 50 15
f 77 15 14
f 77 14 13
f 77 13 12
f 77 12 11
f 77 11 10
f 77 10 9
f 77 9 8
f 241 242 122
f 240 241 122
f 238 239 240
f 235 236 237
f 234 235 237
f 233 234 237
f 232 233 237
f 231 232 237
f 229 230 231
f 227 228 229
f 226 227 229
f 207 208 209
f 206 207 209
f 205 206 209
f 204 205 209
f 203 204 209
f 195 196 197
f 194 195 197
f 193 194 197
f 192 193 197
f 191 192 197
f 190 191 197
f 189 190 197
f 188 189 197
f 187 188 197
f 186 187 197
f 185 186 197
f 184 185 197
f 183 184 197
f 182 183 197
f 181 182 197
f 180 181 197
f 179 180 197
f 178 179 197
f 177 178 197
f 176 177 197
f 175 176 197
f 174 175 197
f 173 174 197
f 172 173 197
f 171 172 197
f 164 165 166
f 163 164 166
f 162 163 166
f 161 162 166
f 160 161 166
f 159 160 166
f 158 159 166
f 157 158 166
f 156 157 166
f 155 156 166
f 154 155 166
f 153 154 166
f 152 153 166
f 151 152 166
f 150 151 166
f 149 150 166
f 148 149 166
f 147 148 166
f 146 147 166
f 145 146 166
f 144 145 166
f 143 144 166
f 142 143 166
f 141 142 166
f 140 141 166
f 139 140 166
f 138 139 166
f 137 138 166
f 136 137 166
f 122 123 124
f 240 122 124
f 238 240 124
f 231 237 238
f 229 231 238
f 226 229 238
f 225 226 238
f 224 225 238
f 223 224 238
f 222 223 238
f 221 222 238
f 220 221 238
f 219 220 238
f 218 219 238
f 203 209 210
f 171 197 198
f 136 166 167
f 238 124 125
f 218 238 125
f 217 218 125
f 216 217 125
f 215 216 125
f 214 215 125
f 213 214 125
f 212 213 125
f 211 212 125
f 210 211 125
f 203 210 125
f 202 203 125
f 201 202 125
f 200 201 125
f 199 200 125
f 198 199 125
f 136 167 168
f 198 125 126
f 136 168 169
f 198 126 127
f 136 169 170
f 198 127 128
f 136 170 171
f 198 128 129
f 136 171 198
f 135 136 198
f 134 135 198
f 133 134 198
f 132 133 198
f 131 132 198
f 130 131 198
f 129 130 198
f 1 123 122
f 2 123 1
f 2 124 123
f 3 124 2
f 3 125 124
f 4 125 3
f 4 126 125
f 5 126 4
f 5 127 126
f 6 127 5
f 6 128 127
f 7 128 6
f 7 129 128
f 8 129 7
f 8 130 129
f 9 130 8
f 9 131 130
f 10 131 9
f 10 132 131
f 11 132 10
f 11 133 132
f 12 133 11
f 12 134 133
f 13 134 12
f 13 135 134
f 14 135 13
f 14 136 135
f 15 136 14
f 15 137 136
f 16 137 15
f 16 138 137
f 17 138 16
f 17 139 138
f 18 139 17
f 18 140 139
f 19 140 18
f 19 141 140
f 20 141 19
f 20 142 141
f 21 142 20
f 21 143 142
f 22 143 21
f 22 144 143
f 23 144 22
f 23 145 144
f 24 145 23
f 24 146 145
f 25 146 24
f 25 147 146
f 26 147 25
f 26 148 147
f 27 148 26
f 27 149 148
f 28 149 27
f 28 150 149
f 29 150 28
f 29 151 150
f 30 151 29
f 30 152 151
f 31 152 30
f 31 153 152
f 32 153 31
f 32 154 153
f 33 154 32
f 33 155 154
f 34 155 33
f 34 156 155
f 35 156 34
f 35 157 156
f 36 157 35
f 36 158 157
f 37 158 36
f 37 159 158
f 38 159 37
f 38 160 159
f 39 160 38
f 39 161 160
f 40 161 39
f 40 162 161
f 41 162 40
f 41 163 162
f 42 163 41
f 42 164 163
f 43 164 42
f 43 165 164
f 44 165 43
f 44 166 165
f 45 166 44
f 45 167 166
f 46 167 45
f 46 168 167
f 47 168 46
f 47 169 168
f 48 169 47
f 48 170 169
f 49 170 48
f 49 171 170
f 50 171 49
f 50 172 171
f 51 172 50
f 51 173 172
f 52 173 51
f 52 174 173
f 53 174 52
f 53 175 174
f 54 175 53
f 54 176 175
f 55 176 54
f 55 177 176
f 56 177 55
f 56 178 177
f 57 178 56
f 57 179 178
f 58 179 57
f 58 180 179
f 59 180 58
f 59 181 180
f 60 181 59
f 60 182 181
f 61 182 60
f 61 183 182
f 62 183 61
f 62 184 183
f 63 184 62
f 63 185 184
f 64 185 63
f 64 186 185
f 65 186 64
f 65 187 186
f 66 187 65
f 66 188 187
f 67 188 66
f 67 189 188
f 68 189 67
f 68 190 189
f 69 190 68
f 69 191 190
f 70 191 69
f 70 192 191
f 71 192 70
f 71 193 192
f 72 193 71
f 72 194 193
f 73 194 72
f 73 195 194
f 74 195 73
f 74 196 195
f 75 196 74
f 75 197 196
f 76 197 75
f 76 198 197
f 77 198 76
f 77 199 198
f 78 199 77
f 78 200 199
f 79 200 78
f 79 201 200
f 80 201 79
f 80 202 201
f 81 202 80
f 81 203 202
f 82 203 81
f 82 204 203
f 83 204 82
f 83 205 204
f 84 205 83
f 84 206 205
f 85 206 84
f 85 207 206
f 86 207 85
f 86 208 207
f 87 208 86
f 87 209 208
f 88 209 87
f 88 210 209
f 89 210 88
f 89 211 210
f 90 211 89
f 90 212 211
f 91 212 90
f 91 213 212
f 92 213 91
f 92 214 213
f 93 214 92
f 93 215 214
f 94 215 93
f 94 216 215
f 95 216 94
f 95 217 216
f 96 217 95
f 96 218 217
f 97 218 96
f 97 219 218
f 98 219 97
f 98 220 219
f 99 220 98
f 99 221 220
f 100 221 99
f 100 222 221
f 101 222 100
f 101 223 222
f 102 223 101
f 102 224 223
f 103 224 102
f 103 225 224
f 104 225 103
f 104 226 225
f 105 226 104
f 105 227 226
f 106 227 105
f 106 228 227
f 107 228 106
f 107 229 228
f 108 229 107
f 108 230 229
f 109 230 108
f 109 231 230
f 110 231 109
f 110 232 231
f 111 232 110
f 111 233 232
f 112 233 111
f 112 234 233
f 113 234 112
f 113 235 234
f 114 235 113
f 114 236 235
f 115 236 114
f 115 237 236
f 116 237 115
f 116 238 237
f 117 238 116
f 117 239 238
f 118 239 117
f 118 240 239
f 119 240 118
f 119 241 240
f 120 241 119
f 121 122 242
f 1 122 121
f 120 242 241
f 121 242 120
f 767 871 870
f 767 870 869
f 872 871 767
f 767 766 765
f 767 765 764
f 767 764 763
f 767 763 762
f 767 762 761
f 767 761 760
f 767 760 759
f 767 759 758
f 767 758 757
f 767 757 756
f 767 756 755
f 767 755 754
f 767 754 753
f 767 753 752
f 767 752 751
f 767 751 750
f 767 750 749
f 767 749 748
f 767 748 747
f 767 747 746
f 767 746 745
f 767 745 744
f 767 744 743
f 767 743 742
f 767 742 741
f 767 741 740
f 767 740 739
f 767 739 738
f 767 738 737
f 767 737 736
f 767 736 735
f 767 735 734
f 734 733 732
f 732 731 730
f 732 730 729
f 732 729 728
f 732 728 727
f 660 659 658
f 660 658 657
f 660 657 656
f 660 656 655
f 660 655 654
f 660 654 653
f 660 653 652
f 660 652 651
f 660 651 650
f 660 650 649
f 649 648 647
f 614 613 612
f 614 612 611
f 594 593 592
f 594 592 591
f 594 591 590
f 594 590 589
f 594 589 588
f 594 588 587
f 594 587 586
f 594 586 585
f 594 585 584
f 594 584 583
f 594 583 582
f 594 582 581
f 594 581 580
f 594 580 579
f 594 579 578
f 594 578 577
f 594 577 576
f 594 576 575
f 524 523 522
f 524 522 521
f 524 521 520
f 524 520 519
f 524 519 518
f 524 518 517
f 524 517 516
f 524 516 515
f 524 515 514
f 524 514 513
f 524 513 512
f 524 512 511
f 524 511 510
f 524 510 509
f 524 509 508
f 524 508 507
f 524 507 506
f 524 506 505
f 505 504 503
f 505 503 502
f 505 502 501
f 505 501 500
f 505 500 499
f 505 499 498
f 505 498 497
f 505 497 496
f 505 496 495
f 505 495 494
f 505 494 493
f 505 493 492
f 505 492 491
f 505 491 490
f 505 490 489
f 505 489 488
f 505 488 487
f 505 487 486
f 505 486 485
f 505 485 484
f 505 484 483
f 505 483 482
f 505 482 481
f 505 481 480
f 505 480 479
f 505 479 478
f 462 461 460
f 462 460 459
f 462 459 458
f 462 458 457
f 462 457 456
f 462 456 455
f 462 455 454
f 462 454 453
f 452 451 450
f 452 450 449
f 452 449 448
f 452 448 447
f 452 447 446
f 452 446 445
f 452 445 444
f 452 444 443
f 452 443 442
f 452 442 441
f 452 441 440
f 452 440 439
f 452 439 438
f 452 438 437
f 452 437 436
f 452 436 435
f 452 435 434
f 452 434 433
f 452 433 432
f 414 413 412
f 414 412 411
f 414 411 410
f 414 410 409
f 414 409 408
f 414 408 407
f 414 407 406
f 414 406 405
f 414 405 404
f 414 404 403
f 414 403 402
f 414 402 401
f 414 401 400
f 414 400 399
f 414 399 398
f 414 398 397
f 414 397 396
f 414 396 395
f 414 395 394
f 414 394 393
f 414 393 392
f 414 392 391
f 374 373 372
f 374 372 371
f 374 371 370
f 374 370 369
f 374 369 368
f 374 368 367
f 374 367 366
f 374 366 365
f 337 336 335
f 337 335 334
f 337 334 333
f 337 333 332
f 337 332 331
f 337 331 330
f 337 330 329
f 337 329 328
f 337 328 327
f 337 327 326
f 337 326 325
f 337 325 324
f 337 324 323
f 337 323 322
f 337 322 321
f 300 299 298
f 300 298 297
f 300 297 296
f 300 296 295
f 300 295 294
f 300 294 293
f 300 293 292
f 300 292 291
f 300 291 290
f 300 290 289
f 300 289 288
f 300 288 287
f 284 283 282
f 284 282 281
f 265 264 263
f 265 263 262
f 265 262 261
f 265 261 260
f 265 260 259
f 265 259 258
f 265 258 257
f 265 257 256
f 265 256 255
f 265 255 254
f 265 254 253
f 265 253 252
f 265 252 251
f 265 251 250
f 265 250 249
f 265 249 248
f 265 248 247
f 265 247 246
f 245 244 243
f 245 243 838
f 245 838 837
f 245 837 836
f 245 836 835
f 245 835 834
f 245 834 833
f 245 833 832
f 245 832 831
f 245 831 830
f 245 830 829
f 245 829 828
f 245 828 827
f 245 827 826
f 245 826 825
f 245 825 824
f 245 824 823
f 245 823 822
f 822 821 820
f 822 820 819
f 822 819 818
f 822 818 817
f 822 817 816
f 822 816 815
f 822 815 814
f 822 814 813
f 822 813 812
f 822 812 811
f 822 811 810
f 822 810 809
f 770 769 768
f 768 767 869
f 873 872 767
f 873 767 734
f 734 732 727
f 734 727 726
f 734 726 725
f 734 725 724
f 734 724 723
f 734 723 722
f 734 722 721
f 734 721 720
f 734 720 719
f 734 719 718
f 734 718 717
f 734 717 716
f 734 716 715
f 734 715 714
f 734 714 713
f 734 713 712
f 734 712 711
f 660 649 647
f 660 647 646
f 660 646 645
f 660 645 644
f 660 644 643
f 660 643 642
f 660 642 641
f 660 641 640
f 660 640 639
f 660 639 638
f 660 638 637
f 660 637 636
f 660 636 635
f 660 635 634
f 660 634 633
f 660 633 632
f 660 632 631
f 595 594 575
f 525 524 505
f 463 462 453
f 453 452 432
f 453 432 431
f 415 414 391
f 375 374 365
f 338 337 321
f 301 300 287
f 285 284 281
f 266 265 246
f 246 245 822
f 246 822 809
f 246 809 808
f 246 808 807
f 246 807 806
f 246 806 805
f 246 805 804
f 770 768 869
f 770 869 868
f 770 868 867
f 770 867 866
f 770 866 865
f 770 865 864
f 874 873 734
f 661 660 631
f 596 595 575
f 526 525 505
f 464 463 453
f 376 375 365
f 339 338 321
f 302 301 287
f 286 285 281
f 266 246 804
f 771 770 864
f 875 874 734
f 662 661 631
f 597 596 575
f 527 526 505
f 465 464 453
f 377 376 365
f 340 339 321
f 303 302 287
f 287 286 281
f 267 266 804
f 772 771 864
f 876 875 734
f 663 662 631
f 598 597 575
f 528 527 505
f 466 465 453
f 378 377 365
f 341 340 321
f 304 303 287
f 268 267 804
f 773 772 864
f 877 876 734
f 664 663 631
f 664 631 630
f 664 630 629
f 664 629 628
f 664 628 627
f 664 627 626
f 664 626 625
f 664 625 624
f 664 624 623
f 664 623 622
f 664 622 621
f 664 621 620
f 664 620 619
f 664 619 618
f 599 598 575
f 529 528 505
f 467 466 453
f 379 378 365
f 305 304 287
f 269 268 804
f 774 773 864
f 878 877 734
f 665 664 618
f 600 599 575
f 530 529 505
f 468 467 453
f 380 379 365
f 306 305 287
f 270 269 804
f 775 774 864
f 879 878 734
f 666 665 618
f 601 600 575
f 531 530 505
f 469 468 453
f 381 380 365
f 307 306 287
f 271 270 804
f 776 775 864
f 880 879 734
f 667 666 618
f 602 601 575
f 532 531 505
f 470 469 453
f 382 381 365
f 308 307 287
f 272 271 804
f 777 776 864
f 881 880 734
f 668 667 618
f 603 602 575
f 533 532 505
f 471 470 453
f 383 382 365
f 309 308 287
f 273 272 804
f 778 777 864
f 882 881 734
f 669 668 618
f 604 603 575
f 534 533 505
f 472 471 453
f 472 453 431
f 384 383 365
f 310 309 287
f 274 273 804
f 779 778 864
f 883 882 734
f 670 669 618
f 605 604 575
f 535 534 505
f 473 472 431
f 385 384 365
f 311 310 287
f 275 274 804
f 780 779 864
f 884 883 734
f 671 670 618
f 606 605 575
f 536 535 505
f 474 473 431
f 312 311 287
f 276 275 804
f 781 780 864
f 885 884 734
f 672 671 618
f 607 606 575
f 537 536 505
f 475 474 431
f 313 312 287
f 277 276 804
f 782 781 864
f 886 885 734
f 673 672 618
f 608 607 575
f 538 537 505
f 476 475 431
f 314 313 287
f 278 277 804
f 783 782 864
f 887 886 734
f 674 673 618
f 609 608 575
f 539 538 505
f 477 476 431
f 315 314 287
f 279 278 804
f 784 783 864
f 888 887 734
f 888 734 711
f 675 674 618
f 610 609 575
f 540 539 505
f 540 505 478
f 478 477 431
f 478 431 430
f 316 315 287
f 280 279 804
f 280 804 803
f 280 803 802
f 785 784 864
f 889 888 711
f 676 675 618
f 541 540 478
f 541 478 430
f 541 430 429
f 541 429 428
f 541 428 427
f 541 427 426
f 541 426 425
f 541 425 424
f 541 424 423
f 541 423 422
f 541 422 421
f 541 421 420
f 541 420 419
f 541 419 418
f 541 418 417
f 541 417 416
f 541 416 415
f 281 280 802
f 786 785 864
f 890 889 711
f 677 676 618
f 677 618 617
f 677 617 616
f 677 616 615
f 677 615 614
f 542 541 415
f 287 281 802
f 287 802 801
f 287 801 800
f 287 800 799
f 287 799 798
f 287 798 797
f 287 797 796
f 287 796 795
f 287 795 794
f 287 794 793
f 287 793 792
f 287 792 791
f 287 791 790
f 287 790 789
f 287 789 788
f 287 788 787
f 287 787 786
f 287 786 864
f 287 864 863
f 287 863 862
f 287 862 861
f 287 861 860
f 287 860 859
f 287 859 858
f 287 858 857
f 287 857 856
f 287 856 855
f 287 855 854
f 287 854 853
f 287 853 852
f 891 890 711
f 543 542 415
f 892 891 711
f 544 543 415
f 893 892 711
f 545 544 415
f 894 893 711
f 546 545 415
f 895 894 711
f 547 546 415
f 896 895 711
f 548 547 415
f 897 896 711
f 549 548 415
f 898 897 711
f 550 549 415
f 899 898 711
f 551 550 415
f 900 899 711
f 552 551 415
f 901 900 711
f 553 552 415
f 902 901 711
f 554 553 415
f 903 902 711
f 903 711 710
f 903 710 709
f 555 554 415
f 904 903 709
f 556 555 415
f 905 904 709
f 905 709 708
f 905 708 707
f 905 707 706
f 905 706 705
f 905 705 704
f 905 704 703
f 905 703 702
f 905 702 701
f 905 701 700
f 905 700 699
f 905 699 698
f 905 698 697
f 905 697 696
f 905 696 695
f 905 695 694
f 557 556 415
f 906 905 694
f 558 557 415
f 558 415 391
f 839 906 694
f 559 558 391
f 840 839 694
f 560 559 391
f 841 840 694
f 561 560 391
f 842 841 694
f 562 561 391
f 843 842 694
f 563 562 391
f 844 843 694
f 564 563 391
f 845 844 694
f 565 564 391
f 846 845 694
f 566 565 391
f 847 846 694
f 567 566 391
f 848 847 694
f 568 567 391
f 849 848 694
f 569 568 391
f 850 849 694
f 570 569 391
f 851 850 694
f 571 570 391
f 852 851 694
f 572 571 391
f 287 852 694
f 287 694 693
f 573 572 391
f 573 391 390
f 573 390 389
f 316 287 693
f 316 693 692
f 316 692 691
f 316 691 690
f 316 690 689
f 316 689 688
f 316 688 687
f 316 687 686
f 316 686 685
f 316 685 684
f 316 684 683
f 316 683 682
f 316 682 681
f 316 681 680
f 316 680 679
f 316 679 678
f 316 678 677
f 316 677 614
f 574 573 389
f 317 316 614
f 575 574 389
f 575 389 388
f 575 388 387
f 575 387 386
f 575 386 385
f 575 385 365
f 318 317 614
f 610 575 365
f 610 365 364
f 610 364 363
f 610 363 362
f 319 318 614
f 611 610 362
f 611 362 361
f 611 361 360
f 611 360 359
f 611 359 358
f 611 358 357
f 611 357 356
f 611 356 355
f 611 355 354
f 611 354 353
f 611 353 352
f 320 319 614
f 614 611 352
f 614 352 351
f 614 351 350
f 614 350 349
f 614 349 348
f 614 348 347
f 614 347 346
f 614 346 345
f 614 345 344
f 614 344 343
f 614 343 342
f 614 342 341
f 614 341 321
f 614 321 320
f 1534 1535 1431
f 1533 1534 1431
f 1431 1535 1536
f 1429 1430 1431
f 1428 1429 1431
f 1427 1428 1431
f 1426 1427 1431
f 1425 1426 1431
f 1424 1425 1431
f 1423 1424 1431
f 1422 1423 1431
f 1421 1422 1431
f 1420 1421 1431
f 1419 1420 1431
f 1418 1419 1431
f 1417 1418 1431
f 1416 1417 1431
f 1415 1416 1431
f 1414 1415 1431
f 1413 1414 1431
f 1412 1413 1431
f 1411 1412 1431
f 1410 1411 1431
f 1409 1410 1431
f 1408 1409 1431
f 1407 1408 1431
f 1406 1407 1431
f 1405 1406 1431
f 1404 1405 1431
f 1403 1404 1431
f 1402 1403 1431
f 1401 1402 1431
f 1400 1401 1431
f 1399 1400 1431
f 1398 1399 1431
f 1396 1397 1398
f 1394 1395 1396
f 1393 1394 1396
f 1392 1393 1396
f 1391 1392 1396
f 1322 1323 1324
f 1321 1322 1324
f 1320 1321 1324
f 1319 1320 1324
f 1318 1319 1324
f 1317 1318 1324
f 1316 1317 1324
f 1315 1316 1324
f 1314 1315 1324
f 1313 1314 1324
f 1311 1312 1313
f 1276 1277 1278
f 1275 1276 1278
f 1256 1257 1258
f 1255 1256 1258
f 1254 1255 1258
f 1253 1254 1258
f 1252 1253 1258
f 1251 1252 1258
f 1250 1251 1258
f 1249 1250 1258
f 1248 1249 1258
f 1247 1248 1258
f 1246 1247 1258
f 1245 1246 1258
f 1244 1245 1258
f 1243 1244 1258
f 1242 1243 1258
f 1241 1242 1258
f 1240 1241 1258
f 1239 1240 1258
f 1186 1187 1188
f 1185 1186 1188
f 1184 1185 1188
f 1183 1184 1188
f 1182 1183 1188
f 1181 1182 1188
f 1180 1181 1188
f 1179 1180 1188
f 1178 1179 1188
f 1177 1178 1188
f 1176 1177 1188
f 1175 1176 1188
f 1174 1175 1188
f 1173 1174 1188
f 1172 1173 1188
f 1171 1172 1188
f 1170 1171 1188
f 1169 1170 1188
f 1167 1168 1169
f 1166 1167 1169
f 1165 1166 1169
f 1164 1165 1169
f 1163 1164 1169
f 1162 1163 1169
f 1161 1162 1169
f 1160 1161 1169
f 1159 1160 1169
f 1158 1159 1169
f 1157 1158 1169
f 1156 1157 1169
f 1155 1156 1169
f 1154 1155 1169
f 1153 1154 1169
f 1152 1153 1169
f 1151 1152 1169
f 1150 1151 1169
f 1149 1150 1169
f 1148 1149 1169
f 1147 1148 1169
f 1146 1147 1169
f 1145 1146 1169
f 1144 1145 1169
f 1143 1144 1169
f 1142 1143 1169
f 1124 1125 1126
f 1123 1124 1126
f 1122 1123 1126
f 1121 1122 1126
f 1120 1121 1126
f 1119 1120 1126
f 1118 1119 1126
f 1117 1118 1126
f 1114 1115 1116
f 1113 1114 1116
f 1112 1113 1116
f 1111 1112 1116
f 1110 1111 1116
f 1109 1110 1116
f 1108 1109 1116
f 1107 1108 1116
f 1106 1107 1116
f 1105 1106 1116
f 1104 1105 1116
f 1103 1104 1116
f 1102 1103 1116
f 1101 1102 1116
f 1100 1101 1116
f 1099 1100 1116
f 1098 1099 1116
f 1097 1098 1116
f 1096 1097 1116
f 1076 1077 1078
f 1075 1076 1078
f 1074 1075 1078
f 1073 1074 1078
f 1072 1073 1078
f 1071 1072 1078
f 1070 1071 1078
f 1069 1070 1078
f 1068 1069 1078
f 1067 1068 1078
f 1066 1067 1078
f 1065 1066 1078
f 1064 1065 1078
f 1063 1064 1078
f 1062 1063 1078
f 1061 1062 1078
f 1060 1061 1078
f 1059 1060 1078
f 1058 1059 1078
f 1057 1058 1078
f 1056 1057 1078
f 1055 1056 1078
f 1036 1037 1038
f 1035 1036 1038
f 1034 1035 1038
f 1033 1034 1038
f 1032 1033 1038
f 1031 1032 1038
f 1030 1031 1038
f 1029 1030 1038
f 999 1000 1001
f 998 999 1001
f 997 998 1001
f 996 997 1001
f 995 996 1001
f 994 995 1001
f 993 994 1001
f 992 993 1001
f 991 992 1001
f 990 991 1001
f 989 990 1001
f 988 989 1001
f 987 988 1001
f 986 987 1001
f 985 986 1001
f 962 963 964
f 961 962 964
f 960 961 964
f 959 960 964
f 958 959 964
f 957 958 964
f 956 957 964
f 955 956 964
f 954 955 964
f 953 954 964
f 952 953 964
f 951 952 964
f 946 947 948
f 945 946 948
f 927 928 929
f 926 927 929
f 925 926 929
f 924 925 929
f 923 924 929
f 922 923 929
f 921 922 929
f 920 921 929
f 919 920 929
f 918 919 929
f 917 918 929
f 916 917 929
f 915 916 929
f 914 915 929
f 913 914 929
f 912 913 929
f 911 912 929
f 910 911 929
f 907 908 909
f 1502 907 909
f 1501 1502 909
f 1500 1501 909
f 1499 1500 909
f 1498 1499 909
f 1497 1498 909
f 1496 1497 909
f 1495 1496 909
f 1494 1495 909
f 1493 1494 909
f 1492 1493 909
f 1491 1492 909
f 1490 1491 909
f 1489 1490 909
f 1488 1489 909
f 1487 1488 909
f 1486 1487 909
f 1484 1485 1486
f 1483 1484 1486
f 1482 1483 1486
f 1481 1482 1486
f 1480 1481 1486
f 1479 1480 1486
f 1478 1479 1486
f 1477 1478 1486
f 1476 1477 1486
f 1475 1476 1486
f 1474 1475 1486
f 1473 1474 1486
f 1432 1433 1434
f 1533 1431 1432
f 1431 1536 1537
f 1398 1431 1537
f 1391 1396 1398
f 1390 1391 1398
f 1389 1390 1398
f 1388 1389 1398
f 1387 1388 1398
f 1386 1387 1398
f 1385 1386 1398
f 1384 1385 1398
f 1383 1384 1398
f 1382 1383 1398
f 1381 1382 1398
f 1380 1381 1398
f 1379 1380 1398
f 1378 1379 1398
f 1377 1378 1398
f 1376 1377 1398
f 1375 1376 1398
f 1311 1313 1324
f 1310 1311 1324
f 1309 1310 1324
f 1308 1309 1324
f 1307 1308 1324
f 1306 1307 1324
f 1305 1306 1324
f 1304 1305 1324
f 1303 1304 1324
f 1302 1303 1324
f 1301 1302 1324
f 1300 1301 1324
f 1299 1300 1324
f 1298 1299 1324
f 1297 1298 1324
f 1296 1297 1324
f 1295 1296 1324
f 1239 1258 1259
f 1169 1188 1189
f 1117 1126 1127
f 1096 1116 1117
f 1095 1096 1117
f 1055 1078 1079
f 1029 1038 1039
f 985 1001 1002
f 951 964 965
f 945 948 949
f 910 929 930
f 1486 909 910
f 1473 1486 910
f 1472 1473 910
f 1471 1472 910
f 1470 1471 910
f 1469 1470 910
f 1468 1469 910
f 1533 1432 1434
f 1532 1533 1434
f 1531 1532 1434
f 1530 1531 1434
f 1529 1530 1434
f 1528 1529 1434
f 1398 1537 1538
f 1295 1324 1325
f 1239 1259 1260
f 1169 1189 1190
f 1117 1127 1128
f 1029 1039 1040
f 985 1002 1003
f 951 965 966
f 945 949 950
f 1468 910 930
f 1528 1434 1435
f 1398 1538 1539
f 1295 1325 1326
f 1239 1260 1261
f 1169 1190 1191
f 1117 1128 1129
f 1029 1040 1041
f 985 1003 1004
f 951 966 967
f 945 950 951
f 1468 930 931
f 1528 1435 1436
f 1398 1539 1540
f 1295 1326 1327
f 1239 1261 1262
f 1169 1191 1192
f 1117 1129 1130
f 1029 1041 1042
f 985 1004 1005
f 951 967 968
f 1468 931 932
f 1528 1436 1437
f 1398 1540 1541
f 1295 1327 1328
f 1294 1295 1328
f 1293 1294 1328
f 1292 1293 1328
f 1291 1292 1328
f 1290 1291 1328
f 1289 1290 1328
f 1288 1289 1328
f 1287 1288 1328
f 1286 1287 1328
f 1285 1286 1328
f 1284 1285 1328
f 1283 1284 1328
f 1282 1283 1328
f 1239 1262 1263
f 1169 1192 1193
f 1117 1130 1131
f 1029 1042 1043
f 951 968 969
f 1468 932 933
f 1528 1437 1438
f 1398 1541 1542
f 1282 1328 1329
f 1239 1263 1264
f 1169 1193 1194
f 1117 1131 1132
f 1029 1043 1044
f 951 969 970
f 1468 933 934
f 1528 1438 1439
f 1398 1542 1543
f 1282 1329 1330
f 1239 1264 1265
f 1169 1194 1195
f 1117 1132 1133
f 1029 1044 1045
f 951 970 971
f 1468 934 935
f 1528 1439 1440
f 1398 1543 1544
f 1282 1330 1331
f 1239 1265 1266
f 1169 1195 1196
f 1117 1133 1134
f 1029 1045 1046
f 951 971 972
f 1468 935 936
f 1528 1440 1441
f 1398 1544 1545
f 1282 1331 1332
f 1239 1266 1267
f 1169 1196 1197
f 1117 1134 1135
f 1029 1046 1047
f 951 972 973
f 1468 936 937
f 1528 1441 1442
f 1398 1545 1546
f 1282 1332 1333
f 1239 1267 1268
f 1169 1197 1198
f 1117 1135 1136
f 1095 1117 1136
f 1029 1047 1048
f 951 973 974
f 1468 937 938
f 1528 1442 1443
f 1398 1546 1547
f 1282 1333 1334
f 1239 1268 1269
f 1169 1198 1199
f 1095 1136 1137
f 1029 1048 1049
f 951 974 975
f 1468 938 939
f 1528 1443 1444
f 1398 1547 1548
f 1282 1334 1335
f 1239 1269 1270
f 1169 1199 1200
f 1095 1137 1138
f 951 975 976
f 1468 939 940
f 1528 1444 1445
f 1398 1548 1549
f 1282 1335 1336
f 1239 1270 1271
f 1169 1200 1201
f 1095 1138 1139
f 951 976 977
f 1468 940 941
f 1528 1445 1446
f 1398 1549 1550
f 1282 1336 1337
f 1239 1271 1272
f 1169 1201 1202
f 1095 1139 1140
f 951 977 978
f 1468 941 942
f 1528 1446 1447
f 1398 1550 1551
f 1282 1337 1338
f 1239 1272 1273
f 1169 1202 1203
f 1095 1140 1141
f 951 978 979
f 1468 942 943
f 1528 1447 1448
f 1398 1551 1552
f 1375 1398 1552
f 1282 1338 1339
f 1239 1273 1274
f 1169 1203 1204
f 1142 1169 1204
f 1095 1141 1142
f 1094 1095 1142
f 951 979 980
f 1468 943 944
f 1467 1468 944
f 1466 1467 944
f 1528 1448 1449
f 1375 1552 1553
f 1282 1339 1340
f 1142 1204 1205
f 1094 1142 1205
f 1093 1094 1205
f 1092 1093 1205
f 1091 1092 1205
f 1090 1091 1205
f 1089 1090 1205
f 1088 1089 1205
f 1087 1088 1205
f 1086 1087 1205
f 1085 1086 1205
f 1084 1085 1205
f 1083 1084 1205
f 1082 1083 1205
f 1081 1082 1205
f 1080 1081 1205
f 1079 1080 1205
f 1466 944 945
f 1528 1449 1450
f 1375 1553 1554
f 1282 1340 1341
f 1281 1282 1341
f 1280 1281 1341
f 1279 1280 1341
f 1278 1279 1341
f 1079 1205 1206
f 1466 945 951
f 1465 1466 951
f 1464 1465 951
f 1463 1464 951
f 1462 1463 951
f 1461 1462 951
f 1460 1461 951
f 1459 1460 951
f 1458 1459 951
f 1457 1458 951
f 1456 1457 951
f 1455 1456 951
f 1454 1455 951
f 1453 1454 951
f 1452 1453 951
f 1451 1452 951
f 1450 1451 951
f 1528 1450 951
f 1527 1528 951
f 1526 1527 951
f 1525 1526 951
f 1524 1525 951
f 1523 1524 951
f 1522 1523 951
f 1521 1522 951
f 1520 1521 951
f 1519 1520 951
f 1518 1519 951
f 1517 1518 951
f 1516 1517 951
f 1375 1554 1555
f 1079 1206 1207
f 1375 1555 1556
f 1079 1207 1208
f 1375 1556 1557
f 1079 1208 1209
f 1375 1557 1558
f 1079 1209 1210
f 1375 1558 1559
f 1079 1210 1211
f 1375 1559 1560
f 1079 1211 1212
f 1375 1560 1561
f 1079 1212 1213
f 1375 1561 1562
f 1079 1213 1214
f 1375 1562 1563
f 1079 1214 1215
f 1375 1563 1564
f 1079 1215 1216
f 1375 1564 1565
f 1079 1216 1217
f 1375 1565 1566
f 1079 1217 1218
f 1375 1566 1567
f 1374 1375 1567
f 1373 1374 1567
f 1079 1218 1219
f 1373 1567 1568
f 1079 1219 1220
f 1373 1568 1569
f 1372 1373 1569
f 1371 1372 1569
f 1370 1371 1569
f 1369 1370 1569
f 1368 1369 1569
f 1367 1368 1569
f 1366 1367 1569
f 1365 1366 1569
f 1364 1365 1569
f 1363 1364 1569
f 1362 1363 1569
f 1361 1362 1569
f 1360 1361 1569
f 1359 1360 1569
f 1358 1359 1569
f 1079 1220 1221
f 1358 1569 1570
f 1079 1221 1222
f 1055 1079 1222
f 1358 1570 1503
f 1055 1222 1223
f 1358 1503 1504
f 1055 1223 1224
f 1358 1504 1505
f 1055 1224 1225
f 1358 1505 1506
f 1055 1225 1226
f 1358 1506 1507
f 1055 1226 1227
f 1358 1507 1508
f 1055 1227 1228
f 1358 1508 1509
f 1055 1228 1229
f 1358 1509 1510
f 1055 1229 1230
f 1358 1510 1511
f 1055 1230 1231
f 1358 1511 1512
f 1055 1231 1232
f 1358 1512 1513
f 1055 1232 1233
f 1358 1513 1514
f 1055 1233 1234
f 1358 1514 1515
f 1055 1234 1235
f 1358 1515 1516
f 1055 1235 1236
f 1358 1516 951
f 1357 1358 951
f 1055 1236 1237
f 1054 1055 1237
f 1053 1054 1237
f 1357 951 980
f 1356 1357 980
f 1355 1356 980
f 1354 1355 980
f 1353 1354 980
f 1352 1353 980
f 1351 1352 980
f 1350 1351 980
f 1349 1350 980
f 1348 1349 980
f 1347 1348 980
f 1346 1347 980
f 1345 1346 980
f 1344 1345 980
f 1343 1344 980
f 1342 1343 980
f 1341 1342 980
f 1278 1341 980
f 1053 1237 1238
f 1278 980 981
f 1053 1238 1239
f 1052 1053 1239
f 1051 1052 1239
f 1050 1051 1239
f 1049 1050 1239
f 1029 1049 1239
f 1278 981 982
f 1029 1239 1274
f 1028 1029 1274
f 1027 1028 1274
f 1026 1027 1274
f 1278 982 983
f 1026 1274 1275
f 1025 1026 1275
f 1024 1025 1275
f 1023 1024 1275
f 1022 1023 1275
f 1021 1022 1275
f 1020 1021 1275
f 1019 1020 1275
f 1018 1019 1275
f 1017 1018 1275
f 1016 1017 1275
f 1278 983 984
f 1016 1275 1278
f 1015 1016 1278
f 1014 1015 1278
f 1013 1014 1278
f 1012 1013 1278
f 1011 1012 1278
f 1010 1011 1278
f 1009 1010 1278
f 1008 1009 1278
f 1007 1008 1278
f 1006 1007 1278
f 1005 1006 1278
f 985 1005 1278
f 984 985 1278
f 243 908 907
f 244 908 243
f 244 909 908
f 245 909 244
f 245 910 909
f 246 910 245
f 246 911 910
f 247 911 246
f 247 912 911
f 248 912 247
f 248 913 912
f 249 913 248
f 249 914 913
f 250 914 249
f 250 915 914
f 251 915 250
f 251 916 915
f 252 916 251
f 252 917 916
f 253 917 252
f 253 918 917
f 254 918 253
f 254 919 918
f 255 919 254
f 255 920 919
f 256 920 255
f 256 921 920
f 257 921 256
f 257 922 921
f 258 922 257
f 258 923 922
f 259 923 258
f 259 924 923
f 260 924 259
f 260 925 924
f 261 925 260
f 261 926 925
f 262 926 261
f 262 927 926
f 263 927 262
f 263 928 927
f 264 928 263
f 264 929 928
f 265 929 264
f 265 930 929
f 266 930 265
f 266 931 930
f 267 931 266
f 267 932 931
f 268 932 267
f 268 933 932
f 269 933 268
f 269 934 933
f 270 934 269
f 270 935 934
f 271 935 270
f 271 936 935
f 272 936 271
f 272 937 936
f 273 937 272
f 273 938 937
f 274 938 273
f 274 939 938
f 275 939 274
f 275 940 939
f 276 940 275
f 276 941 940
f 277 941 276
f 277 942 941
f 278 942 277
f 278 943 942
f 279 943 278
f 279 944 943
f 280 944 279
f 280 945 944
f 281 945 280
f 281 946 945
f 282 946 281
f 282 947 946
f 283 947 282
f 283 948 947
f 284 948 283
f 284 949 948
f 285 949 284
f 285 950 949
f 286 950 285
f 286 951 950
f 287 951 286
f 287 952 951
f 288 952 287
f 288 953 952
f 289 953 288
f 289 954 953
f 290 954 289
f 290 955 954
f 291 955 290
f 291 956 955
f 292 956 291
f 292 957 956
f 293 957 292
f 293 958 957
f 294 958 293
f 294 959 958
f 295 959 294
f 295 960 959
f 296 960 295
f 296 961 960
f 297 961 296
f 297 962 961
f 298 962 297
f 298 963 962
f 299 963 298
f 299 964 963
f 300 964 299
f 300 965 964
f 301 965 300
f 301 966 965
f 302 966 301
f 302 967 966
f 303 967 302
f 303 968 967
f 304 968 303
f 304 969 968
f 305 969 304
f 305 970 969
f 306 970 305
f 306 971 970
f 307 971 306
f 307 972 971
f 308 972 307
f 308 973 972
f 309 973 308
f 309 974 973
f 310 974 309
f 310 975 974
f 311 975 310
f 311 976 975
f 312 976 311
f 312 977 976
f 313 977 312
f 313 978 977
f 314 978 313
f 314 979 978
f 315 979 314
f 315 980 979
f 316 980 315
f 316 981 980
f 317 981 316
f 317 982 981
f 318 982 317
f 318 983 982
f 319 983 318
f 319 984 983
f 320 984 319
f 320 985 984
f 321 985 320
f 321 986 985
f 322 986 321
f 322 987 986
f 323 987 322
f 323 988 987
f 324 988 323
f 324 989 988
f 325 989 324
f 325 990 989
f 326 990 325
f 326 991 990
f 327 991 326
f 327 992 991
f 328 992 327
f 328 993 992
f 329 993 328
f 329 994 993
f 330 994 329
f 330 995 994
f 331 995 330
f 331 996 995
f 332 996 331
f 332 997 996
f 333 997 332
f 333 998 997
f 334 998 333
f 334 999 998
f 335 999 334
f 335 1000 999
f 336 1000 335
f 336 1001 1000
f 337 1001 336
f 337 1002 1001
f 338 1002 337
f 338 1003 1002
f 339 1003 338
f 339 1004 1003
f 340 1004 339
f 340 1005 1004
f 341 1005 340
f 341 1006 1005
f 342 1006 341
f 342 1007 1006
f 343 1007 342
f 343 1008 1007
f 344 1008 343
f 344 1009 1008
f 345 1009 344
f 345 1010 1009
f 346 1010 345
f 346 1011 1010
f 347 1011 346
f 347 1012 1011
f 348 1012 347
f 348 1013 1012
f 349 1013 348
f 349 1014 1013
f 350 1014 349
f 350 1015 1014
f 351 1015 350
f 351 1016 1015
f 352 1016 351
f 352 1017 1016
f 353 1017 352
f 353 1018 1017
f 354 1018 353
f 354 1019 1018
f 355 1019 354
f 355 1020 1019
f 356 1020 355
f 356 1021 1020
f 357 1021 356
f 357 1022 1021
f 358 1022 357
f 358 1023 1022
f 359 1023 358
f 359 1024 1023
f 360 1024 359
f 360 1025 1024
f 361 1025 360
f 361 1026 1025
f 362 1026 361
f 362 1027 1026
f 363 1027 362
f 363 1028 1027
f 364 1028 363
f 364 1029 1028
f 365 1029 364
f 365 1030 1029
f 366 1030 365
f 366 1031 1030
f 367 1031 366
f 367 1032 1031
f 368 1032 367
f 368 1033 1032
f 369 1033 368
f 369 1034 1033
f 370 1034 369
f 370 1035 1034
f 371 1035 370
f 371 1036 1035
f 372 1036 371
f 372 1037 1036
f 373 1037 372
f 373 1038 1037
f 374 1038 373
f 374 1039 1038
f 375 1039 374
f 375 1040 1039
f 376 1040 375
f 376 1041 1040
f 377 1041 376
f 377 1042 1041
f 378 1042 377
f 378 1043 1042
f 379 1043 378
f 379 1044 1043
f 380 1044 379
f 380 1045 1044
f 381 1045 380
f 381 1046 1045
f 382 1046 381
f 382 1047 1046
f 383 1047 382
f 383 1048 1047
f 384 1048 383
f 384 1049 1048
f 385 1049 384
f 385 1050 1049
f 386 1050 385
f 386 1051 1050
f 387 1051 386
f 387 1052 1051
f 388 1052 387
f 388 1053 1052
f 389 1053 388
f 389 1054 1053
f 390 1054 389
f 390 1055 1054
f 391 1055 390
f 391 1056 1055
f 392 1056 391
f 392 1057 1056
f 393 1057 392
f 393 1058 1057
f 394 1058 393
f 394 1059 1058
f 395 1059 394
f 395 1060 1059
f 396 1060 395
f 396 1061 1060
f 397 1061 396
f 397 1062 1061
f 398 1062 397
f 398 1063 1062
f 399 1063 398
f 399 1064 1063
f 400 1064 399
f 400 1065 1064
f 401 1065 400
f 401 1066 1065
f 402 1066 401
f 402 1067 1066
f 403 1067 402
f 403 1068 1067
f 404 1068 403
f 404 1069 1068
f 405 1069 404
f 405 1070 1069
f 406 1070 405
f 406 1071 1070
f 407 1071 406
f 407 1072 1071
f 408 1072 407
f 408 1073 1072
f 409 1073 408
f 409 1074 1073
f 410 1074 409
f 410 1075 1074
f 411 1075 410
f 411 1076 1075
f 412 1076 411
f 412 1077 1076
f 413 1077 412
f 413 1078 1077
f 414 1078 413
f 414 1079 1078
f 415 1079 414
f 415 1080 1079
f 416 1080 415
f 416 1081 1080
f 417 1081 416
f 417 1082 1081
f 418 1082 417
f 418 1083 1082
f 419 1083 418
f 419 1084 1083
f 420 1084 419
f 420 1085 1084
f 421 1085 420
f 421 1086 1085
f 422 1086 421
f 422 1087 1086
f 423 1087 422
f 423 1088 1087
f 424 1088 423
f 424 1089 1088
f 425 1089 424
f 425 1090 1089
f 426 1090 425
f 426 1091 1090
f 427 1091 426
f 427 1092 1091
f 428 1092 427
f 428 1093 1092
f 429 1093 428
f 429 1094 1093
f 430 1094 429
f 430 1095 1094
f 431 1095 430
f 431 1096 1095
f 432 1096 431
f 432 1097 1096
f 433 1097 432
f 433 1098 1097
f 434 1098 433
f 434 1099 1098
f 435 1099 434
f 435 1100 1099
f 436 1100 435
f 436 1101 1100
f 437 1101 436
f 437 1102 1101
f 438 1102 437
f 438 1103 1102
f 439 1103 438
f 439 1104 1103
f 440 1104 439
f 440 1105 1104
f 441 1105 440
f 441 1106 1105
f 442 1106 441
f 442 1107 1106
f 443 1107 442
f 443 1108 1107
f 444 1108 443
f 444 1109 1108
f 445 1109 444
f 445 1110 1109
f 446 1110 445
f 446 1111 1110
f 447 1111 446
f 447 1112 1111
f 448 1112 447
f 448 1113 1112
f 449 1113 448
f 449 1114 1113
f 450 1114 449
f 450 1115 1114
f 451 1115 450
f 451 1116 1115
f 452 1116 451
f 452 1117 1116
f 453 1117 452
f 453 1118 1117
f 454 1118 453
f 454 1119 1118
f 455 1119 454
f 455 1120 1119
f 456 1120 455
f 456 1121 1120
f 457 1121 456
f 457 1122 1121
f 458 1122 457
f 458 1123 1122
f 459 1123 458
f 459 1124 1123
f 460 1124 459
f 460 1125 1124
f 461 1125 460
f 461 1126 1125
f 462 1126 461
f 462 1127 1126
f 463 1127 462
f 463 1128 1127
f 464 1128 463
f 464 1129 1128
f 465 1129 464
f 465 1130 1129
f 466 1130 465
f 466 1131 1130
f 467 1131 466
f 467 1132 1131
f 468 1132 467
f 468 1133 1132
f 469 1133 468
f 469 1134 1133
f 470 1134 469
f 470 1135 1134
f 471 1135 470
f 471 1136 1135
f 472 1136 471
f 472 1137 1136
f 473 1137 472
f 473 1138 1137
f 474 1138 473
f 474 1139 1138
f 475 1139 474
f 475 1140 1139
f 476 1140 475
f 476 1141 1140
f 477 1141 476
f 477 1142 1141
f 478 1142 477
f 478 1143 1142
f 479 1143 478
f 479 1144 1143
f 480 1144 479
f 480 1145 1144
f 481 1145 480
f 481 1146 1145
f 482 1146 481
f 482 1147 1146
f 483 1147 482
f 483 1148 1147
f 484 1148 483
f 484 1149 1148
f 485 1149 484
f 485 1150 1149
f 486 1150 485
f 486 1151 1150
f 487 1151 486
f 487 1152 1151
f 488 1152 487
f 488 1153 1152
f 489 1153 488
f 489 1154 1153
f 490 1154 489
f 490 1155 1154
f 491 1155 490
f 491 1156 1155
f 492 1156 491
f 492 1157 1156
f 493 1157 492
f 493 1158 1157
f 494 1158 493
f 494 1159 1158
f 495 1159 494
f 495 1160 1159
f 496 1160 495
f 496 1161 1160
f 497 1161 496
f 497 1162 1161
f 498 1162 497
f 498 1163 1162
f 499 1163 498
f 499 1164 1163
f 500 1164 499
f 500 1165 1164
f 501 1165 500
f 501 1166 1165
f 502 1166 501
f 502 1167 1166
f 503 1167 502
f 503 1168 1167
f 504 1168 503
f 504 1169 1168
f 505 1169 504
f 505 1170 1169
f 506 1170 505
f 506 1171 1170
f 507 1171 506
f 507 1172 1171
f 508 1172 507
f 508 1173 1172
f 509 1173 508
f 509 1174 1173
f 510 1174 509
f 510 1175 1174
f 511 1175 510
f 511 1176 1175
f 512 1176 511
f 512 1177 1176
f 513 1177 512
f 513 1178 1177
f 514 1178 513
f 514 1179 1178
f 515 1179 514
f 515 1180 1179
f 516 1180 515
f 516 1181 1180
f 517 1181 516
f 517 1182 1181
f 518 1182 517
f 518 1183 1182
f 519 1183 518
f 519 1184 1183
f 520 1184 519
f 520 1185 1184
f 521 1185 520
f 521 1186 1185
f 522 1186 521
f 522 1187 1186
f 523 1187 522
f 523 1188 1187
f 524 1188 523
f 524 1189 1188
f 525 1189 524
f 525 1190 1189
f 526 1190 525
f 526 1191 1190
f 527 1191 526
f 527 1192 1191
f 528 1192 527
f 528 1193 1192
f 529 1193 528
f 529 1194 1193
f 530 1194 529
f 530 1195 1194
f 531 1195 530
f 531 1196 1195
f 532 1196 531
f 532 1197 1196
f 533 1197 532
f 533 1198 1197
f 534 1198 533
f 534 1199 1198
f 535 1199 534
f 535 1200 1199
f 536 1200 535
f 536 1201 1200
f 537 1201 536
f 537 1202 1201
f 538 1202 537
f 538 1203 1202
f 539 1203 538
f 539 1204 1203
f 540 1204 539
f 540 1205 1204
f 541 1205 540
f 541 1206 1205
f 542 1206 541
f 542 1207 1206
f 543 1207 542
f 543 1208 1207
f 544 1208 543
f 544 1209 1208
f 545 1209 544
f 545 1210 1209
f 546 1210 545
f 546 1211 1210
f 547 1211 546
f 547 1212 1211
f 548 1212 547
f 548 1213 1212
f 549 1213 548
f 549 1214 1213
f 550 1214 549
f 550 1215 1214
f 551 1215 550
f 551 1216 1215
f 552 1216 551
f 552 1217 1216
f 553 1217 552
f 553 1218 1217
f 554 1218 553
f 554 1219 1218
f 555 1219 554
f 555 1220 1219
f 556 1220 555
f 556 1221 1220
f 557 1221 556
f 557 1222 1221
f 558 1222 557
f 558 1223 1222
f 559 1223 558
f 559 1224 1223
f 560 1224 559
f 560 1225 1224
f 561 1225 560
f 561 1226 1225
f 562 1226 561
f 562 1227 1226
f 563 1227 562
f 563 1228 1227
f 564 1228 563
f 564 1229 1228
f 565 1229 564
f 565 1230 1229
f 566 1230 565
f 566 1231 1230
f 567 1231 566
f 567 1232 1231
f 568 1232 567
f 568 1233 1232
f 569 1233 568
f 569 1234 1233
f 570 1234 569
f 570 1235 1234
f 571 1235 570
f 571 1236 1235
f 572 1236 571
f 572 1237 1236
f 573 1237 572
f 573 1238 1237
f 574 1238 573
f 574 1239 1238
f 575 1239 574
f 575 1240 1239
f 576 1240 575
f 576 1241 1240
f 577 1241 576
f 577 1242 1241
f 578 1242 577
f 578 1243 1242
f 579 1243 578
f 579 1244 1243
f 580 1244 579
f 580 1245 1244
f 581 1245 580
f 581 1246 1245
f 582 1246 581
f 582 1247 1246
f 583 1247 582
f 583 1248 1247
f 584 1248 583
f 584 1249 1248
f 585 1249 584
f 585 1250 1249
f 586 1250 585
f 586 1251 1250
f 587 1251 586
f 587 1252 1251
f 588 1252 587
f 588 1253 1252
f 589 1253 588
f 589 1254 1253
f 590 1254 589
f 590 1255 1254
f 591 1255 590
f 591 1256 1255
f 592 1256 591
f 592 1257 1256
f 593 1257 592
f 593 1258 1257
f 594 1258 593
f 594 1259 1258
f 595 1259 594
f 595 1260 1259
f 596 1260 595
f 596 1261 1260
f 597 1261 596
f 597 1262 1261
f 598 1262 597
f 598 1263 1262
f 599 1263 598
f 599 1264 1263
f 600 1264 599
f 600 1265 1264
f 601 1265 600
f 601 1266 1265
f 602 1266 601
f 602 1267 1266
f 603 1267 602
f 603 1268 1267
f 604 1268 603
f 604 1269 1268
f 605 1269 604
f 605 1270 1269
f 606 1270 605
f 606 1271 1270
f 607 1271 606
f 607 1272 1271
f 608 1272 607
f 608 1273 1272
f 609 1273 608
f 609 1274 1273
f 610 1274 609
f 610 1275 1274
f 611 1275 610
f 611 1276 1275
f 612 1276 611
f 612 1277 1276
f 613 1277 612
f 613 1278 1277
f 614 1278 613
f 614 1279 1278
f 615 1279 614
f 615 1280 1279
f 616 1280 615
f 616 1281 1280
f 617 1281 616
f 617 1282 1281
f 618 1282 617
f 618 1283 1282
f 619 1283 618
f 619 1284 1283
f 620 1284 619
f 620 1285 1284
f 621 1285 620
f 621 1286 1285
f 622 1286 621
f 622 1287 1286
f 623 1287 622
f 623 1288 1287
f 624 1288 623
f 624 1289 1288
f 625 1289 624
f 625 1290 1289
f 626 1290 625
f 626 1291 1290
f 627 1291 626
f 627 1292 1291
f 628 1292 627
f 628 1293 1292
f 629 1293 628
f 629 1294 1293
f 630 1294 629
f 630 1295 1294
f 631 1295 630
f 631 1296 1295
f 632 1296 631
f 632 1297 1296
f 633 1297 632
f 633 1298 1297
f 634 1298 633
f 634 1299 1298
f 635 1299 634
f 635 1300 1299
f 636 1300 635
f 636 1301 1300
f 637 1301 636
f 637 1302 1301
f 638 1302 637
f 638 1303 1302
f 639 1303 638
f 639 1304 1303
f 640 1304 639
f 640 1305 1304
f 641 1305 640
f 641 1306 1305
f 642 1306 641
f 642 1307 1306
f 643 1307 642
f 643 1308 1307
f 644 1308 643
f 644 1309 1308
f 645 1309 644
f 645 1310 1309
f 646 1310 645
f 646 1311 1310
f 647 1311 646
f 647 1312 1311
f 648 1312 647
f 648 1313 1312
f 649 1313 648
f 649 1314 1313
f 650 1314 649
f 650 1315 1314
f 651 1315 650
f 651 1316 1315
f 652 1316 651
f 652 1317 1316
f 653 1317 652
f 653 1318 1317
f 654 1318 653
f 654 1319 1318
f 655 1319 654
f 655 1320 1319
f 656 1320 655
f 656 1321 1320
f 657 1321 656
f 657 1322 1321
f 658 1322 657
f 658 1323 1322
f 659 1323 658
f 659 1324 1323
f 660 1324 659
f 660 1325 1324
f 661 1325 660
f 661 1326 1325
f 662 1326 661
f 662 1327 1326
f 663 1327 662
f 663 1328 1327
f 664 1328 663
f 664 1329 1328
f 665 1329 664
f 665 1330 1329
f 666 1330 665
f 666 1331 1330
f 667 1331 666
f 667 1332 1331
f 668 1332 667
f 668 1333 1332
f 669 1333 668
f 669 1334 1333
f 670 1334 669
f 670 1335 1334
f 671 1335 670
f 671 1336 1335
f 672 1336 671
f 672 1337 1336
f 673 1337 672
f 673 1338 1337
f 674 1338 673
f 674 1339 1338
f 675 1339 674
f 675 1340 1339
f 676 1340 675
f 676 1341 1340
f 677 1341 676
f 677 1342 1341
f 678 1342 677
f 678 1343 1342
f 679 1343 678
f 679 1344 1343
f 680 1344 679
f 680 1345 1344
f 681 1345 680
f 681 1346 1345
f 682 1346 681
f 682 1347 1346
f 683 1347 682
f 683 1348 1347
f 684 1348 683
f 684 1349 1348
f 685 1349 684
f 685 1350 1349
f 686 1350 685
f 686 1351 1350
f 687 1351 686
f 687 1352 1351
f 688 1352 687
f 688 1353 1352
f 689 1353 688
f 689 1354 1353
f 690 1354 689
f 690 1355 1354
f 691 1355 690
f 691 1356 1355
f 692 1356 691
f 692 1357 1356
f 693 1357 692
f 693 1358 1357
f 694 1358 693
f 694 1359 1358
f 695 1359 694
f 695 1360 1359
f 696 1360 695
f 696 1361 1360
f 697 1361 696
f 697 1362 1361
f 698 1362 697
f 698 1363 1362
f 699 1363 698
f 699 1364 1363
f 700 1364 699
f 700 1365 1364
f 701 1365 700
f 701 1366 1365
f 702 1366 701
f 702 1367 1366
f 703 1367 702
f 703 1368 1367
f 704 1368 703
f 704 1369 1368
f 705 1369 704
f 705 1370 1369
f 706 1370 705
f 706 1371 1370
f 707 1371 706
f 707 1372 1371
f 708 1372 707
f 708 1373 1372
f 709 1373 708
f 709 1374 1373
f 710 1374 709
f 710 1375 1374
f 711 1375 710
f 711 1376 1375
f 712 1376 711
f 712 1377 1376
f 713 1377 712
f 713 1378 1377
f 714 1378 713
f 714 1379 1378
f 715 1379 714
f 715 1380 1379
f 716 1380 715
f 716 1381 1380
f 717 1381 716
f 717 1382 1381
f 718 1382 717
f 718 1383 1382
f 719 1383 718
f 719 1384 1383
f 720 1384 719
f 720 1385 1384
f 721 1385 720
f 721 1386 1385
f 722 1386 721
f 722 1387 1386
f 723 1387 722
f 723 1388 1387
f 724 1388 723
f 724 1389 1388
f 725 1389 724
f 725 1390 1389
f 726 1390 725
f 726 1391 1390
f 727 1391 726
f 727 1392 1391
f 728 1392 727
f 728 1393 1392
f 729 1393 728
f 729 1394 1393
f 730 1394 729
f 730 1395 1394
f 731 1395 730
f 731 1396 1395
f 732 1396 731
f 732 1397 1396
f 733 1397 732
f 733 1398 1397
f 734 1398 733
f 734 1399 1398
f 735 1399 734
f 735 1400 1399
f 736 1400 735
f 736 1401 1400
f 737 1401 736
f 737 1402 1401
f 738 1402 737
f 738 1403 1402
f 739 1403 738
f 739 1404 1403
f 740 1404 739
f 740 1405 1404
f 741 1405 740
f 741 1406 1405
f 742 1406 741
f 742 1407 1406
f 743 1407 742
f 743 1408 1407
f 744 1408 743
f 744 1409 1408
f 745 1409 744
f 745 1410 1409
f 746 1410 745
f 746 1411 1410
f 747 1411 746
f 747 1412 1411
f 748 1412 747
f 748 1413 1412
f 749 1413 748
f 749 1414 1413
f 750 1414 749
f 750 1415 1414
f 751 1415 750
f 751 1416 1415
f 752 1416 751
f 752 1417 1416
f 753 1417 752
f 753 1418 1417
f 754 1418 753
f 754 1419 1418
f 755 1419 754
f 755 1420 1419
f 756 1420 755
f 756 1421 1420
f 757 1421 756
f 757 1422 1421
f 758 1422 757
f 758 1423 1422
f 759 1423 758
f 759 1424 1423
f 760 1424 759
f 760 1425 1424
f 761 1425 760
f 761 1426 1425
f 762 1426 761
f 762 1427 1426
f 763 1427 762
f 763 1428 1427
f 764 1428 763
f 764 1429 1428
f 765 1429 764
f 765 1430 1429
f 766 1430 765
f 766 1431 1430
f 767 1431 766
f 767 1432 1431
f 768 1432 767
f 768 1433 1432
f 769 1433 768
f 769 1434 1433
f 770 1434 769
f 770 1435 1434
f 771 1435 770
f 771 1436 1435
f 772 1436 771
f 772 1437 1436
f 773 1437 772
f 773 1438 1437
f 774 1438 773
f 774 1439 1438
f 775 1439 774
f 775 1440 1439
f 776 1440 775
f 776 1441 1440
f 777 1441 776
f 777 1442 1441
f 778 1442 777
f 778 1443 1442
f 779 1443 778
f 779 1444 1443
f 780 1444 779
f 780 1445 1444
f 781 1445 780
f 781 1446 1445
f 782 1446 781
f 782 1447 1446
f 783 1447 782
f 783 1448 1447
f 784 1448 783
f 784 1449 1448
f 785 1449 784
f 785 1450 1449
f 786 1450 785
f 786 1451 1450
f 787 1451 786
f 787 1452 1451
f 788 1452 787
f 788 1453 1452
f 789 1453 788
f 789 1454 1453
f 790 1454 789
f 790 1455 1454
f 791 1455 790
f 791 1456 1455
f 792 1456 791
f 792 1457 1456
f 793 1457 792
f 793 1458 1457
f 794 1458 793
f 794 1459 1458
f 795 1459 794
f 795 1460 1459
f 796 1460 795
f 796 1461 1460
f 797 1461 796
f 797 1462 1461
f 798 1462 797
f 798 1463 1462
f 799 1463 798
f 799 1464 1463
f 800 1464 799
f 800 1465 1464
f 801 1465 800
f 801 1466 1465
f 802 1466 801
f 802 1467 1466
f 803 1467 802
f 803 1468 1467
f 804 1468 803
f 804 1469 1468
f 805 1469 804
f 805 1470 1469
f 806 1470 805
f 806 1471 1470
f 807 1471 806
f 807 1472 1471
f 808 1472 807
f 808 1473 1472
f 809 1473 808
f 809 1474 1473
f 810 1474 809
f 810 1475 1474
f 811 1475 810
f 811 1476 1475
f 812 1476 811
f 812 1477 1476
f 813 1477 812
f 813 1478 1477
f 814 1478 813
f 814 1479 1478
f 815 1479 814
f 815 1480 1479
f 816 1480 815
f 816 1481 1480
f 817 1481 816
f 817 1482 1481
f 818 1482 817
f 818 1483 1482
f 819 1483 818
f 819 1484 1483
f 820 1484 819
f 820 1485 1484
f 821 1485 820
f 821 1486 1485
f 822 1486 821
f 822 1487 1486
f 823 1487 822
f 823 1488 1487
f 824 1488 823
f 824 1489 1488
f 825 1489 824
f 825 1490 1489
f 826 1490 825
f 826 1491 1490
f 827 1491 826
f 827 1492 1491
f 828 1492 827
f 828 1493 1492
f 829 1493 828
f 829 1494 1493
f 830 1494 829
f 830 1495 1494
f 831 1495 830
f 831 1496 1495
f 832 1496 831
f 832 1497 1496
f 833 1497 832
f 833 1498 1497
f 834 1498 833
f 834 1499 1498
f 835 1499 834
f 835 1500 1499
f 836 1500 835
f 836 1501 1500
f 837 1501 836
f 838 907 1502
f 243 907 838
f 837 1502 1501
f 838 1502 837
f 839 1504 1503
f 840 1504 839
f 840 1505 1504
f 841 1505 840
f 841 1506 1505
f 842 1506 841
f 842 1507 1506
f 843 1507 842
f 843 1508 1507
f 844 1508 843
f 844 1509 1508
f 845 1509 844
f 845 1510 1509
f 846 1510 845
f 846 1511 1510
f 847 1511 846
f 847 1512 1511
f 848 1512 847
f 848 1513 1512
f 849 1513 848
f 849 1514 1513
f 850 1514 849
f 850 1515 1514
f 851 1515 850
f 851 1516 1515
f 852 1516 851
f 852 1517 1516
f 853 1517 852
f 853 1518 1517
f 854 1518 853
f 854 1519 1518
f 855 1519 854
f 855 1520 1519
f 856 1520 855
f 856 1521 1520
f 857 1521 856
f 857 1522 1521
f 858 1522 857
f 858 1523 1522
f 859 1523 858
f 859 1524 1523
f 860 1524 859
f 860 1525 1524
f 861 1525 860
f 861 1526 1525
f 862 1526 861
f 862 1527 1526
f 863 1527 862
f 863 1528 1527
f 864 1528 863
f 864 1529 1528
f 865 1529 864
f 865 1530 1529
f 866 1530 865
f 866 1531 1530
f 867 1531 866
f 867 1532 1531
f 868 1532 867
f 868 1533 1532
f 869 1533 868
f 869 1534 1533
f 870 1534 869
f 870 1535 1534
f 871 1535 870
f 871 1536 1535
f 872 1536 871
f 872 1537 1536
f 873 1537 872
f 873 1538 1537
f 874 1538 873
f 874 1539 1538
f 875 1539 874
f 875 1540 1539
f 876 1540 875
f 876 1541 1540
f 877 1541 876
f 877 1542 1541
f 878 1542 877
f 878 1543 1542
f 879 1543 878
f 879 1544 1543
f 880 1544 879
f 880 1545 1544
f 881 1545 880
f 881 1546 1545
f 882 1546 881
f 882 1547 1546
f 883 1547 882
f 883 1548 1547
f 884 1548 883
f 884 1549 1548
f 885 1549 884
f 885 1550 1549
f 886 1550 885
f 886 1551 1550
f 887 1551 886
f 887 1552 1551
f 888 1552 887
f 888 1553 1552
f 889 1553 888
f 889 1554 1553
f 890 1554 889
f 890 1555 1554
f 891 1555 890
f 891 1556 1555
f 892 1556 891
f 892 1557 1556
f 893 1557 892
f 893 1558 1557
f 894 1558 893
f 894 1559 1558
f 895 1559 894
f 895 1560 1559
f 896 1560 895
f 896 1561 1560
f 897 1561 896
f 897 1562 1561
f 898 1562 897
f 898 1563 1562
f 899 1563 898
f 899 1564 1563
f 900 1564 899
f 900 1565 1564
f 901 1565 900
f 901 1566 1565
f 902 1566 901
f 902 1567 1566
f 903 1567 902
f 903 1568 1567
f 904 1568 903
f 904 1569 1568
f 905 1569 904
f 906 1503 1570
f 839 1503 906
f 905 1570 1569
f 906 1570 905
f 1571 1619 1618
f 1571 1618 1617
f 1571 1617 1616
f 1571 1616 1615
f 1600 1599 1598
f 1600 1598 1597
f 1600 1597 1596
f 1600 1596 1595
f 1595 1594 1593
f 1595 1593 1592
f 1592 1591 1590
f 1592 1590 1589
f 1592 1589 1588
f 1592 1588 1587
f 1592 1587 1586
f 1592 1586 1585
f 1592 1585 1584
f 1583 1582 1581
f 1583 1581 1580
f 1583 1580 1579
f 1583 1579 1578
f 1583 1578 1577
f 1583 1577 1576
f 1583 1576 1575
f 1583 1575 1574
f 1583 1574 1573
f 1583 1573 1572
f 1583 1572 1571
f 1583 1571 1615
f 1583 1615 1614
f 1583 1614 1613
f 1583 1613 1612
f 1583 1612 1611
f 1583 1611 1610
f 1583 1610 1609
f 1583 1609 1608
f 1583 1608 1607
f 1583 1607 1606
f 1583 1606 1605
f 1583 1605 1604
f 1583 1604 1603
f 1583 1603 1602
f 1583 1602 1601
f 1583 1601 1600
f 1600 1595 1592
f 1600 1592 1584
f 1600 1584 1583
f 1667 1668 1620
f 1666 1667 1620
f 1665 1666 1620
f 1664 1665 1620
f 1647 1648 1649
f 1646 1647 1649
f 1645 1646 1649
f 1644 1645 1649
f 1642 1643 1644
f 1641 1642 1644
f 1639 1640 1641
f 1638 1639 1641
f 1637 1638 1641
f 1636 1637 1641
f 1635 1636 1641
f 1634 1635 1641
f 1633 1634 1641
f 1630 1631 1632
f 1629 1630 1632
f 1628 1629 1632
f 1627 1628 1632
f 1626 1627 1632
f 1625 1626 1632
f 1624 1625 1632
f 1623 1624 1632
f 1622 1623 1632
f 1621 1622 1632
f 1620 1621 1632
f 1664 1620 1632
f 1663 1664 1632
f 1662 1663 1632
f 1661 1662 1632
f 1660 1661 1632
f 1659 1660 1632
f 1658 1659 1632
f 1657 1658 1632
f 1656 1657 1632
f 1655 1656 1632
f 1654 1655 1632
f 1653 1654 1632
f 1652 1653 1632
f 1651 1652 1632
f 1650 1651 1632
f 1649 1650 1632
f 1641 1644 1649
f 1633 1641 1649
f 1632 1633 1649
f 1571 1621 1620
f 1572 1621 1571
f 1572 1622 1621
f 1573 1622 1572
f 1573 1623 1622
f 1574 1623 1573
f 1574 1624 1623
f 1575 1624 1574
f 1575 1625 1624
f 1576 1625 1575
f 1576 1626 1625
f 1577 1626 1576
f 1577 1627 1626
f 1578 1627 1577
f 1578 1628 1627
f 1579 1628 1578
f 1579 1629 1628
f 1580 1629 1579
f 1580 1630 1629
f 1581 1630 1580
f 1581 1631 1630
f 1582 1631 1581
f 1582 1632 1631
f 1583 1632 1582
f 1583 1633 1632
f 1584 1633 1583
f 1584 1634 1633
f 1585 1634 1584
f 1585 1635 1634
f 1586 1635 1585
f 1586 1636 1635
f 1587 1636 1586
f 1587 1637 1636
f 1588 1637 1587
f 1588 1638 1637
f 1589 1638 1588
f 1589 1639 1638
f 1590 1639 1589
f 1590 1640 1639
f 1591 1640 1590
f 1591 1641 1640
f 1592 1641 1591
f 1592 1642 1641
f 1593 1642 1592
f 1593 1643 1642
f 1594 1643 1593
f 1594 1644 1643
f 1595 1644 1594
f 1595 1645 1644
f 1596 1645 1595
f 1596 1646 1645
f 1597 1646 1596
f 1597 1647 1646
f 1598 1647 1597
f 1598 1648 1647
f 1599 1648 1598
f 1599 1649 1648
f 1600 1649 1599
f 1600 1650 1649
f 1601 1650 1600
f 1601 1651 1650
f 1602 1651 1601
f 1602 1652 1651
f 1603 1652 1602
f 1603 1653 1652
f 1604 1653 1603
f 1604 1654 1653
f 1605 1654 1604
f 1605 1655 1654
f 1606 1655 1605
f 1606 1656 1655
f 1607 1656 1606
f 1607 1657 1656
f 1608 1657 1607
f 1608 1658 1657
f 1609 1658 1608
f 1609 1659 1658
f 1610 1659 1609
f 1610 1660 1659
f 1611 1660 1610
f 1611 1661 1660
f 1612 1661 1611
f 1612 1662 1661
f 1613 1662 1612
f 1613 1663 1662
f 1614 1663 1613
f 1614 1664 1663
f 1615 1664 1614
f 1615 1665 1664
f 1616 1665 1615
f 1616 1666 1665
f 1617 1666 1616
f 1617 1667 1666
f 1618 1667 1617
f 1619 1620 1668
f 1571 1620 1619
f 1618 1668 1667
f 1619 1668 1618
f 1669 1821 1820
f 1669 1820 1819
f 1669 1819 1818
f 1669 1818 1817
f 1802 1801 1800
f 1802 1800 1799
f 1802 1799 1798
f 1802 1798 1797
f 1802 1797 1796
f 1796 1795 1794
f 1796 1794 1793
f 1796 1793 1792
f 1796 1792 1791
f 1796 1791 1790
f 1796 1790 1789
f 1796 1789 1788
f 1796 1788 1787
f 1796 1787 1786
f 1796 1786 1785
f 1796 1785 1784
f 1796 1784 1783
f 1796 1783 1782
f 1796 1782 1781
f 1759 1758 1757
f 1759 1757 1756
f 1759 1756 1755
f 1759 1755 1754
f 1759 1754 1753
f 1759 1753 1752
f 1759 1752 1751
f 1759 1751 1750
f 1759 1750 1749
f 1759 1749 1748
f 1748 1747 1746
f 1721 1720 1719
f 1721 1719 1718
f 1721 1718 1717
f 1721 1717 1716
f 1721 1716 1715
f 1721 1715 1714
f 1721 1714 1713
f 1721 1713 1712
f 1721 1712 1711
f 1721 1711 1710
f 1721 1710 1709
f 1721 1709 1708
f 1678 1677 1676
f 1678 1676 1675
f 1678 1675 1674
f 1678 1674 1673
f 1678 1673 1672
f 1678 1672 1671
f 1678 1671 1670
f 1678 1670 1669
f 1678 1669 1817
f 1678 1817 1816
f 1678 1816 1815
f 1678 1815 1814
f 1678 1814 1813
f 1678 1813 1812
f 1678 1812 1811
f 1678 1811 1810
f 1678 1810 1809
f 1678 1809 1808
f 1678 1808 1807
f 1678 1807 1806
f 1678 1806 1805
f 1678 1805 1804
f 1678 1804 1803
f 1678 1803 1802
f 1802 1796 1781
f 1802 1781 1780
f 1802 1780 1779
f 1802 1779 1778
f 1802 1778 1777
f 1802 1777 1776
f 1760 1759 1748
f 1760 1748 1746
f 1760 1746 1745
f 1760 1745 1744
f 1760 1744 1743
f 1760 1743 1742
f 1760 1742 1741
f 1760 1741 1740
f 1760 1740 1739
f 1760 1739 1738
f 1760 1738 1737
f 1760 1737 1736
f 1760 1736 1735
f 1760 1735 1734
f 1760 1734 1733
f 1760 1733 1732
f 1760 1732 1731
f 1760 1731 1730
f 1760 1730 1729
f 1760 1729 1728
f 1760 1728 1727
f 1760 1727 1726
f 1760 1726 1725
f 1760 1725 1724
f 1760 1724 1723
f 1760 1723 1722
f 1760 1722 1721
f 1679 1678 1802
f 1761 1760 1721
f 1680 1679 1802
f 1762 1761 1721
f 1681 1680 1802
f 1763 1762 1721
f 1682 1681 1802
f 1764 1763 1721
f 1683 1682 1802
f 1765 1764 1721
f 1684 1683 1802
f 1766 1765 1721
f 1685 1684 1802
f 1767 1766 1721
f 1686 1685 1802
f 1768 1767 1721
f 1687 1686 1802
f 1769 1768 1721
f 1688 1687 1802
f 1770 1769 1721
f 1689 1688 1802
f 1771 1770 1721
f 1690 1689 1802
f 1772 1771 1721
f 1772 1721 1708
f 1772 1708 1707
f 1772 1707 1706
f 1772 1706 1705
f 1772 1705 1704
f 1772 1704 1703
f 1772 1703 1702
f 1772 1702 1701
f 1772 1701 1700
f 1772 1700 1699
f 1772 1699 1698
f 1772 1698 1697
f 1772 1697 1696
f 1772 1696 1695
f 1691 1690 1802
f 1773 1772 1695
f 1692 1691 1802
f 1774 1773 1695
f 1693 1692 1802
f 1775 1774 1695
f 1775 1695 1694
f 1694 1693 1802
f 1694 1802 1776
f 1694 1776 1775
f 1973 1974 1822
f 1972 1973 1822
f 1971 1972 1822
f 1970 1971 1822
f 1953 1954 1955
f 1952 1953 1955
f 1951 1952 1955
f 1950 1951 1955
f 1949 1950 1955
f 1947 1948 1949
f 1946 1947 1949
f 1945 1946 1949
f 1944 1945 1949
f 1943 1944 1949
f 1942 1943 1949
f 1941 1942 1949
f 1940 1941 1949
f 1939 1940 1949
f 1938 1939 1949
f 1937 1938 1949
f 1936 1937 1949
f 1935 1936 1949
f 1934 1935 1949
f 1910 1911 1912
f 1909 1910 1912
f 1908 1909 1912
f 1907 1908 1912
f 1906 1907 1912
f 1905 1906 1912
f 1904 1905 1912
f 1903 1904 1912
f 1902 1903 1912
f 1901 1902 1912
f 1899 1900 1901
f 1872 1873 1874
f 1871 1872 1874
f 1870 1871 1874
f 1869 1870 1874
f 1868 1869 1874
f 1867 1868 1874
f 1866 1867 1874
f 1865 1866 1874
f 1864 1865 1874
f 1863 1864 1874
f 1862 1863 1874
f 1861 1862 1874
f 1829 1830 1831
f 1828 1829 1831
f 1827 1828 1831
f 1826 1827 1831
f 1825 1826 1831
f 1824 1825 1831
f 1823 1824 1831
f 1822 1823 1831
f 1970 1822 1831
f 1969 1970 1831
f 1968 1969 1831
f 1967 1968 1831
f 1966 1967 1831
f 1965 1966 1831
f 1964 1965 1831
f 1963 1964 1831
f 1962 1963 1831
f 1961 1962 1831
f 1960 1961 1831
f 1959 1960 1831
f 1958 1959 1831
f 1957 1958 1831
f 1956 1957 1831
f 1955 1956 1831
f 1934 1949 1955
f 1933 1934 1955
f 1932 1933 1955
f 1931 1932 1955
f 1930 1931 1955
f 1929 1930 1955
f 1901 1912 1913
f 1899 1901 1913
f 1898 1899 1913
f 1897 1898 1913
f 1896 1897 1913
f 1895 1896 1913
f 1894 1895 1913
f 1893 1894 1913
f 1892 1893 1913
f 1891 1892 1913
f 1890 1891 1913
f 1889 1890 1913
f 1888 1889 1913
f 1887 1888 1913
f 1886 1887 1913
f 1885 1886 1913
f 1884 1885 1913
f 1883 1884 1913
f 1882 1883 1913
f 1881 1882 1913
f 1880 1881 1913
f 1879 1880 1913
f 1878 1879 1913
f 1877 1878 1913
f 1876 1877 1913
f 1875 1876 1913
f 1874 1875 1913
f 1955 1831 1832
f 1874 1913 1914
f 1955 1832 1833
f 1874 1914 1915
f 1955 1833 1834
f 1874 1915 1916
f 1955 1834 1835
f 1874 1916 1917
f 1955 1835 1836
f 1874 1917 1918
f 1955 1836 1837
f 1874 1918 1919
f 1955 1837 1838
f 1874 1919 1920
f 1955 1838 1839
f 1874 1920 1921
f 1955 1839 1840
f 1874 1921 1922
f 1955 1840 1841
f 1874 1922 1923
f 1955 1841 1842
f 1874 1923 1924
f 1955 1842 1843
f 1874 1924 1925
f 1861 1874 1925
f 1860 1861 1925
f 1859 1860 1925
f 1858 1859 1925
f 1857 1858 1925
f 1856 1857 1925
f 1855 1856 1925
f 1854 1855 1925
f 1853 1854 1925
f 1852 1853 1925
f 1851 1852 1925
f 1850 1851 1925
f 1849 1850 1925
f 1848 1849 1925
f 1955 1843 1844
f 1848 1925 1926
f 1955 1844 1845
f 1848 1926 1927
f 1955 1845 1846
f 1848 1927 1928
f 1847 1848 1928
f 1955 1846 1847
f 1929 1955 1847
f 1928 1929 1847
f 1669 1823 1822
f 1670 1823 1669
f 1670 1824 1823
f 1671 1824 1670
f 1671 1825 1824
f 1672 1825 1671
f 1672 1826 1825
f 1673 1826 1672
f 1673 1827 1826
f 1674 1827 1673
f 1674 1828 1827
f 1675 1828 1674
f 1675 1829 1828
f 1676 1829 1675
f 1676 1830 1829
f 1677 1830 1676
f 1677 1831 1830
f 1678 1831 1677
f 1678 1832 1831
f 1679 1832 1678
f 1679 1833 1832
f 1680 1833 1679
f 1680 1834 1833
f 1681 1834 1680
f 1681 1835 1834
f 1682 1835 1681
f 1682 1836 1835
f 1683 1836 1682
f 1683 1837 1836
f 1684 1837 1683
f 1684 1838 1837
f 1685 1838 1684
f 1685 1839 1838
f 1686 1839 1685
f 1686 1840 1839
f 1687 1840 1686
f 1687 1841 1840
f 1688 1841 1687
f 1688 1842 1841
f 1689 1842 1688
f 1689 1843 1842
f 1690 1843 1689
f 1690 1844 1843
f 1691 1844 1690
f 1691 1845 1844
f 1692 1845 1691
f 1692 1846 1845
f 1693 1846 1692
f 1693 1847 1846
f 1694 1847 1693
f 1694 1848 1847
f 1695 1848 1694
f 1695 1849 1848
f 1696 1849 1695
f 1696 1850 1849
f 1697 1850 1696
f 1697 1851 1850
f 1698 1851 1697
f 1698 1852 1851
f 1699 1852 1698
f 1699 1853 1852
f 1700 1853 1699
f 1700 1854 1853
f 1701 1854 1700
f 1701 1855 1854
f 1702 1855 1701
f 1702 1856 1855
f 1703 1856 1702
f 1703 1857 1856
f 1704 1857 1703
f 1704 1858 1857
f 1705 1858 1704
f 1705 1859 1858
f 1706 1859 1705
f 1706 1860 1859
f 1707 1860 1706
f 1707 1861 1860
f 1708 1861 1707
f 1708 1862 1861
f 1709 1862 1708
f 1709 1863 1862
f 1710 1863 1709
f 1710 1864 1863
f 1711 1864 1710
f 1711 1865 1864
f 1712 1865 1711
f 1712 1866 1865
f 1713 1866 1712
f 1713 1867 1866
f 1714 1867 1713
f 1714 1868 1867
f 1715 1868 1714
f 1715 1869 1868
f 1716 1869 1715
f 1716 1870 1869
f 1717 1870 1716
f 1717 1871 1870
f 1718 1871 1717
f 1718 1872 1871
f 1719 1872 1718
f 1719 1873 1872
f 1720 1873 1719
f 1720 1874 1873
f 1721 1874 1720
f 1721 1875 1874
f 1722 1875 1721
f 1722 1876 1875
f 1723 1876 1722
f 1723 1877 1876
f 1724 1877 1723
f 1724 1878 1877
f 1725 1878 1724
f 1725 1879 1878
f 1726 1879 1725
f 1726 1880 1879
f 1727 1880 1726
f 1727 1881 1880
f 1728 1881 1727
f 1728 1882 1881
f 1729 1882 1728
f 1729 1883 1882
f 1730 1883 1729
f 1730 1884 1883
f 1731 1884 1730
f 1731 1885 1884
f 1732 1885 1731
f 1732 1886 1885
f 1733 1886 1732
f 1733 1887 1886
f 1734 1887 1733
f 1734 1888 1887
f 1735 1888 1734
f 1735 1889 1888
f 1736 1889 1735
f 1736 1890 1889
f 1737 1890 1736
f 1737 1891 1890
f 1738 1891 1737
f 1738 1892 1891
f 1739 1892 1738
f 1739 1893 1892
f 1740 1893 1739
f 1740 1894 1893
f 1741 1894 1740
f 1741 1895 1894
f 1742 1895 1741
f 1742 1896 1895
f 1743 1896 1742
f 1743 1897 1896
f 1744 1897 1743
f 1744 1898 1897
f 1745 1898 1744
f 1745 1899 1898
f 1746 1899 1745
f 1746 1900 1899
f 1747 1900 1746
f 1747 1901 1900
f 1748 1901 1747
f 1748 1902 1901
f 1749 1902 1748
f 1749 1903 1902
f 1750 1903 1749
f 1750 1904 1903
f 1751 1904 1750
f 1751 1905 1904
f 1752 1905 1751
f 1752 1906 1905
f 1753 1906 1752
f 1753 1907 1906
f 1754 1907 1753
f 1754 1908 1907
f 1755 1908 1754
f 1755 1909 1908
f 1756 1909 1755
f 1756 1910 1909
f 1757 1910 1756
f 1757 1911 1910
f 1758 1911 1757
f 1758 1912 1911
f 1759 1912 1758
f 1759 1913 1912
f 1760 1913 1759
f 1760 1914 1913
f 1761 1914 1760
f 1761 1915 1914
f 1762 1915 1761
f 1762 1916 1915
f 1763 1916 1762
f 1763 1917 1916
f 1764 1917 1763
f 1764 1918 1917
f 1765 1918 1764
f 1765 1919 1918
f 1766 1919 1765
f 1766 1920 1919
f 1767 1920 1766
f 1767 1921 1920
f 1768 1921 1767
f 1768 1922 1921
f 1769 1922 1768
f 1769 1923 1922
f 1770 1923 1769
f 1770 1924 1923
f 1771 1924 1770
f 1771 1925 1924
f 1772 1925 1771
f 1772 1926 1925
f 1773 1926 1772
f 1773 1927 1926
f 1774 1927 1773
f 1774 1928 1927
f 1775 1928 1774
f 1775 1929 1928
f 1776 1929 1775
f 1776 1930 1929
f 1777 1930 1776
f 1777 1931 1930
f 1778 1931 1777
f 1778 1932 1931
f 1779 1932 1778
f 1779 1933 1932
f 1780 1933 1779
f 1780 1934 1933
f 1781 1934 1780
f 1781 1935 1934
f 1782 1935 1781
f 1782 1936 1935
f 1783 1936 1782
f 1783 1937 1936
f 1784 1937 1783
f 1784 1938 1937
f 1785 1938 1784
f 1785 1939 1938
f 1786 1939 1785
f 1786 1940 1939
f 1787 1940 1786
f 1787 1941 1940
f 1788 1941 1787
f 1788 1942 1941
f 1789 1942 1788
f 1789 1943 1942
f 1790 1943 1789
f 1790 1944 1943
f 1791 1944 1790
f 1791 1945 1944
f 1792 1945 1791
f 1792 1946 1945
f 1793 1946 1792
f 1793 1947 1946
f 1794 1947 1793
f 1794 1948 1947
f 1795 1948 1794
f 1795 1949 1948
f 1796 1949 1795
f 1796 1950 1949
f 1797 1950 1796
f 1797 1951 1950
f 1798 1951 1797
f 1798 1952 1951
f 1799 1952 1798
f 1799 1953 1952
f 1800 1953 1799
f 1800 1954 1953
f 1801 1954 1800
f 1801 1955 1954
f 1802 1955 1801
f 1802 1956 1955
f 1803 1956 1802
f 1803 1957 1956
f 1804 1957 1803
f 1804 1958 1957
f 1805 1958 1804
f 1805 1959 1958
f 1806 1959 1805
f 1806 1960 1959
f 1807 1960 1806
f 1807 1961 1960
f 1808 1961 1807
f 1808 1962 1961
f 1809 1962 1808
f 1809 1963 1962
f 1810 1963 1809
f 1810 1964 1963
f 1811 1964 1810
f 1811 1965 1964
f 1812 1965 1811
f 1812 1966 1965
f 1813 1966 1812
f 1813 1967 1966
f 1814 1967 1813
f 1814 1968 1967
f 1815 1968 1814
f 1815 1969 1968
f 1816 1969 1815
f 1816 1970 1969
f 1817 1970 1816
f 1817 1971 1970
f 1818 1971 1817
f 1818 1972 1971
f 1819 1972 1818
f 1819 1973 1972
f 1820 1973 1819
f 1821 1822 1974
f 1669 1822 1821
f 1820 1974 1973
f 1821 1974 1820
f 1975 2150 2149
f 1975 2149 2148
f 1975 2148 2147
f 1975 2147 2146
f 1975 2146 2145
f 1975 2145 2144
f 1975 2144 2143
f 2143 2142 2141
f 2143 2141 2140
f 2143 2140 2139
f 2143 2139 2138
f 2143 2138 2137
f 2143 2137 2136
f 2143 2136 2135
f 2143 2135 2134
f 2143 2134 2133
f 2143 2133 2132
f 2106 2105 2104
f 2106 2104 2103
f 2106 2103 2102
f 2106 2102 2101
f 2106 2101 2100
f 2106 2100 2099
f 2106 2099 2098
f 2083 2082 2081
f 2083 2081 2080
f 2063 2062 2061
f 2063 2061 2060
f 2063 2060 2059
f 2063 2059 2058
f 2063 2058 2057
f 2057 2056 2055
f 2057 2055 2054
f 2057 2054 2053
f 2057 2053 2052
f 2036 2035 2034
f 2036 2034 2033
f 2036 2033 2032
f 2036 2032 2031
f 2036 2031 2030
f 2036 2030 2029
f 2036 2029 2028
f 2036 2028 2027
f 2027 2026 2025
f 2027 2025 2024
f 2027 2024 2023
f 2027 2023 2022
f 2027 2022 2021
f 2027 2021 2020
f 2027 2020 2019
f 2027 2019 2018
f 2027 2018 2017
f 2027 2017 2016
f 2027 2016 2015
f 2027 2015 2014
f 2027 2014 2013
f 2027 2013 2012
f 2027 2012 2011
f 2027 2011 2010
f 2027 2010 2009
f 2027 2009 2008
f 2027 2008 2007
f 2027 2007 2006
f 2027 2006 2005
f 2027 2005 2004
f 2027 2004 2003
f 2027 2003 2002
f 2027 2002 2001
f 2027 2001 2000
f 2027 2000 1999
f 2027 1999 1998
f 2027 1998 1997
f 2027 1997 1996
f 2027 1996 1995
f 2027 1995 1994
f 1978 1977 1976
f 1976 1975 2143
f 1976 2143 2132
f 1976 2132 2131
f 1976 2131 2130
f 1976 2130 2129
f 1976 2129 2128
f 1976 2128 2127
f 1976 2127 2126
f 1976 2126 2125
f 1976 2125 2124
f 1976 2124 2123
f 1976 2123 2122
f 1976 2122 2121
f 1976 2121 2120
f 1976 2120 2119
f 1976 2119 2118
f 1976 2118 2117
f 1976 2117 2116
f 1976 2116 2115
f 1976 2115 2114
f 1976 2114 2113
f 1976 2113 2112
f 1976 2112 2111
f 1976 2111 2110
f 1976 2110 2109
f 1976 2109 2108
f 1976 2108 2107
f 2107 2106 2098
f 2064 2063 2057
f 2064 2057 2052
f 2064 2052 2051
f 2064 2051 2050
f 2064 2050 2049
f 2064 2049 2048
f 2064 2048 2047
f 2064 2047 2046
f 2064 2046 2045
f 2064 2045 2044
f 2064 2044 2043
f 2064 2043 2042
f 2064 2042 2041
f 2064 2041 2040
f 2064 2040 2039
f 2064 2039 2038
f 2064 2038 2037
f 2064 2037 2036
f 2036 2027 1994
f 1979 1978 1976
f 1979 1976 2107
f 2065 2064 2036
f 1980 1979 2107
f 2066 2065 2036
f 1981 1980 2107
f 2067 2066 2036
f 1982 1981 2107
f 2068 2067 2036
f 1983 1982 2107
f 2069 2068 2036
f 1984 1983 2107
f 2070 2069 2036
f 1985 1984 2107
f 2071 2070 2036
f 1986 1985 2107
f 2072 2071 2036
f 1987 1986 2107
f 2073 2072 2036
f 1988 1987 2107
f 1988 2107 2098
f 1988 2098 2097
f 1988 2097 2096
f 1988 2096 2095
f 1988 2095 2094
f 1988 2094 2093
f 1988 2093 2092
f 1988 2092 2091
f 1988 2091 2090
f 1988 2090 2089
f 1988 2089 2088
f 1988 2088 2087
f 1988 2087 2086
f 1988 2086 2085
f 1988 2085 2084
f 1988 2084 2083
f 1988 2083 2080
f 2074 2073 2036
f 1989 1988 2080
f 2075 2074 2036
f 1990 1989 2080
f 2076 2075 2036
f 1991 1990 2080
f 2077 2076 2036
f 1992 1991 2080
f 2078 2077 2036
f 1993 1992 2080
f 2079 2078 2036
f 2079 2036 1994
f 1994 1993 2080
f 1994 2080 2079
f 2325 2326 2151
f 2324 2325 2151
f 2323 2324 2151
f 2322 2323 2151
f 2321 2322 2151
f 2320 2321 2151
f 2319 2320 2151
f 2317 2318 2319
f 2316 2317 2319
f 2315 2316 2319
f 2314 2315 2319
f 2313 2314 2319
f 2312 2313 2319
f 2311 2312 2319
f 2310 2311 2319
f 2309 2310 2319
f 2308 2309 2319
f 2280 2281 2282
f 2279 2280 2282
f 2278 2279 2282
f 2277 2278 2282
f 2276 2277 2282
f 2275 2276 2282
f 2274 2275 2282
f 2257 2258 2259
f 2256 2257 2259
f 2237 2238 2239
f 2236 2237 2239
f 2235 2236 2239
f 2234 2235 2239
f 2233 2234 2239
f 2231 2232 2233
f 2230 2231 2233
f 2229 2230 2233
f 2228 2229 2233
f 2210 2211 2212
f 2209 2210 2212
f 2208 2209 2212
f 2207 2208 2212
f 2206 2207 2212
f 2205 2206 2212
f 2204 2205 2212
f 2203 2204 2212
f 2201 2202 2203
f 2200 2201 2203
f 2199 2200 2203
f 2198 2199 2203
f 2197 2198 2203
f 2196 2197 2203
f 2195 2196 2203
f 2194 2195 2203
f 2193 2194 2203
f 2192 2193 2203
f 2191 2192 2203
f 2190 2191 2203
f 2189 2190 2203
f 2188 2189 2203
f 2187 2188 2203
f 2186 2187 2203
f 2185 2186 2203
f 2184 2185 2203
f 2183 2184 2203
f 2182 2183 2203
f 2181 2182 2203
f 2180 2181 2203
f 2179 2180 2203
f 2178 2179 2203
f 2177 2178 2203
f 2176 2177 2203
f 2175 2176 2203
f 2174 2175 2203
f 2173 2174 2203
f 2172 2173 2203
f 2171 2172 2203
f 2170 2171 2203
f 2152 2153 2154
f 2319 2151 2152
f 2308 2319 2152
f 2307 2308 2152
f 2306 2307 2152
f 2305 2306 2152
f 2304 2305 2152
f 2303 2304 2152
f 2302 2303 2152
f 2301 2302 2152
f 2300 2301 2152
f 2299 2300 2152
f 2298 2299 2152
f 2297 2298 2152
f 2296 2297 2152
f 2295 2296 2152
f 2294 2295 2152
f 2293 2294 2152
f 2292 2293 2152
f 2291 2292 2152
f 2290 2291 2152
f 2289 2290 2152
f 2288 2289 2152
f 2287 2288 2152
f 2286 2287 2152
f 2285 2286 2152
f 2284 2285 2152
f 2283 2284 2152
f 2274 2282 2283
f 2233 2239 2240
f 2228 2233 2240
f 2227 2228 2240
f 2226 2227 2240
f 2225 2226 2240
f 2224 2225 2240
f 2223 2224 2240
f 2222 2223 2240
f 2221 2222 2240
f 2220 2221 2240
f 2219 2220 2240
f 2218 2219 2240
f 2217 2218 2240
f 2216 2217 2240
f 2215 2216 2240
f 2214 2215 2240
f 2213 2214 2240
f 2212 2213 2240
f 2170 2203 2212
f 2152 2154 2155
f 2283 2152 2155
f 2212 2240 2241
f 2283 2155 2156
f 2212 2241 2242
f 2283 2156 2157
f 2212 2242 2243
f 2283 2157 2158
f 2212 2243 2244
f 2283 2158 2159
f 2212 2244 2245
f 2283 2159 2160
f 2212 2245 2246
f 2283 2160 2161
f 2212 2246 2247
f 2283 2161 2162
f 2212 2247 2248
f 2283 2162 2163
f 2212 2248 2249
f 2283 2163 2164
f 2274 2283 2164
f 2273 2274 2164
f 2272 2273 2164
f 2271 2272 2164
f 2270 2271 2164
f 2269 2270 2164
f 2268 2269 2164
f 2267 2268 2164
f 2266 2267 2164
f 2265 2266 2164
f 2264 2265 2164
f 2263 2264 2164
f 2262 2263 2164
f 2261 2262 2164
f 2260 2261 2164
f 2259 2260 2164
f 2256 2259 2164
f 2212 2249 2250
f 2256 2164 2165
f 2212 2250 2251
f 2256 2165 2166
f 2212 2251 2252
f 2256 2166 2167
f 2212 2252 2253
f 2256 2167 2168
f 2212 2253 2254
f 2256 2168 2169
f 2212 2254 2255
f 2170 2212 2255
f 2256 2169 2170
f 2255 2256 2170
f 1975 2152 2151
f 1976 2152 1975
f 1976 2153 2152
f 1977 2153 1976
f 1977 2154 2153
f 1978 2154 1977
f 1978 2155 2154
f 1979 2155 1978
f 1979 2156 2155
f 1980 2156 1979
f 1980 2157 2156
f 1981 2157 1980
f 1981 2158 2157
f 1982 2158 1981
f 1982 2159 2158
f 1983 2159 1982
f 1983 2160 2159
f 1984 2160 1983
f 1984 2161 2160
f 1985 2161 1984
f 1985 2162 2161
f 1986 2162 1985
f 1986 2163 2162
f 1987 2163 1986
f 1987 2164 2163
f 1988 2164 1987
f 1988 2165 2164
f 1989 2165 1988
f 1989 2166 2165
f 1990 2166 1989
f 1990 2167 2166
f 1991 2167 1990
f 1991 2168 2167
f 1992 2168 1991
f 1992 2169 2168
f 1993 2169 1992
f 1993 2170 2169
f 1994 2170 1993
f 1994 2171 2170
f 1995 2171 1994
f 1995 2172 2171
f 1996 2172 1995
f 1996 2173 2172
f 1997 2173 1996
f 1997 2174 2173
f 1998 2174 1997
f 1998 2175 2174
f 1999 2175 1998
f 1999 2176 2175
f 2000 2176 1999
f 2000 2177 2176
f 2001 2177 2000
f 2001 2178 2177
f 2002 2178 2001
f 2002 2179 2178
f 2003 2179 2002
f 2003 2180 2179
f 2004 2180 2003
f 2004 2181 2180
f 2005 2181 2004
f 2005 2182 2181
f 2006 2182 2005
f 2006 2183 2182
f 2007 2183 2006
f 2007 2184 2183
f 2008 2184 2007
f 2008 2185 2184
f 2009 2185 2008
f 2009 2186 2185
f 2010 2186 2009
f 2010 2187 2186
f 2011 2187 2010
f 2011 2188 2187
f 2012 2188 2011
f 2012 2189 2188
f 2013 2189 2012
f 2013 2190 2189
f 2014 2190 2013
f 2014 2191 2190
f 2015 2191 2014
f 2015 2192 2191
f 2016 2192 2015
f 2016 2193 2192
f 2017 2193 2016
f 2017 2194 2193
f 2018 2194 2017
f 2018 2195 2194
f 2019 2195 2018
f 2019 2196 2195
f 2020 2196 2019
f 2020 2197 2196
f 2021 2197 2020
f 2021 2198 2197
f 2022 2198 2021
f 2022 2199 2198
f 2023 2199 2022
f 2023 2200 2199
f 2024 2200 2023
f 2024 2201 2200
f 2025 2201 2024
f 2025 2202 2201
f 2026 2202 2025
f 2026 2203 2202
f 2027 2203 2026
f 2027 2204 2203
f 2028 2204 2027
f 2028 2205 2204
f 2029 2205 2028
f 2029 2206 2205
f 2030 2206 2029
f 2030 2207 2206
f 2031 2207 2030
f 2031 2208 2207
f 2032 2208 2031
f 2032 2209 2208
f 2033 2209 2032
f 2033 2210 2209
f 2034 2210 2033
f 2034 2211 2210
f 2035 2211 2034
f 2035 2212 2211
f 2036 2212 2035
f 2036 2213 2212
f 2037 2213 2036
f 2037 2214 2213
f 2038 2214 2037
f 2038 2215 2214
f 2039 2215 2038
f 2039 2216 2215
f 2040 2216 2039
f 2040 2217 2216
f 2041 2217 2040
f 2041 2218 2217
f 2042 2218 2041
f 2042 2219 2218
f 2043 2219 2042
f 2043 2220 2219
f 2044 2220 2043
f 2044 2221 2220
f 2045 2221 2044
f 2045 2222 2221
f 2046 2222 2045
f 2046 2223 2222
f 2047 2223 2046
f 2047 2224 2223
f 2048 2224 2047
f 2048 2225 2224
f 2049 2225 2048
f 2049 2226 2225
f 2050 2226 2049
f 2050 2227 2226
f 2051 2227 2050
f 2051 2228 2227
f 2052 2228 2051
f 2052 2229 2228
f 2053 2229 2052
f 2053 2230 2229
f 2054 2230 2053
f 2054 2231 2230
f 2055 2231 2054
f 2055 2232 2231
f 2056 2232 2055
f 2056 2233 2232
f 2057 2233 2056
f 2057 2234 2233
f 2058 2234 2057
f 2058 2235 2234
f 2059 2235 2058
f 2059 2236 2235
f 2060 2236 2059
f 2060 2237 2236
f 2061 2237 2060
f 2061 2238 2237
f 2062 2238 2061
f 2062 2239 2238
f 2063 2239 2062
f 2063 2240 2239
f 2064 2240 2063
f 2064 2241 2240
f 2065 2241 2064
f 2065 2242 2241
f 2066 2242 2065
f 2066 2243 2242
f 2067 2243 2066
f 2067 2244 2243
f 2068 2244 2067
f 2068 2245 2244
f 2069 2245 2068
f 2069 2246 2245
f 2070 2246 2069
f 2070 2247 2246
f 2071 2247 2070
f 2071 2248 2247
f 2072 2248 2071
f 2072 2249 2248
f 2073 2249 2072
f 2073 2250 2249
f 2074 2250 2073
f 2074 2251 2250
f 2075 2251 2074
f 2075 2252 2251
f 2076 2252 2075
f 2076 2253 2252
f 2077 2253 2076
f 2077 2254 2253
f 2078 2254 2077
f 2078 2255 2254
f 2079 2255 2078
f 2079 2256 2255
f 2080 2256 2079
f 2080 2257 2256
f 2081 2257 2080
f 2081 2258 2257
f 2082 2258 2081
f 2082 2259 2258
f 2083 2259 2082
f 2083 2260 2259
f 2084 2260 2083
f 2084 2261 2260
f 2085 2261 2084
f 2085 2262 2261
f 2086 2262 2085
f 2086 2263 2262
f 2087 2263 2086
f 2087 2264 2263
f 2088 2264 2087
f 2088 2265 2264
f 2089 2265 2088
f 2089 2266 2265
f 2090 2266 2089
f 2090 2267 2266
f 2091 2267 2090
f 2091 2268 2267
f 2092 2268 2091
f 2092 2269 2268
f 2093 2269 2092
f 2093 2270 2269
f 2094 2270 2093
f 2094 2271 2270
f 2095 2271 2094
f 2095 2272 2271
f 2096 2272 2095
f 2096 2273 2272
f 2097 2273 2096
f 2097 2274 2273
f 2098 2274 2097
f 2098 2275 2274
f 2099 2275 2098
f 2099 2276 2275
f 2100 2276 2099
f 2100 2277 2276
f 2101 2277 2100
f 2101 2278 2277
f 2102 2278 2101
f 2102 2279 2278
f 2103 2279 2102
f 2103 2280 2279
f 2104 2280 2103
f 2104 2281 2280
f 2105 2281 2104
f 2105 2282 2281
f 2106 2282 2105
f 2106 2283 2282
f 2107 2283 2106
f 2107 2284 2283
f 2108 2284 2107
f 2108 2285 2284
f 2109 2285 2108
f 2109 2286 2285
f 2110 2286 2109
f 2110 2287 2286
f 2111 2287 2110
f 2111 2288 2287
f 2112 2288 2111
f 2112 2289 2288
f 2113 2289 2112
f 2113 2290 2289
f 2114 2290 2113
f 2114 2291 2290
f 2115 2291 2114
f 2115 2292 2291
f 2116 2292 2115
f 2116 2293 2292
f 2117 2293 2116
f 2117 2294 2293
f 2118 2294 2117
f 2118 2295 2294
f 2119 2295 2118
f 2119 2296 2295
f 2120 2296 2119
f 2120 2297 2296
f 2121 2297 2120
f 2121 2298 2297
f 2122 2298 2121
f 2122 2299 2298
f 2123 2299 2122
f 2123 2300 2299
f 2124 2300 2123
f 2124 2301 2300
f 2125 2301 2124
f 2125 2302 2301
f 2126 2302 2125
f 2126 2303 2302
f 2127 2303 2126
f 2127 2304 2303
f 2128 2304 2127
f 2128 2305 2304
f 2129 2305 2128
f 2129 2306 2305
f 2130 2306 2129
f 2130 2307 2306
f 2131 2307 2130
f 2131 2308 2307
f 2132 2308 2131
f 2132 2309 2308
f 2133 2309 2132
f 2133 2310 2309
f 2134 2310 2133
f 2134 2311 2310
f 2135 2311 2134
f 2135 2312 2311
f 2136 2312 2135
f 2136 2313 2312
f 2137 2313 2136
f 2137 2314 2313
f 2138 2314 2137
f 2138 2315 2314
f 2139 2315 2138
f 2139 2316 2315
f 2140 2316 2139
f 2140 2317 2316
f 2141 2317 2140
f 2141 2318 2317
f 2142 2318 2141
f 2142 2319 2318
f 2143 2319 2142
f 2143 2320 2319
f 2144 2320 2143
f 2144 2321 2320
f 2145 2321 2144
f 2145 2322 2321
f 2146 2322 2145
f 2146 2323 2322
f 2147 2323 2146
f 2147 2324 2323
f 2148 2324 2147
f 2148 2325 2324
f 2149 2325 2148
f 2150 2151 2326
f 1975 2151 2150
f 2149 2326 2325
f 2150 2326 2149
f 2327 2393 2392
f 2327 2392 2391
f 2327 2391 2390
f 2327 2390 2389
f 2327 2389 2388
f 2327 2388 2387
f 2327 2387 2386
f 2327 2386 2385
f 2327 2385 2384
f 2327 2384 2383
f 2327 2383 2382
f 2327 2382 2381
f 2327 2381 2380
f 2327 2380 2379
f 2327 2379 2378
f 2327 2378 2377
f 2327 2377 2376
f 2327 2376 2375
f 2327 2375 2374
f 2374 2373 2372
f 2374 2372 2371
f 2374 2371 2370
f 2374 2370 2369
f 2374 2369 2368
f 2374 2368 2367
f 2367 2366 2365
f 2367 2365 2364
f 2367 2364 2363
f 2367 2363 2362
f 2367 2362 2361
f 2367 2361 2360
f 2367 2360 2359
f 2367 2359 2358
f 2367 2358 2357
f 2367 2357 2356
f 2367 2356 2355
f 2367 2355 2354
f 2367 2354 2353
f 2367 2353 2352
f 2367 2352 2351
f 2367 2351 2350
f 2367 2350 2349
f 2367 2349 2348
f 2367 2348 2347
f 2367 2347 2346
f 2344 2343 2342
f 2344 2342 2341
f 2344 2341 2340
f 2340 2339 2338
f 2340 2338 2337
f 2340 2337 2336
f 2340 2336 2335
f 2340 2335 2334
f 2340 2334 2333
f 2340 2333 2332
f 2340 2332 2331
f 2340 2331 2330
f 2340 2330 2329
f 2340 2329 2328
f 2340 2328 2327
f 2340 2327 2374
f 2340 2374 2367
f 2340 2367 2346
f 2340 2346 2345
f 2340 2345 2344
f 2459 2460 2394
f 2458 2459 2394
f 2457 2458 2394
f 2456 2457 2394
f 2455 2456 2394
f 2454 2455 2394
f 2453 2454 2394
f 2452 2453 2394
f 2451 2452 2394
f 2450 2451 2394
f 2449 2450 2394
f 2448 2449 2394
f 2447 2448 2394
f 2446 2447 2394
f 2445 2446 2394
f 2444 2445 2394
f 2443 2444 2394
f 2442 2443 2394
f 2441 2442 2394
f 2439 2440 2441
f 2438 2439 2441
f 2437 2438 2441
f 2436 2437 2441
f 2435 2436 2441
f 2434 2435 2441
f 2432 2433 2434
f 2431 2432 2434
f 2430 2431 2434
f 2429 2430 2434
f 2428 2429 2434
f 2427 2428 2434
f 2426 2427 2434
f 2425 2426 2434
f 2424 2425 2434
f 2423 2424 2434
f 2422 2423 2434
f 2421 2422 2434
f 2420 2421 2434
f 2419 2420 2434
f 2418 2419 2434
f 2417 2418 2434
f 2416 2417 2434
f 2415 2416 2434
f 2414 2415 2434
f 2413 2414 2434
f 2409 2410 2411
f 2408 2409 2411
f 2407 2408 2411
f 2405 2406 2407
f 2404 2405 2407
f 2403 2404 2407
f 2402 2403 2407
f 2401 2402 2407
f 2400 2401 2407
f 2399 2400 2407
f 2398 2399 2407
f 2397 2398 2407
f 2396 2397 2407
f 2395 2396 2407
f 2394 2395 2407
f 2441 2394 2407
f 2434 2441 2407
f 2413 2434 2407
f 2412 2413 2407
f 2411 2412 2407
f 2327 2395 2394
f 2328 2395 2327
f 2328 2396 2395
f 2329 2396 2328
f 2329 2397 2396
f 2330 2397 2329
f 2330 2398 2397
f 2331 2398 2330
f 2331 2399 2398
f 2332 2399 2331
f 2332 2400 2399
f 2333 2400 2332
f 2333 2401 2400
f 2334 2401 2333
f 2334 2402 2401
f 2335 2402 2334
f 2335 2403 2402
f 2336 2403 2335
f 2336 2404 2403
f 2337 2404 2336
f 2337 2405 2404
f 2338 2405 2337
f 2338 2406 2405
f 2339 2406 2338
f 2339 2407 2406
f 2340 2407 2339
f 2340 2408 2407
f 2341 2408 2340
f 2341 2409 2408
f 2342 2409 2341
f 2342 2410 2409
f 2343 2410 2342
f 2343 2411 2410
f 2344 2411 2343
f 2344 2412 2411
f 2345 2412 2344
f 2345 2413 2412
f 2346 2413 2345
f 2346 2414 2413
f 2347 2414 2346
f 2347 2415 2414
f 2348 2415 2347
f 2348 2416 2415
f 2349 2416 2348
f 2349 2417 2416
f 2350 2417 2349
f 2350 2418 2417
f 2351 2418 2350
f 2351 2419 2418
f 2352 2419 2351
f 2352 2420 2419
f 2353 2420 2352
f 2353 2421 2420
f 2354 2421 2353
f 2354 2422 2421
f 2355 2422 2354
f 2355 2423 2422
f 2356 2423 2355
f 2356 2424 2423
f 2357 2424 2356
f 2357 2425 2424
f 2358 2425 2357
f 2358 2426 2425
f 2359 2426 2358
f 2359 2427 2426
f 2360 2427 2359
f 2360 2428 2427
f 2361 2428 2360
f 2361 2429 2428
f 2362 2429 2361
f 2362 2430 2429
f 2363 2430 2362
f 2363 2431 2430
f 2364 2431 2363
f 2364 2432 2431
f 2365 2432 2364
f 2365 2433 2432
f 2366 2433 2365
f 2366 2434 2433
f 2367 2434 2366
f 2367 2435 2434
f 2368 2435 2367
f 2368 2436 2435
f 2369 2436 2368
f 2369 2437 2436
f 2370 2437 2369
f 2370 2438 2437
f 2371 2438 2370
f 2371 2439 2438
f 2372 2439 2371
f 2372 2440 2439
f 2373 2440 2372
f 2373 2441 2440
f 2374 2441 2373
f 2374 2442 2441
f 2375 2442 2374
f 2375 2443 2442
f 2376 2443 2375
f 2376 2444 2443
f 2377 2444 2376
f 2377 2445 2444
f 2378 2445 2377
f 2378 2446 2445
f 2379 2446 2378
f 2379 2447 2446
f 2380 2447 2379
f 2380 2448 2447
f 2381 2448 2380
f 2381 2449 2448
f 2382 2449 2381
f 2382 2450 2449
f 2383 2450 2382
f 2383 2451 2450
f 2384 2451 2383
f 2384 2452 2451
f 2385 2452 2384
f 2385 2453 2452
f 2386 2453 2385
f 2386 2454 2453
f 2387 2454 2386
f 2387 2455 2454
f 2388 2455 2387
f 2388 2456 2455
f 2389 2456 2388
f 2389 2457 2456
f 2390 2457 2389
f 2390 2458 2457
f 2391 2458 2390
f 2391 2459 2458
f 2392 2459 2391
f 2393 2394 2460
f 2327 2394 2393
f 2392 2460 2459
f 2393 2460 2392
f 2461 2548 2547
f 2461 2547 2546
f 2461 2546 2545
f 2461 2545 2544
f 2461 2544 2543
f 2461 2543 2542
f 2461 2542 2541
f 2461 2541 2540
f 2461 2540 2539
f 2461 2539 2538
f 2461 2538 2537
f 2537 2536 2535
f 2537 2535 2534
f 2537 2534 2533
f 2537 2533 2532
f 2537 2532 2531
f 2537 2531 2530
f 2537 2530 2529
f 2537 2529 2528
f 2537 2528 2527
f 2537 2527 2526
f 2537 2526 2525
f 2537 2525 2524
f 2537 2524 2523
f 2537 2523 2522
f 2500 2499 2498
f 2500 2498 2497
f 2500 2497 2496
f 2500 2496 2495
f 2500 2495 2494
f 2500 2494 2493
f 2500 2493 2492
f 2500 2492 2491
f 2500 2491 2490
f 2500 2490 2489
f 2500 2489 2488
f 2500 2488 2487
f 2500 2487 2486
f 2500 2486 2485
f 2500 2485 2484
f 2484 2483 2482
f 2484 2482 2481
f 2484 2481 2480
f 2464 2463 2462
f 2464 2462 2461
f 2464 2461 2537
f 2464 2537 2522
f 2464 2522 2521
f 2464 2521 2520
f 2464 2520 2519
f 2464 2519 2518
f 2464 2518 2517
f 2464 2517 2516
f 2464 2516 2515
f 2464 2515 2514
f 2464 2514 2513
f 2464 2513 2512
f 2464 2512 2511
f 2464 2511 2510
f 2464 2510 2509
f 2464 2509 2508
f 2464 2508 2507
f 2464 2507 2506
f 2464 2506 2505
f 2464 2505 2504
f 2464 2504 2503
f 2464 2503 2502
f 2464 2502 2501
f 2464 2501 2500
f 2500 2484 2480
f 2500 2480 2479
f 2500 2479 2478
f 2500 2478 2477
f 2500 2477 2476
f 2500 2476 2475
f 2500 2475 2474
f 2500 2474 2473
f 2500 2473 2472
f 2500 2472 2471
f 2500 2471 2470
f 2500 2470 2469
f 2500 2469 2468
f 2500 2468 2467
f 2500 2467 2466
f 2500 2466 2465
f 2500 2465 2464
f 2635 2636 2549
f 2634 2635 2549
f 2633 2634 2549
f 2632 2633 2549
f 2631 2632 2549
f 2630 2631 2549
f 2629 2630 2549
f 2628 2629 2549
f 2627 2628 2549
f 2626 2627 2549
f 2625 2626 2549
f 2623 2624 2625
f 2622 2623 2625
f 2621 2622 2625
f 2620 2621 2625
f 2619 2620 2625
f 2618 2619 2625
f 2617 2618 2625
f 2616 2617 2625
f 2615 2616 2625
f 2614 2615 2625
f 2613 2614 2625
f 2612 2613 2625
f 2611 2612 2625
f 2610 2611 2625
f 2586 2587 2588
f 2585 2586 2588
f 2584 2585 2588
f 2583 2584 2588
f 2582 2583 2588
f 2581 2582 2588
f 2580 2581 2588
f 2579 2580 2588
f 2578 2579 2588
f 2577 2578 2588
f 2576 2577 2588
f 2575 2576 2588
f 2574 2575 2588
f 2573 2574 2588
f 2572 2573 2588
f 2570 2571 2572
f 2569 2570 2572
f 2568 2569 2572
f 2550 2551 2552
f 2549 2550 2552
f 2625 2549 2552
f 2610 2625 2552
f 2609 2610 2552
f 2608 2609 2552
f 2607 2608 2552
f 2606 2607 2552
f 2605 2606 2552
f 2604 2605 2552
f 2603 2604 2552
f 2602 2603 2552
f 2601 2602 2552
f 2600 2601 2552
f 2599 2600 2552
f 2598 2599 2552
f 2597 2598 2552
f 2596 2597 2552
f 2595 2596 2552
f 2594 2595 2552
f 2593 2594 2552
f 2592 2593 2552
f 2591 2592 2552
f 2590 2591 2552
f 2589 2590 2552
f 2588 2589 2552
f 2568 2572 2588
f 2567 2568 2588
f 2566 2567 2588
f 2565 2566 2588
f 2564 2565 2588
f 2563 2564 2588
f 2562 2563 2588
f 2561 2562 2588
f 2560 2561 2588
f 2559 2560 2588
f 2558 2559 2588
f 2557 2558 2588
f 2556 2557 2588
f 2555 2556 2588
f 2554 2555 2588
f 2553 2554 2588
f 2552 2553 2588
f 2461 2550 2549
f 2462 2550 2461
f 2462 2551 2550
f 2463 2551 2462
f 2463 2552 2551
f 2464 2552 2463
f 2464 2553 2552
f 2465 2553 2464
f 2465 2554 2553
f 2466 2554 2465
f 2466 2555 2554
f 2467 2555 2466
f 2467 2556 2555
f 2468 2556 2467
f 2468 2557 2556
f 2469 2557 2468
f 2469 2558 2557
f 2470 2558 2469
f 2470 2559 2558
f 2471 2559 2470
f 2471 2560 2559
f 2472 2560 2471
f 2472 2561 2560
f 2473 2561 2472
f 2473 2562 2561
f 2474 2562 2473
f 2474 2563 2562
f 2475 2563 2474
f 2475 2564 2563
f 2476 2564 2475
f 2476 2565 2564
f 2477 2565 2476
f 2477 2566 2565
f 2478 2566 2477
f 2478 2567 2566
f 2479 2567 2478
f 2479 2568 2567
f 2480 2568 2479
f 2480 2569 2568
f 2481 2569 2480
f 2481 2570 2569
f 2482 2570 2481
f 2482 2571 2570
f 2483 2571 2482
f 2483 2572 2571
f 2484 2572 2483
f 2484 2573 2572
f 2485 2573 2484
f 2485 2574 2573
f 2486 2574 2485
f 2486 2575 2574
f 2487 2575 2486
f 2487 2576 2575
f 2488 2576 2487
f 2488 2577 2576
f 2489 2577 2488
f 2489 2578 2577
f 2490 2578 2489
f 2490 2579 2578
f 2491 2579 2490
f 2491 2580 2579
f 2492 2580 2491
f 2492 2581 2580
f 2493 2581 2492
f 2493 2582 2581
f 2494 2582 2493
f 2494 2583 2582
f 2495 2583 2494
f 2495 2584 2583
f 2496 2584 2495
f 2496 2585 2584
f 2497 2585 2496
f 2497 2586 2585
f 2498 2586 2497
f 2498 2587 2586
f 2499 2587 2498
f 2499 2588 2587
f 2500 2588 2499
f 2500 2589 2588
f 2501 2589 2500
f 2501 2590 2589
f 2502 2590 2501
f 2502 2591 2590
f 2503 2591 2502
f 2503 2592 2591
f 2504 2592 2503
f 2504 2593 2592
f 2505 2593 2504
f 2505 2594 2593
f 2506 2594 2505
f 2506 2595 2594
f 2507 2595 2506
f 2507 2596 2595
f 2508 2596 2507
f 2508 2597 2596
f 2509 2597 2508
f 2509 2598 2597
f 2510 2598 2509
f 2510 2599 2598
f 2511 2599 2510
f 2511 2600 2599
f 2512 2600 2511
f 2512 2601 2600
f 2513 2601 2512
f 2513 2602 2601
f 2514 2602 2513
f 2514 2603 2602
f 2515 2603 2514
f 2515 2604 2603
f 2516 2604 2515
f 2516 2605 2604
f 2517 2605 2516
f 2517 2606 2605
f 2518 2606 2517
f 2518 2607 2606
f 2519 2607 2518
f 2519 2608 2607
f 2520 2608 2519
f 2520 2609 2608
f 2521 2609 2520
f 2521 2610 2609
f 2522 2610 2521
f 2522 2611 2610
f 2523 2611 2522
f 2523 2612 2611
f 2524 2612 2523
f 2524 2613 2612
f 2525 2613 2524
f 2525 2614 2613
f 2526 2614 2525
f 2526 2615 2614
f 2527 2615 2526
f 2527 2616 2615
f 2528 2616 2527
f 2528 2617 2616
f 2529 2617 2528
f 2529 2618 2617
f 2530 2618 2529
f 2530 2619 2618
f 2531 2619 2530
f 2531 2620 2619
f 2532 2620 2531
f 2532 2621 2620
f 2533 2621 2532
f 2533 2622 2621
f 2534 2622 2533
f 2534 2623 2622
f 2535 2623 2534
f 2535 2624 2623
f 2536 2624 2535
f 2536 2625 2624
f 2537 2625 2536
f 2537 2626 2625
f 2538 2626 2537
f 2538 2627 2626
f 2539 2627 2538
f 2539 2628 2627
f 2540 2628 2539
f 2540 2629 2628
f 2541 2629 2540
f 2541 2630 2629
f 2542 2630 2541
f 2542 2631 2630
f 2543 2631 2542
f 2543 2632 2631
f 2544 2632 2543
f 2544 2633 2632
f 2545 2633 2544
f 2545 2634 2633
f 2546 2634 2545
f 2546 2635 2634
f 2547 2635 2546
f 2548 2549 2636
f 2461 2549 2548
f 2547 2636 2635
f 2548 2636 2547

o lintel Zimmer 1 window
usemtl wall
v 5.51201336 2.10000000 0.00000000
v 7.85429783 2.10000000 0.00000000
v 7.85429783 2.10000000 0.19983602
v 5.51201336 2.10000000 0.19983602
v 5.51201336 2.50000000 0.00000000
v 7.85429783 2.50000000 0.00000000
v 7.85429783 2.50000000 0.19983602
v 5.51201336 2.50000000 0.19983602
f 2640 2637 2638
f 2640 2638 2639
f 2642 2641 2644
f 2643 2642 2644
f 2638 2641 2642
f 2637 2641 2638
f 2639 2642 2643
f 2638 2642 2639
f 2637 2644 2641
f 2640 2644 2637
f 2640 2643 2644
f 2639 2643 2640

o sill Zimmer 1 window
usemtl wall
v 5.51201336 0.00000000 0.00000000
v 7.85429783 0.00000000 0.00000000
v 7.85429783 0.00000000 0.19983602
v 5.51201336 0.00000000 0.19983602
v 5.51201336 0.90000000 0.00000000
v 7.85429783 0.90000000 0.00000000
v 7.85429783 0.90000000 0.19983602
v 5.51201336 0.90000000 0.19983602
f 2648 2645 2646
f 2648 2646 2647
f 2650 2649 2652
f 2651 2650 2652
f 2646 2649 2650
f 2645 2649 2646
f 2647 2650 2651
f 2646 2650 2647
f 2645 2652 2649
f 2648 2652 2645
f 2648 2651 2652
f 2647 2651 2648

o glass Zimmer 1 window
usemtl glass
v 7.85429783 0.95000000 0.08491801
v 7.85429783 0.95000000 0.11491801
v 5.51201336 0.95000000 0.11491801
v 5.51201336 0.95000000 0.08491801
v 7.85429783 2.05000000 0.08491801
v 7.85429783 2.05000000 0.11491801
v 5.51201336 2.05000000 0.11491801
v 5.51201336 2.05000000 0.08491801
f 2656 2653 2654
f 2656 2654 2655
f 2658 2657 2660
f 2659 2658 2660
f 2654 2657 2658
f 2653 2657 2654
f 2655 2658 2659
f 2654 2658 2655
f 2653 2660 2657
f 2656 2660 2653
f 2656 2659 2660
f 2655 2659 2656

o frame-bottom Zimmer 1 window
usemtl frame
v 7.85429783 0.90000000 0.05991801
v 7.85429783 0.90000000 0.13991801
v 5.51201336 0.90000000 0.13991801
v 5.51201336 0.90000000 0.05991801
v 7.85429783 0.95000000 0.05991801
v 7.85429783 0.95000000 0.13991801
v 5.51201336 0.95000000 0.13991801
v 5.51201336 0.95000000 0.05991801
f 2664 2661 2662
f 2664 2662 2663
f 2666 2665 2668
f 2667 2666 2668
f 2662 2665 2666
f 2661 2665 2662
f 2663 2666 2667
f 2662 2666 2663
f 2661 2668 2665
f 2664 2668 2661
f 2664 2667 2668
f 2663 2667 2664

o frame-top Zimmer 1 window
usemtl frame
v 7.85429783 2.05000000 0.05991801
v 7.85429783 2.05000000 0.13991801
v 5.51201336 2.05000000 0.13991801
v 5.51201336 2.05000000 0.05991801
v 7.85429783 2.10000000 0.05991801
v 7.85429783 2.10000000 0.13991801
v 5.51201336 2.10000000 0.13991801
v 5.51201336 2.10000000 0.05991801
f 2672 2669 2670
f 2672 2670 2671
f 2674 2673 2676
f 2675 2674 2676
f 2670 2673 2674
f 2669 2673 2670
f 2671 2674 2675
f 2670 2674 2671
f 2669 2676 2673
f 2672 2676 2669
f 2672 2675 2676
f 2671 2675 2672

o lintel Zimmer 2 terrace door
usemtl wall
v 10.91802647 2.30000000 0.00000000
v 10.91802647 2.30000000 0.37003726
v 9.03571887 2.30000000 0.37003726
v 9.03571887 2.30000000 0.00000000
v 10.91802647 2.50000000 0.00000000
v 10.91802647 2.50000000 0.37003726
v 9.03571887 2.50000000 0.37003726
v 9.03571887 2.50000000 0.00000000
f 2680 2677 2678
f 2680 2678 2679
f 2682 2681 2684
f 2683 2682 2684
f 2678 2681 2682
f 2677 2681 2678
f 2679 2682 2683
f 2678 2682 2679
f 2677 2684 2681
f 2680 2684 2677
f 2680 2683 2684
f 2679 2683 2680

o glass Zimmer 2 terrace door
usemtl glass
v 10.91802647 0.05000000 0.17001863
v 10.91802647 0.05000000 0.20001863
v 9.03571887 0.05000000 0.20001863
v 9.03571887 0.05000000 0.17001863
v 10.91802647 2.25000000 0.17001863
v 10.91802647 2.25000000 0.20001863
v 9.03571887 2.25000000 0.20001863
v 9.03571887 2.25000000 0.17001863
f 2688 2685 2686
f 2688 2686 2687
f 2690 2689 2692
f 2691 2690 2692
f 2686 2689 2690
f 2685 2689 2686
f 2687 2690 2691
f 2686 2690 2687
f 2685 2692 2689
f 2688 2692 2685
f 2688 2691 2692
f 2687 2691 2688

o frame-bottom Zimmer 2 terrace door
usemtl frame
v 10.91802647 0.00000000 0.14501863
v 10.91802647 0.00000000 0.22501863
v 9.03571887 0.00000000 0.22501863
v 9.03571887 0.00000000 0.14501863
v 10.91802647 0.05000000 0.14501863
v 10.91802647 0.05000000 0.22501863
v 9.03571887 0.05000000 0.22501863
v 9.03571887 0.05000000 0.14501863
f 2696 2693 2694
f 2696 2694 2695
f 2698 2697 2700
f 2699 2698 2700
f 2694 2697 2698
f 2693 2697 2694
f 2695 2698 2699
f 2694 2698 2695
f 2693 2700 2697
f 2696 2700 2693
f 2696 2699 2700
f 2695 2699 2696

o frame-top Zimmer 2 terrace door
usemtl frame
v 10.91802647 2.25000000 0.14501863
v 10.91802647 2.25000000 0.22501863
v 9.03571887 2.25000000 0.22501863
v 9.03571887 2.25000000 0.14501863
v 10.91802647 2.30000000 0.14501863
v 10.91802647 2.30000000 0.22501863
v 9.03571887 2.30000000 0.22501863
v 9.03571887 2.30000000 0.14501863
f 2704 2701 2702
f 2704 2702 2703
f 2706 2705 2708
f 2707 2706 2708
f 2702 2705 2706
f 2701 2705 2702
f 2703 2706 2707
f 2702 2706 2703
f 2701 2708 2705
f 2704 2708 2701
f 2704 2707 2708
f 2703 2707 2704

o lintel Living N glazing
usemtl wall
v 14.87215727 2.30000000 0.05460619
v 14.87215727 2.30000000 0.37003726
v 11.06771168 2.30000000 0.37003726
v 11.06771168 2.30000000 0.05460619
v 14.87215727 2.50000000 0.05460619
v 14.87215727 2.50000000 0.37003726
v 11.06771168 2.50000000 0.37003726
v 11.06771168 2.50000000 0.05460619
f 2712 2709 2710
f 2712 2710 2711
f 2714 2713 2716
f 2715 2714 2716
f 2710 2713 2714
f 2709 2713 2710
f 2711 2714 2715
f 2710 2714 2711
f 2709 2716 2713
f 2712 2716 2709
f 2712 2715 2716
f 2711 2715 2712

o glass Living N glazing
usemtl glass
v 14.87215727 0.05000000 0.19732173
v 14.87215727 0.05000000 0.22732173
v 11.06771168 0.05000000 0.22732173
v 11.06771168 0.05000000 0.19732173
v 14.87215727 2.25000000 0.19732173
v 14.87215727 2.25000000 0.22732173
v 11.06771168 2.25000000 0.22732173
v 11.06771168 2.25000000 0.19732173
f 2720 2717 2718
f 2720 2718 2719
f 2722 2721 2724
f 2723 2722 2724
f 2718 2721 2722
f 2717 2721 2718
f 2719 2722 2723
f 2718 2722 2719
f 2717 2724 2721
f 2720 2724 2717
f 2720 2723 2724
f 2719 2723 2720

o frame-bottom Living N glazing
usemtl frame
v 14.87215727 0.00000000 0.17232173
v 14.87215727 0.00000000 0.25232173
v 11.06771168 0.00000000 0.25232173
v 11.06771168 0.00000000 0.17232173
v 14.87215727 0.05000000 0.17232173
v 14.87215727 0.05000000 0.25232173
v 11.06771168 0.05000000 0.25232173
v 11.06771168 0.05000000 0.17232173
f 2728 2725 2726
f 2728 2726 2727
f 2730 2729 2732
f 2731 2730 2732
f 2726 2729 2730
f 2725 2729 2726
f 2727 2730 2731
f 2726 2730 2727
f 2725 2732 2729
f 2728 2732 2725
f 2728 2731 2732
f 2727 2731 2728

o frame-top Living N glazing
usemtl frame
v 14.87215727 2.25000000 0.17232173
v 14.87215727 2.25000000 0.25232173
v 11.06771168 2.25000000 0.25232173
v 11.06771168 2.25000000 0.17232173
v 14.87215727 2.30000000 0.17232173
v 14.87215727 2.30000000 0.25232173
v 11.06771168 2.30000000 0.25232173
v 11.06771168 2.30000000 0.17232173
f 2736 2733 2734
f 2736 2734 2735
f 2738 2737 2740
f 2739 2738 2740
f 2734 2737 2738
f 2733 2737 2734
f 2735 2738 2739
f 2734 2738 2735
f 2733 2740 2737
f 2736 2740 2733
f 2736 2739 2740
f 2735 2739 2736

o lintel Living S glazing
usemtl wall
v 14.87215727 2.30000000 12.68341257
v 14.87215727 2.30000000 12.96736477
v 11.15829372 2.30000000 12.96736477
v 11.15829372 2.30000000 12.68341257
v 14.87215727 2.50000000 12.68341257
v 14.87215727 2.50000000 12.96736477
v 11.15829372 2.50000000 12.96736477
v 11.15829372 2.50000000 12.68341257
f 2744 2741 2742
f 2744 2742 2743
f 2746 2745 2748
f 2747 2746 2748
f 2742 2745 2746
f 2741 2745 2742
f 2743 2746 2747
f 2742 2746 2743
f 2741 2748 2745
f 2744 2748 2741
f 2744 2747 2748
f 2743 2747 2744

o glass Living S glazing
usemtl glass
v 14.87215727 0.05000000 12.81038867
v 14.87215727 0.05000000 12.84038867
v 11.15829372 0.05000000 12.84038867
v 11.15829372 0.05000000 12.81038867
v 14.87215727 2.25000000 12.81038867
v 14.87215727 2.25000000 12.84038867
v 11.15829372 2.25000000 12.84038867
v 11.15829372 2.25000000 12.81038867
f 2752 2749 2750
f 2752 2750 2751
f 2754 2753 2756
f 2755 2754 2756
f 2750 2753 2754
f 2749 2753 2750
f 2751 2754 2755
f 2750 2754 2751
f 2749 2756 2753
f 2752 2756 2749
f 2752 2755 2756
f 2751 2755 2752

o frame-bottom Living S glazing
usemtl frame
v 14.87215727 0.00000000 12.78538867
v 14.87215727 0.00000000 12.86538867
v 11.15829372 0.00000000 12.86538867
v 11.15829372 0.00000000 12.78538867
v 14.87215727 0.05000000 12.78538867
v 14.87215727 0.05000000 12.86538867
v 11.15829372 0.05000000 12.86538867
v 11.15829372 0.05000000 12.78538867
f 2760 2757 2758
f 2760 2758 2759
f 2762 2761 2764
f 2763 2762 2764
f 2758 2761 2762
f 2757 2761 2758
f 2759 2762 2763
f 2758 2762 2759
f 2757 2764 2761
f 2760 2764 2757
f 2760 2763 2764
f 2759 2763 2760

o frame-top Living S glazing
usemtl frame
v 14.87215727 2.25000000 12.78538867
v 14.87215727 2.25000000 12.86538867
v 11.15829372 2.25000000 12.86538867
v 11.15829372 2.25000000 12.78538867
v 14.87215727 2.30000000 12.78538867
v 14.87215727 2.30000000 12.86538867
v 11.15829372 2.30000000 12.86538867
v 11.15829372 2.30000000 12.78538867
f 2768 2765 2766
f 2768 2766 2767
f 2770 2769 2772
f 2771 2770 2772
f 2766 2769 2770
f 2765 2769 2766
f 2767 2770 2771
f 2766 2770 2767
f 2765 2772 2769
f 2768 2772 2765
f 2768 2771 2772
f 2767 2771 2768

o lintel Stair N glazing
usemtl wall
v 3.95027624 2.30000000 0.05460619
v 3.95027624 2.30000000 0.40023127
v 0.27624309 2.30000000 0.40023127
v 0.27624309 2.30000000 0.05460619
v 3.95027624 2.50000000 0.05460619
v 3.95027624 2.50000000 0.40023127
v 0.27624309 2.50000000 0.40023127
v 0.27624309 2.50000000 0.05460619
f 2776 2773 2774
f 2776 2774 2775
f 2778 2777 2780
f 2779 2778 2780
f 2774 2777 2778
f 2773 2777 2774
f 2775 2778 2779
f 2774 2778 2775
f 2773 2780 2777
f 2776 2780 2773
f 2776 2779 2780
f 2775 2779 2776

o glass Stair N glazing
usemtl glass
v 3.95027624 0.05000000 0.21241873
v 3.95027624 0.05000000 0.24241873
v 0.27624309 0.05000000 0.24241873
v 0.27624309 0.05000000 0.21241873
v 3.95027624 2.25000000 0.21241873
v 3.95027624 2.25000000 0.24241873
v 0.27624309 2.25000000 0.24241873
v 0.27624309 2.25000000 0.21241873
f 2784 2781 2782
f 2784 2782 2783
f 2786 2785 2788
f 2787 2786 2788
f 2782 2785 2786
f 2781 2785 2782
f 2783 2786 2787
f 2782 2786 2783
f 2781 2788 2785
f 2784 2788 2781
f 2784 2787 2788
f 2783 2787 2784

o frame-bottom Stair N glazing
usemtl frame
v 3.95027624 0.00000000 0.18741873
v 3.95027624 0.00000000 0.26741873
v 0.27624309 0.00000000 0.26741873
v 0.27624309 0.00000000 0.18741873
v 3.95027624 0.05000000 0.18741873
v 3.95027624 0.05000000 0.26741873
v 0.27624309 0.05000000 0.26741873
v 0.27624309 0.05000000 0.18741873
f 2792 2789 2790
f 2792 2790 2791
f 2794 2793 2796
f 2795 2794 2796
f 2790 2793 2794
f 2789 2793 2790
f 2791 2794 2795
f 2790 2794 2791
f 2789 2796 2793
f 2792 2796 2789
f 2792 2795 2796
f 2791 2795 2792

o frame-top Stair N glazing
usemtl frame
v 3.95027624 2.25000000 0.18741873
v 3.95027624 2.25000000 0.26741873
v 0.27624309 2.25000000 0.26741873
v 0.27624309 2.25000000 0.18741873
v 3.95027624 2.30000000 0.18741873
v 3.95027624 2.30000000 0.26741873
v 0.27624309 2.30000000 0.26741873
v 0.27624309 2.30000000 0.18741873
f 2800 2797 2798
f 2800 2798 2799
f 2802 2801 2804
f 2803 2802 2804
f 2798 2801 2802
f 2797 2801 2798
f 2799 2802 2803
f 2798 2802 2799
f 2797 2804 2801
f 2800 2804 2797
f 2800 2803 2804
f 2799 2803 2800

o lintel Stair W entrance
usemtl wall
v 0.27624309 2.30000000 4.94539381
v 0.27624309 2.30000000 5.86598998
v 0.02569703 2.30000000 5.86598998
v 0.02569703 2.30000000 4.94539381
v 0.27624309 2.50000000 4.94539381
v 0.27624309 2.50000000 5.86598998
v 0.02569703 2.50000000 5.86598998
v 0.02569703 2.50000000 4.94539381
f 2808 2805 2806
f 2808 2806 2807
f 2810 2809 2812
f 2811 2810 2812
f 2806 2809 2810
f 2805 2809 2806
f 2807 2810 2811
f 2806 2810 2807
f 2805 2812 2809
f 2808 2812 2805
f 2808 2811 2812
f 2807 2811 2808

o glass Stair W entrance
usemtl glass
v 0.16597006 0.05000000 4.94539381
v 0.16597006 0.05000000 5.86598998
v 0.13597006 0.05000000 5.86598998
v 0.13597006 0.05000000 4.94539381
v 0.16597006 2.25000000 4.94539381
v 0.16597006 2.25000000 5.86598998
v 0.13597006 2.25000000 5.86598998
v 0.13597006 2.25000000 4.94539381
f 2816 2813 2814
f 2816 2814 2815
f 2818 2817 2820
f 2819 2818 2820
f 2814 2817 2818
f 2813 2817 2814
f 2815 2818 2819
f 2814 2818 2815
f 2813 2820 2817
f 2816 2820 2813
f 2816 2819 2820
f 2815 2819 2816

o frame-bottom Stair W entrance
usemtl frame
v 0.19097006 0.00000000 4.94539381
v 0.19097006 0.00000000 5.86598998
v 0.11097006 0.00000000 5.86598998
v 0.11097006 0.00000000 4.94539381
v 0.19097006 0.05000000 4.94539381
v 0.19097006 0.05000000 5.86598998
v 0.11097006 0.05000000 5.86598998
v 0.11097006 0.05000000 4.94539381
f 2824 2821 2822
f 2824 2822 2823
f 2826 2825 2828
f 2827 2826 2828
f 2822 2825 2826
f 2821 2825 2822
f 2823 2826 2827
f 2822 2826 2823
f 2821 2828 2825
f 2824 2828 2821
f 2824 2827 2828
f 2823 2827 2824

o frame-top Stair W entrance
usemtl frame
v 0.19097006 2.25000000 4.94539381
v 0.19097006 2.25000000 5.86598998
v 0.11097006 2.25000000 5.86598998
v 0.11097006 2.25000000 4.94539381
v 0.19097006 2.30000000 4.94539381
v 0.19097006 2.30000000 5.86598998
v 0.11097006 2.30000000 5.86598998
v 0.11097006 2.30000000 4.94539381
f 2832 2829 2830
f 2832 2830 2831
f 2834 2833 2836
f 2835 2834 2836
f 2830 2833 2834
f 2829 2833 2830
f 2831 2834 2835
f 2830 2834 2831
f 2829 2836 2833
f 2832 2836 2829
f 2832 2835 2836
f 2831 2835 2832

o lintel Stair S door
usemtl wall
v 0.98676603 2.10000000 6.00603880
v 1.90800463 2.10000000 6.00603880
v 1.90800463 2.10000000 6.25465759
v 0.98676603 2.10000000 6.25465759
v 0.98676603 2.50000000 6.00603880
v 1.90800463 2.50000000 6.00603880
v 1.90800463 2.50000000 6.25465759
v 0.98676603 2.50000000 6.25465759
f 2840 2837 2838
f 2840 2838 2839
f 2842 2841 2844
f 2843 2842 2844
f 2838 2841 2842
f 2837 2841 2838
f 2839 2842 2843
f 2838 2842 2839
f 2837 2844 2841
f 2840 2844 2837
f 2840 2843 2844
f 2839 2843 2840

o lintel Elevator door
usemtl wall
v 2.34806630 2.10000000 6.00603880
v 3.95027624 2.10000000 6.00603880
v 3.95027624 2.10000000 6.18656045
v 2.34806630 2.10000000 6.18656045
v 2.34806630 2.50000000 6.00603880
v 3.95027624 2.50000000 6.00603880
v 3.95027624 2.50000000 6.18656045
v 2.34806630 2.50000000 6.18656045
f 2848 2845 2846
f 2848 2846 2847
f 2850 2849 2852
f 2851 2850 2852
f 2846 2849 2850
f 2845 2849 2846
f 2847 2850 2851
f 2846 2850 2847
f 2845 2852 2849
f 2848 2852 2845
f 2848 2851 2852
f 2847 2851 2848

o lintel Apartment entrance
usemtl wall
v 3.95027624 2.10000000 4.94539381
v 4.20017988 2.10000000 4.94539381
v 4.20017988 2.10000000 5.86598998
v 3.95027624 2.10000000 5.86598998
v 3.95027624 2.50000000 4.94539381
v 4.20017988 2.50000000 4.94539381
v 4.20017988 2.50000000 5.86598998
v 3.95027624 2.50000000 5.86598998
f 2856 2853 2854
f 2856 2854 2855
f 2858 2857 2860
f 2859 2858 2860
f 2854 2857 2858
f 2853 2857 2854
f 2855 2858 2859
f 2854 2858 2855
f 2853 2860 2857
f 2856 2860 2853
f 2856 2859 2860
f 2855 2859 2856

o lintel Zimmer 1 door
usemtl wall
v 4.87087241 2.10000000 4.65501735
v 5.75163819 2.10000000 4.65501735
v 5.75163819 2.10000000 4.80470256
v 4.87087241 2.10000000 4.80470256
v 4.87087241 2.50000000 4.65501735
v 5.75163819 2.50000000 4.65501735
v 5.75163819 2.50000000 4.80470256
v 4.87087241 2.50000000 4.80470256
f 2864 2861 2862
f 2864 2862 2863
f 2866 2865 2868
f 2867 2866 2868
f 2862 2865 2866
f 2861 2865 2862
f 2863 2866 2867
f 2862 2866 2863
f 2861 2868 2865
f 2864 2868 2861
f 2864 2867 2868
f 2863 2867 2864

o lintel Zimmer 2 door
usemtl wall
v 8.79545163 2.10000000 4.65501735
v 9.67621740 2.10000000 4.65501735
v 9.67621740 2.10000000 4.80470256
v 8.79545163 2.10000000 4.80470256
v 8.79545163 2.50000000 4.65501735
v 9.67621740 2.50000000 4.65501735
v 9.67621740 2.50000000 4.80470256
v 8.79545163 2.50000000 4.80470256
f 2872 2869 2870
f 2872 2870 2871
f 2874 2873 2876
f 2875 2874 2876
f 2870 2873 2874
f 2869 2873 2870
f 2871 2874 2875
f 2870 2874 2871
f 2869 2876 2873
f 2872 2876 2869
f 2872 2875 2876
f 2871 2875 2872

o lintel Bad door
usemtl wall
v 4.87087241 2.10000000 6.00603880
v 5.75163819 2.10000000 6.00603880
v 5.75163819 2.10000000 6.18142105
v 4.87087241 2.10000000 6.18142105
v 4.87087241 2.50000000 6.00603880
v 5.75163819 2.50000000 6.00603880
v 5.75163819 2.50000000 6.18142105
v 4.87087241 2.50000000 6.18142105
f 2880 2877 2878
f 2880 2878 2879
f 2882 2881 2884
f 2883 2882 2884
f 2878 2881 2882
f 2877 2881 2878
f 2879 2882 2883
f 2878 2882 2879
f 2877 2884 2881
f 2880 2884 2877
f 2880 2883 2884
f 2879 2883 2880

o lintel Reduit door
usemtl wall
v 9.86637543 2.10000000 6.63690094
v 10.74778363 2.10000000 6.63690094
v 10.74778363 2.10000000 6.78722858
v 9.86637543 2.10000000 6.78722858
v 9.86637543 2.50000000 6.63690094
v 10.74778363 2.50000000 6.63690094
v 10.74778363 2.50000000 6.78722858
v 9.86637543 2.50000000 6.78722858
f 2888 2885 2886
f 2888 2886 2887
f 2890 2889 2892
f 2891 2890 2892
f 2886 2889 2890
f 2885 2889 2886
f 2887 2890 2891
f 2886 2890 2887
f 2885 2892 2889
f 2888 2892 2885
f 2888 2891 2892
f 2887 2891 2888

o slab
usemtl slab
v 0.01589160 -0.25000000 0.21995288
v 0.01659406 -0.25000000 0.22042224
v 0.01680844 -0.25000000 0.22055074
v 0.01838490 -0.25000000 0.22171992
v 0.01983917 -0.25000000 0.22303799
v 0.02115724 -0.25000000 0.22449226
v 0.02232642 -0.25000000 0.22606872
v 0.02333546 -0.25000000 0.22775219
v 0.02417462 -0.25000000 0.22952646
v 0.02483584 -0.25000000 0.23137444
v 0.02531274 -0.25000000 0.23327832
v 0.02560073 -0.25000000 0.23521979
v 0.02569703 -0.25000000 0.23718013
v 0.02569703 -0.25000000 5.98912140
v 0.02559957 -0.25000000 5.99109344
v 0.02530814 -0.25000000 5.99304626
v 0.02482558 -0.25000000 5.99496082
v 0.02415658 -0.25000000 5.99681847
v 0.02330768 -0.25000000 5.99860111
v 0.02228715 -0.25000000 6.00029136
v 0.02110493 -0.25000000 6.00187275
v 0.01977254 -0.25000000 6.00332985
v 0.01830297 -0.25000000 6.00464849
v 0.01671054 -0.25000000 6.00581579
v 0.01589082 -0.25000000 6.00635657
v 0.01586837 -0.25000000 6.00658454
v 0.01586800 -0.25000000 6.00659914
v 0.01586800 -0.25000000 6.25443464
v 0.01586808 -0.25000000 6.25443793
v 0.01589116 -0.25000000 6.25467312
v 0.01611833 -0.25000000 6.25469549
v 0.01613293 -0.25000000 6.25469586
v 0.89575448 -0.25000000 6.25469586
v 0.89629041 -0.25000000 6.25470304
v 0.89704641 -0.25000000 6.25472330
v 0.98650532 -0.25000000 6.25472330
v 0.98650861 -0.25000000 6.25472322
v 0.98675527 -0.25000000 6.25469902
v 0.98692783 -0.25000000 6.25452646
v 0.98790460 -0.25000000 6.25344877
v 0.98935887 -0.25000000 6.25213069
v 0.99093533 -0.25000000 6.25096151
v 0.99261880 -0.25000000 6.24995248
v 0.99439307 -0.25000000 6.24911331
v 0.99624104 -0.25000000 6.24845210
v 0.99814493 -0.25000000 6.24797520
v 1.00008639 -0.25000000 6.24768721
v 1.00204673 -0.25000000 6.24759090
v 1.89255577 -0.25000000 6.24759090
v 1.89451611 -0.25000000 6.24768721
v 1.89645757 -0.25000000 6.24797520
v 1.89836146 -0.25000000 6.24845210
v 1.90020944 -0.25000000 6.24911331
v 1.90198370 -0.25000000 6.24995248
v 1.90366717 -0.25000000 6.25096151
v 1.90524363 -0.25000000 6.25213069
v 1.90669790 -0.25000000 6.25344877
v 1.90771890 -0.25000000 6.25457527
v 1.90786856 -0.25000000 6.25472492
v 1.90810720 -0.25000000 6.25474843
v 1.90812181 -0.25000000 6.25474879
v 1.96982111 -0.25000000 6.25474879
v 1.97178146 -0.25000000 6.25484510
v 1.97372292 -0.25000000 6.25513309
v 1.97562681 -0.25000000 6.25560998
v 1.97747478 -0.25000000 6.25627120
v 1.97808083 -0.25000000 6.25652223
v 1.97832548 -0.25000000 6.25654633
v 1.97838061 -0.25000000 6.25654771
v 1.98030690 -0.25000000 6.25668919
v 1.98221056 -0.25000000 6.25701583
v 1.98407383 -0.25000000 6.25752458
v 1.98587934 -0.25000000 6.25821068
v 1.98761025 -0.25000000 6.25906775
v 1.98925041 -0.25000000 6.26008779
v 1.99078453 -0.25000000 6.26126128
v 1.99219830 -0.25000000 6.26257729
v 1.99347853 -0.25000000 6.26402353
v 1.99461329 -0.25000000 6.26558651
v 1.99559198 -0.25000000 6.26725167
v 1.99640549 -0.25000000 6.26900348
v 1.99704623 -0.25000000 6.27082558
v 1.99750821 -0.25000000 6.27270099
v 1.99778714 -0.25000000 6.27461223
v 1.99788040 -0.25000000 6.27654145
v 1.99788040 -0.25000000 8.77910402
v 1.99790424 -0.25000000 8.77934452
v 1.99807697 -0.25000000 8.77933853
v 1.99877006 -0.25000000 8.77932652
v 4.19930744 -0.25000000 8.77932652
v 4.19981513 -0.25000000 8.77933296
v 4.20056502 -0.25000000 8.77935201
v 7.20420832 -0.25000000 8.77935201
v 7.20421162 -0.25000000 8.77935192
v 7.20444725 -0.25000000 8.77932875
v 7.20446886 -0.25000000 8.77910107
v 7.20446917 -0.25000000 8.77908644
v 7.20363598 -0.25000000 8.55938845
v 7.20363588 -0.25000000 8.55938516
v 7.20361164 -0.25000000 8.55914680
v 7.20283702 -0.25000000 8.55891243
v 7.20098757 -0.25000000 8.55825211
v 7.19921179 -0.25000000 8.55741359
v 7.19752680 -0.25000000 8.55640496
v 7.19594885 -0.25000000 8.55523595
v 7.19449316 -0.25000000 8.55391782
v 7.19317376 -0.25000000 8.55246328
v 7.19200336 -0.25000000 8.55088636
v 7.19099326 -0.25000000 8.54920225
v 7.19015319 -0.25000000 8.54742721
v 7.18949125 -0.25000000 8.54557833
v 7.18901383 -0.25000000 8.54367345
v 7.18872552 -0.25000000 8.54173093
v 7.18862911 -0.25000000 8.53976950
v 7.18862911 -0.25000000 6.42671502
v 7.18872541 -0.25000000 6.42475468
v 7.18901340 -0.25000000 6.42281321
v 7.18949030 -0.25000000 6.42090933
v 7.19015152 -0.25000000 6.41906135
v 7.19099068 -0.25000000 6.41728709
v 7.19199972 -0.25000000 6.41560362
v 7.19316890 -0.25000000 6.41402715
v 7.19448697 -0.25000000 6.41257288
v 7.19482515 -0.25000000 6.41226638
v 7.19535324 -0.25000000 6.41173828
v 7.19542108 -0.25000000 6.41151466
v 7.19578105 -0.25000000 6.41007758
v 7.19644226 -0.25000000 6.40822961
v 7.19728143 -0.25000000 6.40645534
v 7.19829046 -0.25000000 6.40477187
v 7.19945965 -0.25000000 6.40319541
v 7.20077772 -0.25000000 6.40174114
v 7.20223199 -0.25000000 6.40042307
v 7.20380845 -0.25000000 6.39925388
v 7.20549192 -0.25000000 6.39824485
v 7.20726619 -0.25000000 6.39740569
v 7.20911416 -0.25000000 6.39674447
v 7.21101805 -0.25000000 6.39626757
v 7.21295951 -0.25000000 6.39597958
v 7.21491986 -0.25000000 6.39588328
v 8.48689174 -0.25000000 6.39588328
v 8.48885716 -0.25000000 6.39598008
v 8.49080355 -0.25000000 6.39626956
v 8.49271207 -0.25000000 6.39674891
v 8.49456424 -0.25000000 6.39741350
v 8.49634214 -0.25000000 6.39825688
v 8.49802856 -0.25000000 6.39927089
v 8.49960717 -0.25000000 6.40044572
v 8.50106268 -0.25000000 6.40177000
v 8.50238101 -0.25000000 6.40323090
v 8.50354940 -0.25000000 6.40481428
v 8.50455653 -0.25000000 6.40650482
v 8.50539265 -0.25000000 6.40828615
v 8.50604968 -0.25000000 6.41014101
v 8.50637188 -0.25000000 6.41144636
v 8.50645901 -0.25000000 6.41173704
v 8.50670099 -0.25000000 6.41193635
v 8.50775499 -0.25000000 6.41272042
v 8.50920528 -0.25000000 6.41403833
v 8.51051964 -0.25000000 6.41549185
v 8.51168544 -0.25000000 6.41706702
v 8.51269149 -0.25000000 6.41874871
v 8.51352813 -0.25000000 6.42052079
v 8.51418733 -0.25000000 6.42236625
v 8.51466276 -0.25000000 6.42426735
v 8.51494985 -0.25000000 6.42620586
v 8.51504586 -0.25000000 6.42816316
v 8.51504586 -0.25000000 8.53940605
v 8.51494949 -0.25000000 8.54136707
v 8.51466130 -0.25000000 8.54330918
v 8.51418408 -0.25000000 8.54521369
v 8.51352241 -0.25000000 8.54706222
v 8.51268269 -0.25000000 8.54883697
v 8.51167299 -0.25000000 8.55052083
v 8.51050306 -0.25000000 8.55209758
v 8.50918416 -0.25000000 8.55355202
v 8.50772901 -0.25000000 8.55487012
v 8.50615163 -0.25000000 8.55603920
v 8.50446722 -0.25000000 8.55704799
v 8.50269202 -0.25000000 8.55788675
v 8.50084313 -0.25000000 8.55854741
v 8.49893837 -0.25000000 8.55902360
v 8.49830809 -0.25000000 8.55914866
v 8.49828472 -0.25000000 8.55937757
v 8.49828430 -0.25000000 8.55939215
v 8.49745111 -0.25000000 8.77909016
v 8.49745118 -0.25000000 8.77909346
v 8.49747346 -0.25000000 8.77932917
v 8.49770106 -0.25000000 8.77935164
v 8.49771569 -0.25000000 8.77935201
v 10.82761732 -0.25000000 8.77935201
v 10.82957766 -0.25000000 8.77944831
v 10.83151913 -0.25000000 8.77973630
v 10.83342302 -0.25000000 8.78021320
v 10.83527099 -0.25000000 8.78087441
v 10.83704526 -0.25000000 8.78171358
v 10.83872873 -0.25000000 8.78272261
v 10.84030519 -0.25000000 8.78389180
v 10.84175946 -0.25000000 8.78520987
v 10.84307753 -0.25000000 8.78666414
v 10.84424671 -0.25000000 8.78824060
v 10.84525575 -0.25000000 8.78992407
v 10.84609491 -0.25000000 8.79169834
v 10.84675613 -0.25000000 8.79354631
v 10.84723303 -0.25000000 8.79545020
v 10.84752102 -0.25000000 8.79739166
v 10.84761732 -0.25000000 8.79935201
v 10.84761732 -0.25000000 12.66634097
v 10.84752099 -0.25000000 12.66830156
v 10.84723293 -0.25000000 12.67024326
v 10.84675592 -0.25000000 12.67214737
v 10.84609454 -0.25000000 12.67399554
v 10.84525517 -0.25000000 12.67576999
v 10.84424590 -0.25000000 12.67745360
v 10.84307644 -0.25000000 12.67903016
v 10.84175807 -0.25000000 12.68048449
v 10.84030348 -0.25000000 12.68180258
v 10.83872669 -0.25000000 12.68297172
v 10.83814168 -0.25000000 12.68332226
v 10.83761868 -0.25000000 12.68367160
v 10.83759536 -0.25000000 12.68390742
v 10.83759499 -0.25000000 12.68392202
v 10.83753041 -0.25000000 12.83384973
v 10.83746578 -0.25000000 13.05376707
v 10.83746586 -0.25000000 13.05377037
v 10.83748888 -0.25000000 13.05400559
v 10.83771608 -0.25000000 13.05402798
v 10.83773068 -0.25000000 13.05402834
v 11.15777630 -0.25000000 13.05402834
v 11.15777959 -0.25000000 13.05402826
v 11.15801478 -0.25000000 13.05400518
v 11.15803715 -0.25000000 13.05377801
v 11.15803752 -0.25000000 13.05376341
v 11.15803752 -0.25000000 12.90415429
v 11.15803743 -0.25000000 12.90415099
v 11.15801436 -0.25000000 12.90391581
v 11.15778719 -0.25000000 12.90389343
v 11.15777259 -0.25000000 12.90389307
v 11.00779311 -0.25000000 12.90389307
v 11.00583277 -0.25000000 12.90379676
v 11.00389130 -0.25000000 12.90350877
v 11.00198742 -0.25000000 12.90303188
v 11.00013944 -0.25000000 12.90237066
v 10.99836518 -0.25000000 12.90153149
v 10.99668171 -0.25000000 12.90052246
v 10.99510524 -0.25000000 12.89935328
v 10.99365097 -0.25000000 12.89803520
v 10.99233290 -0.25000000 12.89658093
v 10.99116372 -0.25000000 12.89500447
v 10.99015468 -0.25000000 12.89332100
v 10.98931552 -0.25000000 12.89154674
v 10.98865430 -0.25000000 12.88969876
v 10.98817740 -0.25000000 12.88779488
v 10.98788942 -0.25000000 12.88585341
v 10.98779311 -0.25000000 12.88389307
v 10.98779311 -0.25000000 12.85386889
v 10.98788942 -0.25000000 12.85190855
v 10.98817740 -0.25000000 12.84996709
v 10.98865430 -0.25000000 12.84806320
v 10.98931552 -0.25000000 12.84621522
v 10.99015468 -0.25000000 12.84444096
v 10.99116372 -0.25000000 12.84275749
v 10.99233290 -0.25000000 12.84118103
v 10.99365097 -0.25000000 12.83972676
v 10.99510524 -0.25000000 12.83840868
v 10.99668171 -0.25000000 12.83723950
v 10.99836518 -0.25000000 12.83623047
v 11.00013944 -0.25000000 12.83539130
v 11.00198742 -0.25000000 12.83473009
v 11.00389130 -0.25000000 12.83425319
v 11.00583277 -0.25000000 12.83396520
v 11.00779311 -0.25000000 12.83386889
v 11.06782544 -0.25000000 12.83386889
v 14.87034986 -0.25000000 12.83377287
v 14.87229077 -0.25000000 12.83386819
v 14.87231875 -0.25000000 12.83386889
v 15.03255500 -0.25000000 12.83386889
v 15.03450151 -0.25000000 12.83396384
v 15.03642953 -0.25000000 12.83424778
v 15.03832077 -0.25000000 12.83471802
v 15.04015726 -0.25000000 12.83537009
v 15.04192157 -0.25000000 12.83619780
v 15.04359695 -0.25000000 12.83719330
v 15.04516749 -0.25000000 12.83834713
v 15.04661827 -0.25000000 12.83964833
v 15.04793553 -0.25000000 12.84108455
v 15.04910675 -0.25000000 12.84264216
v 15.05012082 -0.25000000 12.84430636
v 15.05096811 -0.25000000 12.84606135
v 15.05164056 -0.25000000 12.84789048
v 15.05213181 -0.25000000 12.84977637
v 15.05224192 -0.25000000 12.85030312
v 15.05240950 -0.25000000 12.85049369
v 15.05242074 -0.25000000 12.85050465
v 15.08089298 -0.25000000 12.87684215
v 15.08233110 -0.25000000 12.87831695
v 15.08360989 -0.25000000 12.87993185
v 15.08471580 -0.25000000 12.88166971
v 15.08563708 -0.25000000 12.88351212
v 15.08636397 -0.25000000 12.88543951
v 15.08688876 -0.25000000 12.88743144
v 15.08720588 -0.25000000 12.88946679
v 15.08731196 -0.25000000 12.89152396
v 15.08731196 -0.25000000 13.05376124
v 15.08731204 -0.25000000 13.05376453
v 15.08733511 -0.25000000 13.05399972
v 15.08756228 -0.25000000 13.05402209
v 15.08757688 -0.25000000 13.05402246
v 15.27235436 -0.25000000 13.05402246
v 15.27235436 -0.25000000 13.05402472
v 15.27249681 -0.25000000 13.05400036
v 15.27249667 -0.25000000 13.05345684
v 15.27245270 -0.25000000 13.05258174
v 15.27244071 -0.25000000 12.83433263
v 15.27244673 -0.25000000 12.83384071
v 15.27245245 -0.25000000 12.83360767
v 15.27245245 -0.25000000 0.22111779
v 15.27246733 -0.25000000 0.22034637
v 15.27249754 -0.25000000 0.21956373
v 15.27249754 -0.25000000 0.00064747
v 15.27249609 -0.25000000 -0.00029176
v 15.27249451 -0.25000000 -0.00029374
v 15.27248814 -0.25000000 -0.00029914
v 15.27202838 -0.25000000 -0.00032065
v 15.08757251 -0.25000000 -0.00029607
v 15.08733469 -0.25000000 -0.00027287
v 15.08731232 -0.25000000 -0.00004572
v 15.08731196 -0.25000000 -0.00003111
v 15.08731196 -0.25000000 0.16229173
v 15.08720592 -0.25000000 0.16434851
v 15.08688892 -0.25000000 0.16638348
v 15.08636433 -0.25000000 0.16837506
v 15.08563772 -0.25000000 0.17030213
v 15.08471677 -0.25000000 0.17214426
v 15.08361127 -0.25000000 0.17388191
v 15.08233293 -0.25000000 0.17549667
v 15.08089531 -0.25000000 0.17697139
v 15.05247460 -0.25000000 0.20326958
v 15.05247208 -0.25000000 0.20327203
v 15.05229860 -0.25000000 0.20346921
v 15.05218237 -0.25000000 0.20402531
v 15.05169118 -0.25000000 0.20591127
v 15.05101877 -0.25000000 0.20774047
v 15.05017152 -0.25000000 0.20949554
v 15.04915748 -0.25000000 0.21115982
v 15.04798627 -0.25000000 0.21271750
v 15.04666901 -0.25000000 0.21415379
v 15.04521821 -0.25000000 0.21545506
v 15.04364766 -0.25000000 0.21660895
v 15.04197225 -0.25000000 0.21760450
v 15.04020791 -0.25000000 0.21843226
v 15.03837137 -0.25000000 0.21908438
v 15.03648009 -0.25000000 0.21955464
v 15.03455201 -0.25000000 0.21983861
v 15.03260545 -0.25000000 0.21993356
v 14.87209410 -0.25000000 0.21993399
v 14.87204500 -0.25000000 0.21993459
v 11.06784948 -0.25000000 0.21993399
v 10.91802911 -0.25000000 0.21996530
v 10.91779167 -0.25000000 0.21998852
v 10.91776930 -0.25000000 0.22021568
v 10.91776893 -0.25000000 0.22023028
v 10.91776893 -0.25000000 0.35010062
v 10.91767263 -0.25000000 0.35206097
v 10.91738464 -0.25000000 0.35400243
v 10.91690774 -0.25000000 0.35590632
v 10.91624652 -0.25000000 0.35775429
v 10.91540736 -0.25000000 0.35952856
v 10.91439833 -0.25000000 0.36121203
v 10.91322914 -0.25000000 0.36278849
v 10.91191107 -0.25000000 0.36424276
v 10.91045680 -0.25000000 0.36556083
v 10.90888034 -0.25000000 0.36673002
v 10.90719687 -0.25000000 0.36773905
v 10.90542260 -0.25000000 0.36857822
v 10.90357463 -0.25000000 0.36923943
v 10.90167074 -0.25000000 0.36971633
v 10.89972928 -0.25000000 0.37000432
v 10.89776893 -0.25000000 0.37010062
v 8.96548957 -0.25000000 0.37010062
v 8.96352923 -0.25000000 0.37000432
v 8.96158777 -0.25000000 0.36971633
v 8.95968388 -0.25000000 0.36923943
v 8.95783591 -0.25000000 0.36857822
v 8.95606164 -0.25000000 0.36773905
v 8.95437817 -0.25000000 0.36673002
v 8.95280171 -0.25000000 0.36556083
v 8.95134744 -0.25000000 0.36424276
v 8.95002937 -0.25000000 0.36278849
v 8.94886018 -0.25000000 0.36121203
v 8.94785115 -0.25000000 0.35952856
v 8.94701198 -0.25000000 0.35775429
v 8.94635077 -0.25000000 0.35590632
v 8.94587387 -0.25000000 0.35400243
v 8.94558588 -0.25000000 0.35206097
v 8.94548957 -0.25000000 0.35010062
v 8.94548957 -0.25000000 0.22051578
v 8.94549565 -0.25000000 0.22034130
v 8.94548236 -0.25000000 0.21993914
v 8.94530432 -0.25000000 0.21974873
v 8.90549134 -0.25000000 0.18488836
v 8.90409742 -0.25000000 0.18354314
v 8.90284018 -0.25000000 0.18206939
v 8.90173142 -0.25000000 0.18048091
v 8.90078154 -0.25000000 0.17879262
v 8.89999944 -0.25000000 0.17702035
v 8.89939248 -0.25000000 0.17518073
v 8.89896633 -0.25000000 0.17329102
v 8.89872500 -0.25000000 0.17136895
v 8.89867075 -0.25000000 0.16943254
v 8.89880409 -0.25000000 0.16749997
v 8.89912377 -0.25000000 0.16558937
v 8.89962680 -0.25000000 0.16371865
v 8.90030844 -0.25000000 0.16190538
v 8.90116232 -0.25000000 0.16016656
v 8.90218041 -0.25000000 0.15851850
v 8.90335316 -0.25000000 0.15697666
v 8.90466958 -0.25000000 0.15555552
v 8.90611731 -0.25000000 0.15426840
v 8.90768277 -0.25000000 0.15312737
v 8.90935128 -0.25000000 0.15214315
v 8.91110717 -0.25000000 0.15132496
v 8.91293399 -0.25000000 0.15068049
v 8.91481459 -0.25000000 0.15021577
v 8.91673132 -0.25000000 0.14993517
v 8.91866621 -0.25000000 0.14984132
v 9.03537940 -0.25000000 0.14983923
v 9.03538252 -0.25000000 0.14983916
v 9.03561779 -0.25000000 0.14981607
v 9.03564017 -0.25000000 0.14958891
v 9.03564053 -0.25000000 0.14957430
v 9.03564053 -0.25000000 -0.00003482
v 9.03564045 -0.25000000 -0.00003811
v 9.03561738 -0.25000000 -0.00027330
v 9.03539021 -0.25000000 -0.00029568
v 9.03537561 -0.25000000 -0.00029604
v 7.85467386 -0.25000000 -0.00029604
v 7.85467056 -0.25000000 -0.00029596
v 7.85443538 -0.25000000 -0.00027288
v 7.85441300 -0.25000000 -0.00004572
v 7.85441264 -0.25000000 -0.00003111
v 7.85441264 -0.25000000 0.14957801
v 7.85441272 -0.25000000 0.14958130
v 7.85443579 -0.25000000 0.14981649
v 7.85466296 -0.25000000 0.14983887
v 7.85467756 -0.25000000 0.14983923
v 8.00459038 -0.25000000 0.14983923
v 8.00655073 -0.25000000 0.14993554
v 8.00849219 -0.25000000 0.15022352
v 8.01039608 -0.25000000 0.15070042
v 8.01224405 -0.25000000 0.15136164
v 8.01401832 -0.25000000 0.15220081
v 8.01570179 -0.25000000 0.15320984
v 8.01727825 -0.25000000 0.15437902
v 8.01873252 -0.25000000 0.15569709
v 8.02005059 -0.25000000 0.15715136
v 8.02121978 -0.25000000 0.15872783
v 8.02222881 -0.25000000 0.16041130
v 8.02306798 -0.25000000 0.16218556
v 8.02372919 -0.25000000 0.16403354
v 8.02420609 -0.25000000 0.16593742
v 8.02449408 -0.25000000 0.16787889
v 8.02459038 -0.25000000 0.16983923
v 8.02459038 -0.25000000 0.19993399
v 8.02449408 -0.25000000 0.20189433
v 8.02420609 -0.25000000 0.20383579
v 8.02372919 -0.25000000 0.20573968
v 8.02306798 -0.25000000 0.20758766
v 8.02222881 -0.25000000 0.20936192
v 8.02121978 -0.25000000 0.21104539
v 8.02005059 -0.25000000 0.21262185
v 8.01873252 -0.25000000 0.21407612
v 8.01727825 -0.25000000 0.21539420
v 8.01570179 -0.25000000 0.21656338
v 8.01401832 -0.25000000 0.21757241
v 8.01224405 -0.25000000 0.21841158
v 8.01039608 -0.25000000 0.21907279
v 8.00849219 -0.25000000 0.21954969
v 8.00655073 -0.25000000 0.21983768
v 8.00459038 -0.25000000 0.21993399
v 7.94472287 -0.25000000 0.21993399
v 7.94471957 -0.25000000 0.21993407
v 7.94448438 -0.25000000 0.21995714
v 7.94446201 -0.25000000 0.22018431
v 7.94446165 -0.25000000 0.22019891
v 7.94446165 -0.25000000 0.35010062
v 7.94436534 -0.25000000 0.35206097
v 7.94407735 -0.25000000 0.35400243
v 7.94360045 -0.25000000 0.35590632
v 7.94293924 -0.25000000 0.35775429
v 7.94210007 -0.25000000 0.35952856
v 7.94109104 -0.25000000 0.36121203
v 7.93992186 -0.25000000 0.36278849
v 7.93860378 -0.25000000 0.36424276
v 7.93714951 -0.25000000 0.36556083
v 7.93557305 -0.25000000 0.36673002
v 7.93388958 -0.25000000 0.36773905
v 7.93211532 -0.25000000 0.36857822
v 7.93026734 -0.25000000 0.36923943
v 7.92836345 -0.25000000 0.36971633
v 7.92642199 -0.25000000 0.37000432
v 7.92446165 -0.25000000 0.37010062
v 5.44162389 -0.25000000 0.37010062
v 5.43966354 -0.25000000 0.37000432
v 5.43772208 -0.25000000 0.36971633
v 5.43581819 -0.25000000 0.36923943
v 5.43397022 -0.25000000 0.36857822
v 5.43219595 -0.25000000 0.36773905
v 5.43051248 -0.25000000 0.36673002
v 5.42893602 -0.25000000 0.36556083
v 5.42748175 -0.25000000 0.36424276
v 5.42616368 -0.25000000 0.36278849
v 5.42499450 -0.25000000 0.36121203
v 5.42398546 -0.25000000 0.35952856
v 5.42314630 -0.25000000 0.35775429
v 5.42248508 -0.25000000 0.35590632
v 5.42200818 -0.25000000 0.35400243
v 5.42172019 -0.25000000 0.35206097
v 5.42162389 -0.25000000 0.35010062
v 5.42162389 -0.25000000 0.22019521
v 5.42162381 -0.25000000 0.22019191
v 5.42160073 -0.25000000 0.21995672
v 5.42137356 -0.25000000 0.21993435
v 5.42135896 -0.25000000 0.21993399
v 5.36149417 -0.25000000 0.21993399
v 5.35953383 -0.25000000 0.21983768
v 5.35759236 -0.25000000 0.21954969
v 5.35568848 -0.25000000 0.21907279
v 5.35384050 -0.25000000 0.21841158
v 5.35206623 -0.25000000 0.21757241
v 5.35038276 -0.25000000 0.21656338
v 5.34880630 -0.25000000 0.21539420
v 5.34735203 -0.25000000 0.21407612
v 5.34603396 -0.25000000 0.21262185
v 5.34486478 -0.25000000 0.21104539
v 5.34385574 -0.25000000 0.20936192
v 5.34301658 -0.25000000 0.20758766
v 5.34235536 -0.25000000 0.20573968
v 5.34187846 -0.25000000 0.20383579
v 5.34159047 -0.25000000 0.20189433
v 5.34149417 -0.25000000 0.19993399
v 5.34149417 -0.25000000 0.16983923
v 5.34159047 -0.25000000 0.16787889
v 5.34187846 -0.25000000 0.16593742
v 5.34235536 -0.25000000 0.16403354
v 5.34301658 -0.25000000 0.16218556
v 5.34385574 -0.25000000 0.16041130
v 5.34486478 -0.25000000 0.15872783
v 5.34603396 -0.25000000 0.15715136
v 5.34735203 -0.25000000 0.15569709
v 5.34880630 -0.25000000 0.15437902
v 5.35038276 -0.25000000 0.15320984
v 5.35206623 -0.25000000 0.15220081
v 5.35384050 -0.25000000 0.15136164
v 5.35568848 -0.25000000 0.15070042
v 5.35759236 -0.25000000 0.15022352
v 5.35953383 -0.25000000 0.14993554
v 5.36149417 -0.25000000 0.14983923
v 5.51154009 -0.25000000 0.14983923
v 5.51154339 -0.25000000 0.14983915
v 5.51177857 -0.25000000 0.14981607
v 5.51180095 -0.25000000 0.14958891
v 5.51180131 -0.25000000 0.14957430
v 5.51180131 -0.25000000 -0.00003482
v 5.51180123 -0.25000000 -0.00003811
v 5.51177816 -0.25000000 -0.00027330
v 5.51155099 -0.25000000 -0.00029568
v 5.51153639 -0.25000000 -0.00029604
v 4.20035662 -0.25000000 -0.00029604
v 3.95031871 -0.25000000 -0.00029604
v 3.95031541 -0.25000000 -0.00029596
v 3.95008023 -0.25000000 -0.00027288
v 3.95005785 -0.25000000 -0.00004572
v 3.95005749 -0.25000000 -0.00003111
v 3.95005749 -0.25000000 0.14957801
v 3.95005757 -0.25000000 0.14958130
v 3.95008064 -0.25000000 0.14981649
v 3.95030781 -0.25000000 0.14983887
v 3.95032241 -0.25000000 0.14983923
v 4.02018982 -0.25000000 0.14983923
v 4.02215016 -0.25000000 0.14993554
v 4.02409163 -0.25000000 0.15022352
v 4.02599551 -0.25000000 0.15070042
v 4.02784349 -0.25000000 0.15136164
v 4.02961775 -0.25000000 0.15220081
v 4.03130122 -0.25000000 0.15320984
v 4.03287768 -0.25000000 0.15437902
v 4.03433195 -0.25000000 0.15569709
v 4.03565003 -0.25000000 0.15715136
v 4.03681921 -0.25000000 0.15872783
v 4.03782824 -0.25000000 0.16041130
v 4.03866741 -0.25000000 0.16218556
v 4.03932863 -0.25000000 0.16403354
v 4.03980552 -0.25000000 0.16593742
v 4.04009351 -0.25000000 0.16787889
v 4.04018982 -0.25000000 0.16983923
v 4.04018982 -0.25000000 0.19970962
v 4.04009351 -0.25000000 0.20166997
v 4.03980552 -0.25000000 0.20361143
v 4.03932863 -0.25000000 0.20551532
v 4.03866741 -0.25000000 0.20736329
v 4.03782824 -0.25000000 0.20913756
v 4.03681921 -0.25000000 0.21082103
v 4.03565003 -0.25000000 0.21239749
v 4.03433195 -0.25000000 0.21385176
v 4.03287768 -0.25000000 0.21516983
v 4.03130122 -0.25000000 0.21633902
v 4.02961775 -0.25000000 0.21734805
v 4.02784349 -0.25000000 0.21818721
v 4.02599551 -0.25000000 0.21884843
v 4.02409163 -0.25000000 0.21932533
v 4.02215016 -0.25000000 0.21961332
v 4.02018982 -0.25000000 0.21970962
v 0.20591145 -0.25000000 0.21970962
v 0.20395111 -0.25000000 0.21961332
v 0.20200965 -0.25000000 0.21932533
v 0.20010576 -0.25000000 0.21884843
v 0.19825779 -0.25000000 0.21818721
v 0.19648352 -0.25000000 0.21734805
v 0.19480005 -0.25000000 0.21633902
v 0.19322359 -0.25000000 0.21516983
v 0.19176932 -0.25000000 0.21385176
v 0.19045125 -0.25000000 0.21239749
v 0.18928206 -0.25000000 0.21082103
v 0.18827303 -0.25000000 0.20913756
v 0.18743386 -0.25000000 0.20736329
v 0.18677265 -0.25000000 0.20551532
v 0.18629575 -0.25000000 0.20361143
v 0.18600776 -0.25000000 0.20166997
v 0.18591145 -0.25000000 0.19970962
v 0.18591145 -0.25000000 0.16983923
v 0.18600776 -0.25000000 0.16787889
v 0.18629575 -0.25000000 0.16593742
v 0.18677265 -0.25000000 0.16403354
v 0.18743386 -0.25000000 0.16218556
v 0.18827303 -0.25000000 0.16041130
v 0.18928206 -0.25000000 0.15872783
v 0.19045125 -0.25000000 0.15715136
v 0.19176932 -0.25000000 0.15569709
v 0.19322359 -0.25000000 0.15437902
v 0.19480005 -0.25000000 0.15320984
v 0.19648352 -0.25000000 0.15220081
v 0.19825779 -0.25000000 0.15136164
v 0.20010576 -0.25000000 0.15070042
v 0.20200965 -0.25000000 0.15022352
v 0.20395111 -0.25000000 0.14993554
v 0.20591145 -0.25000000 0.14983923
v 0.27578257 -0.25000000 0.14983923
v 0.27578586 -0.25000000 0.14983915
v 0.27602105 -0.25000000 0.14981607
v 0.27604342 -0.25000000 0.14958891
v 0.27604379 -0.25000000 0.14957430
v 0.27604379 -0.25000000 -0.00003482
v 0.27604371 -0.25000000 -0.00003811
v 0.27602063 -0.25000000 -0.00027330
v 0.27579346 -0.25000000 -0.00029568
v 0.27577886 -0.25000000 -0.00029604
v 0.02601617 -0.25000000 -0.00029604
v 0.02528019 -0.25000000 -0.00027797
v 0.02527989 -0.25000000 -0.00029008
v 0.02464551 -0.25000000 -0.00025683
v 0.01612922 -0.25000000 -0.00025683
v 0.01612593 -0.25000000 -0.00025675
v 0.01589074 -0.25000000 -0.00023367
v 0.01586837 -0.25000000 -0.00000650
v 0.01586800 -0.25000000 0.00000810
v 0.01586800 -0.25000000 0.21970610
v 0.01586824 -0.25000000 0.21971569
v 10.72547923 -0.25000000 6.78700444
v 10.72353777 -0.25000000 6.78671645
v 10.72163388 -0.25000000 6.78623956
v 10.71978590 -0.25000000 6.78557834
v 10.71801164 -0.25000000 6.78473917
v 10.71632817 -0.25000000 6.78373014
v 10.71475171 -0.25000000 6.78256096
v 10.71329744 -0.25000000 6.78124288
v 10.71197936 -0.25000000 6.77978861
v 10.71081018 -0.25000000 6.77821215
v 10.70980115 -0.25000000 6.77652868
v 10.70896198 -0.25000000 6.77475442
v 10.70830077 -0.25000000 6.77290644
v 10.70782387 -0.25000000 6.77100256
v 10.70753588 -0.25000000 6.76906109
v 10.70743957 -0.25000000 6.76710075
v 10.70743957 -0.25000000 6.65704194
v 10.70753588 -0.25000000 6.65508160
v 10.70782387 -0.25000000 6.65314013
v 10.70830077 -0.25000000 6.65123625
v 10.70896198 -0.25000000 6.64938827
v 10.70980115 -0.25000000 6.64761400
v 10.71081018 -0.25000000 6.64593053
v 10.71197936 -0.25000000 6.64435407
v 10.71329744 -0.25000000 6.64289980
v 10.71475171 -0.25000000 6.64158173
v 10.71632817 -0.25000000 6.64041255
v 10.71801164 -0.25000000 6.63940351
v 10.71978590 -0.25000000 6.63856435
v 10.72163388 -0.25000000 6.63790313
v 10.72353777 -0.25000000 6.63742623
v 10.72547923 -0.25000000 6.63713824
v 10.72743957 -0.25000000 6.63704194
v 10.72759119 -0.25000000 6.63704194
v 10.72955153 -0.25000000 6.63713824
v 10.73149299 -0.25000000 6.63742623
v 10.73339688 -0.25000000 6.63790313
v 10.73524485 -0.25000000 6.63856435
v 10.73701912 -0.25000000 6.63940351
v 10.73870259 -0.25000000 6.64041255
v 10.74027905 -0.25000000 6.64158173
v 10.74173332 -0.25000000 6.64289980
v 10.74305139 -0.25000000 6.64435407
v 10.74422058 -0.25000000 6.64593053
v 10.74522961 -0.25000000 6.64761400
v 10.74606878 -0.25000000 6.64938827
v 10.74672999 -0.25000000 6.65123625
v 10.74720689 -0.25000000 6.65314013
v 10.74749488 -0.25000000 6.65508160
v 10.74759119 -0.25000000 6.65704194
v 10.74759119 -0.25000000 6.76710075
v 10.74749488 -0.25000000 6.76906109
v 10.74720689 -0.25000000 6.77100256
v 10.74672999 -0.25000000 6.77290644
v 10.74606878 -0.25000000 6.77475442
v 10.74522961 -0.25000000 6.77652868
v 10.74422058 -0.25000000 6.77821215
v 10.74305139 -0.25000000 6.77978861
v 10.74173332 -0.25000000 6.78124288
v 10.74027905 -0.25000000 6.78256096
v 10.73870259 -0.25000000 6.78373014
v 10.73701912 -0.25000000 6.78473917
v 10.73524485 -0.25000000 6.78557834
v 10.73339688 -0.25000000 6.78623956
v 10.73149299 -0.25000000 6.78671645
v 10.72955153 -0.25000000 6.78700444
v 10.72759119 -0.25000000 6.78710075
v 10.72743957 -0.25000000 6.78710075
v 9.86660074 -0.25000000 6.65508160
v 9.86688873 -0.25000000 6.65314013
v 9.86736563 -0.25000000 6.65123625
v 9.86802685 -0.25000000 6.64938827
v 9.86886601 -0.25000000 6.64761400
v 9.86987504 -0.25000000 6.64593053
v 9.87104423 -0.25000000 6.64435407
v 9.87236230 -0.25000000 6.64289980
v 9.87381657 -0.25000000 6.64158173
v 9.87539303 -0.25000000 6.64041255
v 9.87707650 -0.25000000 6.63940351
v 9.87885077 -0.25000000 6.63856435
v 9.88069874 -0.25000000 6.63790313
v 9.88260263 -0.25000000 6.63742623
v 9.88454409 -0.25000000 6.63713824
v 9.88650444 -0.25000000 6.63704194
v 9.88659135 -0.25000000 6.63704194
v 9.88855169 -0.25000000 6.63713824
v 9.89049316 -0.25000000 6.63742623
v 9.89239704 -0.25000000 6.63790313
v 9.89424502 -0.25000000 6.63856435
v 9.89601929 -0.25000000 6.63940351
v 9.89770276 -0.25000000 6.64041255
v 9.89927922 -0.25000000 6.64158173
v 9.90073349 -0.25000000 6.64289980
v 9.90205156 -0.25000000 6.64435407
v 9.90322074 -0.25000000 6.64593053
v 9.90422978 -0.25000000 6.64761400
v 9.90506894 -0.25000000 6.64938827
v 9.90573016 -0.25000000 6.65123625
v 9.90620706 -0.25000000 6.65314013
v 9.90649505 -0.25000000 6.65508160
v 9.90659135 -0.25000000 6.65704194
v 9.90659135 -0.25000000 6.76710075
v 9.90649505 -0.25000000 6.76906109
v 9.90620706 -0.25000000 6.77100256
v 9.90573016 -0.25000000 6.77290644
v 9.90506894 -0.25000000 6.77475442
v 9.90422978 -0.25000000 6.77652868
v 9.90322074 -0.25000000 6.77821215
v 9.90205156 -0.25000000 6.77978861
v 9.90073349 -0.25000000 6.78124288
v 9.89927922 -0.25000000 6.78256096
v 9.89770276 -0.25000000 6.78373014
v 9.89601929 -0.25000000 6.78473917
v 9.89424502 -0.25000000 6.78557834
v 9.89239704 -0.25000000 6.78623956
v 9.89049316 -0.25000000 6.78671645
v 9.88855169 -0.25000000 6.78700444
v 9.88659135 -0.25000000 6.78710075
v 9.88650444 -0.25000000 6.78710075
v 9.88454409 -0.25000000 6.78700444
v 9.88260263 -0.25000000 6.78671645
v 9.88069874 -0.25000000 6.78623956
v 9.87885077 -0.25000000 6.78557834
v 9.87707650 -0.25000000 6.78473917
v 9.87539303 -0.25000000 6.78373014
v 9.87381657 -0.25000000 6.78256096
v 9.87236230 -0.25000000 6.78124288
v 9.87104423 -0.25000000 6.77978861
v 9.86987504 -0.25000000 6.77821215
v 9.86886601 -0.25000000 6.77652868
v 9.86802685 -0.25000000 6.77475442
v 9.86736563 -0.25000000 6.77290644
v 9.86688873 -0.25000000 6.77100256
v 9.86660074 -0.25000000 6.76906109
v 9.86650444 -0.25000000 6.76710075
v 9.86650444 -0.25000000 6.65704194
v 9.65828769 -0.25000000 4.65485627
v 9.66022915 -0.25000000 4.65514426
v 9.66213304 -0.25000000 4.65562116
v 9.66398101 -0.25000000 4.65628238
v 9.66575528 -0.25000000 4.65712154
v 9.66743875 -0.25000000 4.65813058
v 9.66901521 -0.25000000 4.65929976
v 9.67046948 -0.25000000 4.66061783
v 9.67178755 -0.25000000 4.66207210
v 9.67295674 -0.25000000 4.66364856
v 9.67396577 -0.25000000 4.66533203
v 9.67480493 -0.25000000 4.66710630
v 9.67546615 -0.25000000 4.66895427
v 9.67594305 -0.25000000 4.67085816
v 9.67623104 -0.25000000 4.67279962
v 9.67632734 -0.25000000 4.67475997
v 9.67632734 -0.25000000 4.78497366
v 9.67623104 -0.25000000 4.78693400
v 9.67594305 -0.25000000 4.78887547
v 9.67546615 -0.25000000 4.79077935
v 9.67480493 -0.25000000 4.79262733
v 9.67396577 -0.25000000 4.79440159
v 9.67295674 -0.25000000 4.79608506
v 9.67178755 -0.25000000 4.79766152
v 9.67046948 -0.25000000 4.79911579
v 9.66901521 -0.25000000 4.80043387
v 9.66743875 -0.25000000 4.80160305
v 9.66575528 -0.25000000 4.80261208
v 9.66398101 -0.25000000 4.80345125
v 9.66213304 -0.25000000 4.80411247
v 9.66022915 -0.25000000 4.80458936
v 9.65828769 -0.25000000 4.80487735
v 9.65632734 -0.25000000 4.80497366
v 9.65632277 -0.25000000 4.80497366
v 9.65436243 -0.25000000 4.80487735
v 9.65242096 -0.25000000 4.80458936
v 9.65051708 -0.25000000 4.80411247
v 9.64866910 -0.25000000 4.80345125
v 9.64689484 -0.25000000 4.80261208
v 9.64521137 -0.25000000 4.80160305
v 9.64363490 -0.25000000 4.80043387
v 9.64218063 -0.25000000 4.79911579
v 9.64086256 -0.25000000 4.79766152
v 9.63969338 -0.25000000 4.79608506
v 9.63868435 -0.25000000 4.79440159
v 9.63784518 -0.25000000 4.79262733
v 9.63718396 -0.25000000 4.79077935
v 9.63670706 -0.25000000 4.78887547
v 9.63641908 -0.25000000 4.78693400
v 9.63632277 -0.25000000 4.78497366
v 9.63632277 -0.25000000 4.67475997
v 9.63641908 -0.25000000 4.67279962
v 9.63670706 -0.25000000 4.67085816
v 9.63718396 -0.25000000 4.66895427
v 9.63784518 -0.25000000 4.66710630
v 9.63868435 -0.25000000 4.66533203
v 9.63969338 -0.25000000 4.66364856
v 9.64086256 -0.25000000 4.66207210
v 9.64218063 -0.25000000 4.66061783
v 9.64363490 -0.25000000 4.65929976
v 9.64521137 -0.25000000 4.65813058
v 9.64689484 -0.25000000 4.65712154
v 9.64866910 -0.25000000 4.65628238
v 9.65051708 -0.25000000 4.65562116
v 9.65242096 -0.25000000 4.65514426
v 9.65436243 -0.25000000 4.65485627
v 9.65632277 -0.25000000 4.65475997
v 9.65632734 -0.25000000 4.65475997
v 8.81342729 -0.25000000 4.80487735
v 8.81148583 -0.25000000 4.80458936
v 8.80958194 -0.25000000 4.80411247
v 8.80773397 -0.25000000 4.80345125
v 8.80595970 -0.25000000 4.80261208
v 8.80427623 -0.25000000 4.80160305
v 8.80269977 -0.25000000 4.80043387
v 8.80124550 -0.25000000 4.79911579
v 8.79992742 -0.25000000 4.79766152
v 8.79875824 -0.25000000 4.79608506
v 8.79774921 -0.25000000 4.79440159
v 8.79691004 -0.25000000 4.79262733
v 8.79624883 -0.25000000 4.79077935
v 8.79577193 -0.25000000 4.78887547
v 8.79548394 -0.25000000 4.78693400
v 8.79538763 -0.25000000 4.78497366
v 8.79538763 -0.25000000 4.67476781
v 8.79548389 -0.25000000 4.67280796
v 8.79577173 -0.25000000 4.67086697
v 8.79624840 -0.25000000 4.66896354
v 8.79690928 -0.25000000 4.66711597
v 8.79774804 -0.25000000 4.66534206
v 8.79875659 -0.25000000 4.66365888
v 8.79992522 -0.25000000 4.66208262
v 8.80124269 -0.25000000 4.66062848
v 8.80269632 -0.25000000 4.65931043
v 8.80427211 -0.25000000 4.65814117
v 8.80595489 -0.25000000 4.65713195
v 8.80772847 -0.25000000 4.65629249
v 8.80957577 -0.25000000 4.65563087
v 8.81147902 -0.25000000 4.65515346
v 8.81341989 -0.25000000 4.65486484
v 8.81537970 -0.25000000 4.65476781
v 8.81546662 -0.25000000 4.65476777
v 8.81742749 -0.25000000 4.65486335
v 8.81936955 -0.25000000 4.65515071
v 8.82127407 -0.25000000 4.65562710
v 8.82312272 -0.25000000 4.65628791
v 8.82489767 -0.25000000 4.65712678
v 8.82658183 -0.25000000 4.65813563
v 8.82815897 -0.25000000 4.65930473
v 8.82961388 -0.25000000 4.66062283
v 8.83093256 -0.25000000 4.66207723
v 8.83210229 -0.25000000 4.66365390
v 8.83311181 -0.25000000 4.66533765
v 8.83395138 -0.25000000 4.66711227
v 8.83461292 -0.25000000 4.66896066
v 8.83509006 -0.25000000 4.67086499
v 8.83537819 -0.25000000 4.67280694
v 8.83547455 -0.25000000 4.67476777
v 8.83547455 -0.25000000 4.78497366
v 8.83537824 -0.25000000 4.78693400
v 8.83509025 -0.25000000 4.78887547
v 8.83461336 -0.25000000 4.79077935
v 8.83395214 -0.25000000 4.79262733
v 8.83311297 -0.25000000 4.79440159
v 8.83210394 -0.25000000 4.79608506
v 8.83093476 -0.25000000 4.79766152
v 8.82961668 -0.25000000 4.79911579
v 8.82816241 -0.25000000 4.80043387
v 8.82658595 -0.25000000 4.80160305
v 8.82490248 -0.25000000 4.80261208
v 8.82312822 -0.25000000 4.80345125
v 8.82128024 -0.25000000 4.80411247
v 8.81937636 -0.25000000 4.80458936
v 8.81743489 -0.25000000 4.80487735
v 8.81547455 -0.25000000 4.80497366
v 8.81538763 -0.25000000 4.80497366
v 4.21838599 -0.25000000 8.55903156
v 4.21644452 -0.25000000 8.55874357
v 4.21454063 -0.25000000 8.55826667
v 4.21269266 -0.25000000 8.55760545
v 4.21091839 -0.25000000 8.55676629
v 4.20923492 -0.25000000 8.55575725
v 4.20765846 -0.25000000 8.55458807
v 4.20620419 -0.25000000 8.55327000
v 4.20488612 -0.25000000 8.55181573
v 4.20371694 -0.25000000 8.55023927
v 4.20270790 -0.25000000 8.54855580
v 4.20186874 -0.25000000 8.54678153
v 4.20120752 -0.25000000 8.54493355
v 4.20073062 -0.25000000 8.54302967
v 4.20044263 -0.25000000 8.54108820
v 4.20034633 -0.25000000 8.53912786
v 4.20034633 -0.25000000 6.20154856
v 4.20044263 -0.25000000 6.19958822
v 4.20073062 -0.25000000 6.19764675
v 4.20120752 -0.25000000 6.19574287
v 4.20186874 -0.25000000 6.19389489
v 4.20270790 -0.25000000 6.19212062
v 4.20371694 -0.25000000 6.19043715
v 4.20488612 -0.25000000 6.18886069
v 4.20620419 -0.25000000 6.18740642
v 4.20765846 -0.25000000 6.18608835
v 4.20923492 -0.25000000 6.18491917
v 4.21091839 -0.25000000 6.18391013
v 4.21269266 -0.25000000 6.18307097
v 4.21454063 -0.25000000 6.18240975
v 4.21644452 -0.25000000 6.18193285
v 4.21838599 -0.25000000 6.18164486
v 4.22034633 -0.25000000 6.18154856
v 4.60077567 -0.25000000 6.18154856
v 4.60273601 -0.25000000 6.18164486
v 4.60467747 -0.25000000 6.18193285
v 4.60658136 -0.25000000 6.18240975
v 4.60842933 -0.25000000 6.18307097
v 4.61020360 -0.25000000 6.18391013
v 4.61188707 -0.25000000 6.18491917
v 4.61346353 -0.25000000 6.18608835
v 4.61491780 -0.25000000 6.18740642
v 4.61623588 -0.25000000 6.18886069
v 4.61740506 -0.25000000 6.19043715
v 4.61841409 -0.25000000 6.19212062
v 4.61925326 -0.25000000 6.19389489
v 4.61991447 -0.25000000 6.19574287
v 4.62039137 -0.25000000 6.19764675
v 4.62067936 -0.25000000 6.19958822
v 4.62077567 -0.25000000 6.20154856
v 4.62077567 -0.25000000 8.53912786
v 4.62067936 -0.25000000 8.54108820
v 4.62039137 -0.25000000 8.54302967
v 4.61991447 -0.25000000 8.54493355
v 4.61925326 -0.25000000 8.54678153
v 4.61841409 -0.25000000 8.54855580
v 4.61740506 -0.25000000 8.55023927
v 4.61623588 -0.25000000 8.55181573
v 4.61491780 -0.25000000 8.55327000
v 4.61346353 -0.25000000 8.55458807
v 4.61188707 -0.25000000 8.55575725
v 4.61020360 -0.25000000 8.55676629
v 4.60842933 -0.25000000 8.55760545
v 4.60658136 -0.25000000 8.55826667
v 4.60467747 -0.25000000 8.55874357
v 4.60273601 -0.25000000 8.55903156
v 4.60077567 -0.25000000 8.55912786
v 4.22034633 -0.25000000 8.55912786
v 2.26620890 -0.25000000 8.18864861
v 2.26426744 -0.25000000 8.18836063
v 2.26236355 -0.25000000 8.18788373
v 2.26051557 -0.25000000 8.18722251
v 2.25874131 -0.25000000 8.18638334
v 2.25705784 -0.25000000 8.18537431
v 2.25548138 -0.25000000 8.18420513
v 2.25402711 -0.25000000 8.18288706
v 2.25270903 -0.25000000 8.18143279
v 2.25153985 -0.25000000 8.17985632
v 2.25053082 -0.25000000 8.17817285
v 2.24969165 -0.25000000 8.17639859
v 2.24903044 -0.25000000 8.17455061
v 2.24855354 -0.25000000 8.17264673
v 2.24826555 -0.25000000 8.17070526
v 2.24816924 -0.25000000 8.16874492
v 2.24816924 -0.25000000 6.26759090
v 2.24826555 -0.25000000 6.26563056
v 2.24855354 -0.25000000 6.26368910
v 2.24903044 -0.25000000 6.26178521
v 2.24969165 -0.25000000 6.25993723
v 2.25053082 -0.25000000 6.25816297
v 2.25153985 -0.25000000 6.25647950
v 2.25270903 -0.25000000 6.25490304
v 2.25402711 -0.25000000 6.25344877
v 2.25548138 -0.25000000 6.25213069
v 2.25705784 -0.25000000 6.25096151
v 2.25874131 -0.25000000 6.24995248
v 2.26051557 -0.25000000 6.24911331
v 2.26236355 -0.25000000 6.24845210
v 2.26426744 -0.25000000 6.24797520
v 2.26620890 -0.25000000 6.24768721
v 2.26816924 -0.25000000 6.24759090
v 3.93005749 -0.25000000 6.24759090
v 3.93201783 -0.25000000 6.24768721
v 3.93395929 -0.25000000 6.24797520
v 3.93586318 -0.25000000 6.24845210
v 3.93771116 -0.25000000 6.24911331
v 3.93948542 -0.25000000 6.24995248
v 3.94116889 -0.25000000 6.25096151
v 3.94274535 -0.25000000 6.25213069
v 3.94419962 -0.25000000 6.25344877
v 3.94551770 -0.25000000 6.25490304
v 3.94668688 -0.25000000 6.25647950
v 3.94769591 -0.25000000 6.25816297
v 3.94853508 -0.25000000 6.25993723
v 3.94919629 -0.25000000 6.26178521
v 3.94967319 -0.25000000 6.26368910
v 3.94996118 -0.25000000 6.26563056
v 3.95005749 -0.25000000 6.26759090
v 3.95005749 -0.25000000 8.16874492
v 3.94996118 -0.25000000 8.17070526
v 3.94967319 -0.25000000 8.17264673
v 3.94919629 -0.25000000 8.17455061
v 3.94853508 -0.25000000 8.17639859
v 3.94769591 -0.25000000 8.17817285
v 3.94668688 -0.25000000 8.17985632
v 3.94551770 -0.25000000 8.18143279
v 3.94419962 -0.25000000 8.18288706
v 3.94274535 -0.25000000 8.18420513
v 3.94116889 -0.25000000 8.18537431
v 3.93948542 -0.25000000 8.18638334
v 3.93771116 -0.25000000 8.18722251
v 3.93586318 -0.25000000 8.18788373
v 3.93395929 -0.25000000 8.18836063
v 3.93201783 -0.25000000 8.18864861
v 3.93005749 -0.25000000 8.18874492
v 2.26816924 -0.25000000 8.18874492
v 0.01589160 -0.01000000 0.21995288
v 0.01659406 -0.01000000 0.22042224
v 0.01680844 -0.01000000 0.22055074
v 0.01838490 -0.01000000 0.22171992
v 0.01983917 -0.01000000 0.22303799
v 0.02115724 -0.01000000 0.22449226
v 0.02232642 -0.01000000 0.22606872
v 0.02333546 -0.01000000 0.22775219
v 0.02417462 -0.01000000 0.22952646
v 0.02483584 -0.01000000 0.23137444
v 0.02531274 -0.01000000 0.23327832
v 0.02560073 -0.01000000 0.23521979
v 0.02569703 -0.01000000 0.23718013
v 0.02569703 -0.01000000 5.98912140
v 0.02559957 -0.01000000 5.99109344
v 0.02530814 -0.01000000 5.99304626
v 0.02482558 -0.01000000 5.99496082
v 0.02415658 -0.01000000 5.99681847
v 0.02330768 -0.01000000 5.99860111
v 0.02228715 -0.01000000 6.00029136
v 0.02110493 -0.01000000 6.00187275
v 0.01977254 -0.01000000 6.00332985
v 0.01830297 -0.01000000 6.00464849
v 0.01671054 -0.01000000 6.00581579
v 0.01589082 -0.01000000 6.00635657
v 0.01586837 -0.01000000 6.00658454
v 0.01586800 -0.01000000 6.00659914
v 0.01586800 -0.01000000 6.25443464
v 0.01586808 -0.01000000 6.25443793
v 0.01589116 -0.01000000 6.25467312
v 0.01611833 -0.01000000 6.25469549
v 0.01613293 -0.01000000 6.25469586
v 0.89575448 -0.01000000 6.25469586
v 0.89629041 -0.01000000 6.25470304
v 0.89704641 -0.01000000 6.25472330
v 0.98650532 -0.01000000 6.25472330
v 0.98650861 -0.01000000 6.25472322
v 0.98675527 -0.01000000 6.25469902
v 0.98692783 -0.01000000 6.25452646
v 0.98790460 -0.01000000 6.25344877
v 0.98935887 -0.01000000 6.25213069
v 0.99093533 -0.01000000 6.25096151
v 0.99261880 -0.01000000 6.24995248
v 0.99439307 -0.01000000 6.24911331
v 0.99624104 -0.01000000 6.24845210
v 0.99814493 -0.01000000 6.24797520
v 1.00008639 -0.01000000 6.24768721
v 1.00204673 -0.01000000 6.24759090
v 1.89255577 -0.01000000 6.24759090
v 1.89451611 -0.01000000 6.24768721
v 1.89645757 -0.01000000 6.24797520
v 1.89836146 -0.01000000 6.24845210
v 1.90020944 -0.01000000 6.24911331
v 1.90198370 -0.01000000 6.24995248
v 1.90366717 -0.01000000 6.25096151
v 1.90524363 -0.01000000 6.25213069
v 1.90669790 -0.01000000 6.25344877
v 1.90771890 -0.01000000 6.25457527
v 1.90786856 -0.01000000 6.25472492
v 1.90810720 -0.01000000 6.25474843
v 1.90812181 -0.01000000 6.25474879
v 1.96982111 -0.01000000 6.25474879
v 1.97178146 -0.01000000 6.25484510
v 1.97372292 -0.01000000 6.25513309
v 1.97562681 -0.01000000 6.25560998
v 1.97747478 -0.01000000 6.25627120
v 1.97808083 -0.01000000 6.25652223
v 1.97832548 -0.01000000 6.25654633
v 1.97838061 -0.01000000 6.25654771
v 1.98030690 -0.01000000 6.25668919
v 1.98221056 -0.01000000 6.25701583
v 1.98407383 -0.01000000 6.25752458
v 1.98587934 -0.01000000 6.25821068
v 1.98761025 -0.01000000 6.25906775
v 1.98925041 -0.01000000 6.26008779
v 1.99078453 -0.01000000 6.26126128
v 1.99219830 -0.01000000 6.26257729
v 1.99347853 -0.01000000 6.26402353
v 1.99461329 -0.01000000 6.26558651
v 1.99559198 -0.01000000 6.26725167
v 1.99640549 -0.01000000 6.26900348
v 1.99704623 -0.01000000 6.27082558
v 1.99750821 -0.01000000 6.27270099
v 1.99778714 -0.01000000 6.27461223
v 1.99788040 -0.01000000 6.27654145
v 1.99788040 -0.01000000 8.77910402
v 1.99790424 -0.01000000 8.77934452
v 1.99807697 -0.01000000 8.77933853
v 1.99877006 -0.01000000 8.77932652
v 4.19930744 -0.01000000 8.77932652
v 4.19981513 -0.01000000 8.77933296
v 4.20056502 -0.01000000 8.77935201
v 7.20420832 -0.01000000 8.77935201
v 7.20421162 -0.01000000 8.77935192
v 7.20444725 -0.01000000 8.77932875
v 7.20446886 -0.01000000 8.77910107
v 7.20446917 -0.01000000 8.77908644
v 7.20363598 -0.01000000 8.55938845
v 7.20363588 -0.01000000 8.55938516
v 7.20361164 -0.01000000 8.55914680
v 7.20283702 -0.01000000 8.55891243
v 7.20098757 -0.01000000 8.55825211
v 7.19921179 -0.01000000 8.55741359
v 7.19752680 -0.01000000 8.55640496
v 7.19594885 -0.01000000 8.55523595
v 7.19449316 -0.01000000 8.55391782
v 7.19317376 -0.01000000 8.55246328
v 7.19200336 -0.01000000 8.55088636
v 7.19099326 -0.01000000 8.54920225
v 7.19015319 -0.01000000 8.54742721
v 7.18949125 -0.01000000 8.54557833
v 7.18901383 -0.01000000 8.54367345
v 7.18872552 -0.01000000 8.54173093
v 7.18862911 -0.01000000 8.53976950
v 7.18862911 -0.01000000 6.42671502
v 7.18872541 -0.01000000 6.42475468
v 7.18901340 -0.01000000 6.42281321
v 7.18949030 -0.01000000 6.42090933
v 7.19015152 -0.01000000 6.41906135
v 7.19099068 -0.01000000 6.41728709
v 7.19199972 -0.01000000 6.41560362
v 7.19316890 -0.01000000 6.41402715
v 7.19448697 -0.01000000 6.41257288
v 7.19482515 -0.01000000 6.41226638
v 7.19535324 -0.01000000 6.41173828
v 7.19542108 -0.01000000 6.41151466
v 7.19578105 -0.01000000 6.41007758
v 7.19644226 -0.01000000 6.40822961
v 7.19728143 -0.01000000 6.40645534
v 7.19829046 -0.01000000 6.40477187
v 7.19945965 -0.01000000 6.40319541
v 7.20077772 -0.01000000 6.40174114
v 7.20223199 -0.01000000 6.40042307
v 7.20380845 -0.01000000 6.39925388
v 7.20549192 -0.01000000 6.39824485
v 7.20726619 -0.01000000 6.39740569
v 7.20911416 -0.01000000 6.39674447
v 7.21101805 -0.01000000 6.39626757
v 7.21295951 -0.01000000 6.39597958
v 7.21491986 -0.01000000 6.39588328
v 8.48689174 -0.01000000 6.39588328
v 8.48885716 -0.01000000 6.39598008
v 8.49080355 -0.01000000 6.39626956
v 8.49271207 -0.01000000 6.39674891
v 8.49456424 -0.01000000 6.39741350
v 8.49634214 -0.01000000 6.39825688
v 8.49802856 -0.01000000 6.39927089
v 8.49960717 -0.01000000 6.40044572
v 8.50106268 -0.01000000 6.40177000
v 8.50238101 -0.01000000 6.40323090
v 8.50354940 -0.01000000 6.40481428
v 8.50455653 -0.01000000 6.40650482
v 8.50539265 -0.01000000 6.40828615
v 8.50604968 -0.01000000 6.41014101
v 8.50637188 -0.01000000 6.41144636
v 8.50645901 -0.01000000 6.41173704
v 8.50670099 -0.01000000 6.41193635
v 8.50775499 -0.01000000 6.41272042
v 8.50920528 -0.01000000 6.41403833
v 8.51051964 -0.01000000 6.41549185
v 8.51168544 -0.01000000 6.41706702
v 8.51269149 -0.01000000 6.41874871
v 8.51352813 -0.01000000 6.42052079
v 8.51418733 -0.01000000 6.42236625
v 8.51466276 -0.01000000 6.42426735
v 8.51494985 -0.01000000 6.42620586
v 8.51504586 -0.01000000 6.42816316
v 8.51504586 -0.01000000 8.53940605
v 8.51494949 -0.01000000 8.54136707
v 8.51466130 -0.01000000 8.54330918
v 8.51418408 -0.01000000 8.54521369
v 8.51352241 -0.01000000 8.54706222
v 8.51268269 -0.01000000 8.54883697
v 8.51167299 -0.01000000 8.55052083
v 8.51050306 -0.01000000 8.55209758
v 8.50918416 -0.01000000 8.55355202
v 8.50772901 -0.01000000 8.55487012
v 8.50615163 -0.01000000 8.55603920
v 8.50446722 -0.01000000 8.55704799
v 8.50269202 -0.01000000 8.55788675
v 8.50084313 -0.01000000 8.55854741
v 8.49893837 -0.01000000 8.55902360
v 8.49830809 -0.01000000 8.55914866
v 8.49828472 -0.01000000 8.55937757
v 8.49828430 -0.01000000 8.55939215
v 8.49745111 -0.01000000 8.77909016
v 8.49745118 -0.01000000 8.77909346
v 8.49747346 -0.01000000 8.77932917
v 8.49770106 -0.01000000 8.77935164
v 8.49771569 -0.01000000 8.77935201
v 10.82761732 -0.01000000 8.77935201
v 10.82957766 -0.01000000 8.77944831
v 10.83151913 -0.01000000 8.77973630
v 10.83342302 -0.01000000 8.78021320
v 10.83527099 -0.01000000 8.78087441
v 10.83704526 -0.01000000 8.78171358
v 10.83872873 -0.01000000 8.78272261
v 10.84030519 -0.01000000 8.78389180
v 10.84175946 -0.01000000 8.78520987
v 10.84307753 -0.01000000 8.78666414
v 10.84424671 -0.01000000 8.78824060
v 10.84525575 -0.01000000 8.78992407
v 10.84609491 -0.01000000 8.79169834
v 10.84675613 -0.01000000 8.79354631
v 10.84723303 -0.01000000 8.79545020
v 10.84752102 -0.01000000 8.79739166
v 10.84761732 -0.01000000 8.79935201
v 10.84761732 -0.01000000 12.66634097
v 10.84752099 -0.01000000 12.66830156
v 10.84723293 -0.01000000 12.67024326
v 10.84675592 -0.01000000 12.67214737
v 10.84609454 -0.01000000 12.67399554
v 10.84525517 -0.01000000 12.67576999
v 10.84424590 -0.01000000 12.67745360
v 10.84307644 -0.01000000 12.67903016
v 10.84175807 -0.01000000 12.68048449
v 10.84030348 -0.01000000 12.68180258
v 10.83872669 -0.01000000 12.68297172
v 10.83814168 -0.01000000 12.68332226
v 10.83761868 -0.01000000 12.68367160
v 10.83759536 -0.01000000 12.68390742
v 10.83759499 -0.01000000 12.68392202
v 10.83753041 -0.01000000 12.83384973
v 10.83746578 -0.01000000 13.05376707
v 10.83746586 -0.01000000 13.05377037
v 10.83748888 -0.01000000 13.05400559
v 10.83771608 -0.01000000 13.05402798
v 10.83773068 -0.01000000 13.05402834
v 11.15777630 -0.01000000 13.05402834
v 11.15777959 -0.01000000 13.05402826
v 11.15801478 -0.01000000 13.05400518
v 11.15803715 -0.01000000 13.05377801
v 11.15803752 -0.01000000 13.05376341
v 11.15803752 -0.01000000 12.90415429
v 11.15803743 -0.01000000 12.90415099
v 11.15801436 -0.01000000 12.90391581
v 11.15778719 -0.01000000 12.90389343
v 11.15777259 -0.01000000 12.90389307
v 11.00779311 -0.01000000 12.90389307
v 11.00583277 -0.01000000 12.90379676
v 11.00389130 -0.01000000 12.90350877
v 11.00198742 -0.01000000 12.90303188
v 11.00013944 -0.01000000 12.90237066
v 10.99836518 -0.01000000 12.90153149
v 10.99668171 -0.01000000 12.90052246
v 10.99510524 -0.01000000 12.89935328
v 10.99365097 -0.01000000 12.89803520
v 10.99233290 -0.01000000 12.89658093
v 10.99116372 -0.01000000 12.89500447
v 10.99015468 -0.01000000 12.89332100
v 10.98931552 -0.01000000 12.89154674
v 10.98865430 -0.01000000 12.88969876
v 10.98817740 -0.01000000 12.88779488
v 10.98788942 -0.01000000 12.88585341
v 10.98779311 -0.01000000 12.88389307
v 10.98779311 -0.01000000 12.85386889
v 10.98788942 -0.01000000 12.85190855
v 10.98817740 -0.01000000 12.84996709
v 10.98865430 -0.01000000 12.84806320
v 10.98931552 -0.01000000 12.84621522
v 10.99015468 -0.01000000 12.84444096
v 10.99116372 -0.01000000 12.84275749
v 10.99233290 -0.01000000 12.84118103
v 10.99365097 -0.01000000 12.83972676
v 10.99510524 -0.01000000 12.83840868
v 10.99668171 -0.01000000 12.83723950
v 10.99836518 -0.01000000 12.83623047
v 11.00013944 -0.01000000 12.83539130
v 11.00198742 -0.01000000 12.83473009
v 11.00389130 -0.01000000 12.83425319
v 11.00583277 -0.01000000 12.83396520
v 11.00779311 -0.01000000 12.83386889
v 11.06782544 -0.01000000 12.83386889
v 14.87034986 -0.01000000 12.83377287
v 14.87229077 -0.01000000 12.83386819
v 14.87231875 -0.01000000 12.83386889
v 15.03255500 -0.01000000 12.83386889
v 15.03450151 -0.01000000 12.83396384
v 15.03642953 -0.01000000 12.83424778
v 15.03832077 -0.01000000 12.83471802
v 15.04015726 -0.01000000 12.83537009
v 15.04192157 -0.01000000 12.83619780
v 15.04359695 -0.01000000 12.83719330
v 15.04516749 -0.01000000 12.83834713
v 15.04661827 -0.01000000 12.83964833
v 15.04793553 -0.01000000 12.84108455
v 15.04910675 -0.01000000 12.84264216
v 15.05012082 -0.01000000 12.84430636
v 15.05096811 -0.01000000 12.84606135
v 15.05164056 -0.01000000 12.84789048
v 15.05213181 -0.01000000 12.84977637
v 15.05224192 -0.01000000 12.85030312
v 15.05240950 -0.01000000 12.85049369
v 15.05242074 -0.01000000 12.85050465
v 15.08089298 -0.01000000 12.87684215
v 15.08233110 -0.01000000 12.87831695
v 15.08360989 -0.01000000 12.87993185
v 15.08471580 -0.01000000 12.88166971
v 15.08563708 -0.01000000 12.88351212
v 15.08636397 -0.01000000 12.88543951
v 15.08688876 -0.01000000 12.88743144
v 15.08720588 -0.01000000 12.88946679
v 15.08731196 -0.01000000 12.89152396
v 15.08731196 -0.01000000 13.05376124
v 15.08731204 -0.01000000 13.05376453
v 15.08733511 -0.01000000 13.05399972
v 15.08756228 -0.01000000 13.05402209
v 15.08757688 -0.01000000 13.05402246
v 15.27235436 -0.01000000 13.05402246
v 15.27235436 -0.01000000 13.05402472
v 15.27249681 -0.01000000 13.05400036
v 15.27249667 -0.01000000 13.05345684
v 15.27245270 -0.01000000 13.05258174
v 15.27244071 -0.01000000 12.83433263
v 15.27244673 -0.01000000 12.83384071
v 15.27245245 -0.01000000 12.83360767
v 15.27245245 -0.01000000 0.22111779
v 15.27246733 -0.01000000 0.22034637
v 15.27249754 -0.01000000 0.21956373
v 15.27249754 -0.01000000 0.00064747
v 15.27249609 -0.01000000 -0.00029176
v 15.27249451 -0.01000000 -0.00029374
v 15.27248814 -0.01000000 -0.00029914
v 15.27202838 -0.01000000 -0.00032065
v 15.08757251 -0.01000000 -0.00029607
v 15.08733469 -0.01000000 -0.00027287
v 15.08731232 -0.01000000 -0.00004572
v 15.08731196 -0.01000000 -0.00003111
v 15.08731196 -0.01000000 0.16229173
v 15.08720592 -0.01000000 0.16434851
v 15.08688892 -0.01000000 0.16638348
v 15.08636433 -0.01000000 0.16837506
v 15.08563772 -0.01000000 0.17030213
v 15.08471677 -0.01000000 0.17214426
v 15.08361127 -0.01000000 0.17388191
v 15.08233293 -0.01000000 0.17549667
v 15.08089531 -0.01000000 0.17697139
v 15.05247460 -0.01000000 0.20326958
v 15.05247208 -0.01000000 0.20327203
v 15.05229860 -0.01000000 0.20346921
v 15.05218237 -0.01000000 0.20402531
v 15.05169118 -0.01000000 0.20591127
v 15.05101877 -0.01000000 0.20774047
v 15.05017152 -0.01000000 0.20949554
v 15.04915748 -0.01000000 0.21115982
v 15.04798627 -0.01000000 0.21271750
v 15.04666901 -0.01000000 0.21415379
v 15.04521821 -0.01000000 0.21545506
v 15.04364766 -0.01000000 0.21660895
v 15.04197225 -0.01000000 0.21760450
v 15.04020791 -0.01000000 0.21843226
v 15.03837137 -0.01000000 0.21908438
v 15.03648009 -0.01000000 0.21955464
v 15.03455201 -0.01000000 0.21983861
v 15.03260545 -0.01000000 0.21993356
v 14.87209410 -0.01000000 0.21993399
v 14.87204500 -0.01000000 0.21993459
v 11.06784948 -0.01000000 0.21993399
v 10.91802911 -0.01000000 0.21996530
v 10.91779167 -0.01000000 0.21998852
v 10.91776930 -0.01000000 0.22021568
v 10.91776893 -0.01000000 0.22023028
v 10.91776893 -0.01000000 0.35010062
v 10.91767263 -0.01000000 0.35206097
v 10.91738464 -0.01000000 0.35400243
v 10.91690774 -0.01000000 0.35590632
v 10.91624652 -0.01000000 0.35775429
v 10.91540736 -0.01000000 0.35952856
v 10.91439833 -0.01000000 0.36121203
v 10.91322914 -0.01000000 0.36278849
v 10.91191107 -0.01000000 0.36424276
v 10.91045680 -0.01000000 0.36556083
v 10.90888034 -0.01000000 0.36673002
v 10.90719687 -0.01000000 0.36773905
v 10.90542260 -0.01000000 0.36857822
v 10.90357463 -0.01000000 0.36923943
v 10.90167074 -0.01000000 0.36971633
v 10.89972928 -0.01000000 0.37000432
v 10.89776893 -0.01000000 0.37010062
v 8.96548957 -0.01000000 0.37010062
v 8.96352923 -0.01000000 0.37000432
v 8.96158777 -0.01000000 0.36971633
v 8.95968388 -0.01000000 0.36923943
v 8.95783591 -0.01000000 0.36857822
v 8.95606164 -0.01000000 0.36773905
v 8.95437817 -0.01000000 0.36673002
v 8.95280171 -0.01000000 0.36556083
v 8.95134744 -0.01000000 0.36424276
v 8.95002937 -0.01000000 0.36278849
v 8.94886018 -0.01000000 0.36121203
v 8.94785115 -0.01000000 0.35952856
v 8.94701198 -0.01000000 0.35775429
v 8.94635077 -0.01000000 0.35590632
v 8.94587387 -0.01000000 0.35400243
v 8.94558588 -0.01000000 0.35206097
v 8.94548957 -0.01000000 0.35010062
v 8.94548957 -0.01000000 0.22051578
v 8.94549565 -0.01000000 0.22034130
v 8.94548236 -0.01000000 0.21993914
v 8.94530432 -0.01000000 0.21974873
v 8.90549134 -0.01000000 0.18488836
v 8.90409742 -0.01000000 0.18354314
v 8.90284018 -0.01000000 0.18206939
v 8.90173142 -0.01000000 0.18048091
v 8.90078154 -0.01000000 0.17879262
v 8.89999944 -0.01000000 0.17702035
v 8.89939248 -0.01000000 0.17518073
v 8.89896633 -0.01000000 0.17329102
v 8.89872500 -0.01000000 0.17136895
v 8.89867075 -0.01000000 0.16943254
v 8.89880409 -0.01000000 0.16749997
v 8.89912377 -0.01000000 0.16558937
v 8.89962680 -0.01000000 0.16371865
v 8.90030844 -0.01000000 0.16190538
v 8.90116232 -0.01000000 0.16016656
v 8.90218041 -0.01000000 0.15851850
v 8.90335316 -0.01000000 0.15697666
v 8.90466958 -0.01000000 0.15555552
v 8.90611731 -0.01000000 0.15426840
v 8.90768277 -0.01000000 0.15312737
v 8.90935128 -0.01000000 0.15214315
v 8.91110717 -0.01000000 0.15132496
v 8.91293399 -0.01000000 0.15068049
v 8.91481459 -0.01000000 0.15021577
v 8.91673132 -0.01000000 0.14993517
v 8.91866621 -0.01000000 0.14984132
v 9.03537940 -0.01000000 0.14983923
v 9.03538252 -0.01000000 0.14983916
v 9.03561779 -0.01000000 0.14981607
v 9.03564017 -0.01000000 0.14958891
v 9.03564053 -0.01000000 0.14957430
v 9.03564053 -0.01000000 -0.00003482
v 9.03564045 -0.01000000 -0.00003811
v 9.03561738 -0.01000000 -0.00027330
v 9.03539021 -0.01000000 -0.00029568
v 9.03537561 -0.01000000 -0.00029604
v 7.85467386 -0.01000000 -0.00029604
v 7.85467056 -0.01000000 -0.00029596
v 7.85443538 -0.01000000 -0.00027288
v 7.85441300 -0.01000000 -0.00004572
v 7.85441264 -0.01000000 -0.00003111
v 7.85441264 -0.01000000 0.14957801
v 7.85441272 -0.01000000 0.14958130
v 7.85443579 -0.01000000 0.14981649
v 7.85466296 -0.01000000 0.14983887
v 7.85467756 -0.01000000 0.14983923
v 8.00459038 -0.01000000 0.14983923
v 8.00655073 -0.01000000 0.14993554
v 8.00849219 -0.01000000 0.15022352
v 8.01039608 -0.01000000 0.15070042
v 8.01224405 -0.01000000 0.15136164
v 8.01401832 -0.01000000 0.15220081
v 8.01570179 -0.01000000 0.15320984
v 8.01727825 -0.01000000 0.15437902
v 8.01873252 -0.01000000 0.15569709
v 8.02005059 -0.01000000 0.15715136
v 8.02121978 -0.01000000 0.15872783
v 8.02222881 -0.01000000 0.16041130
v 8.02306798 -0.01000000 0.16218556
v 8.02372919 -0.01000000 0.16403354
v 8.02420609 -0.01000000 0.16593742
v 8.02449408 -0.01000000 0.16787889
v 8.02459038 -0.01000000 0.16983923
v 8.02459038 -0.01000000 0.19993399
v 8.02449408 -0.01000000 0.20189433
v 8.02420609 -0.01000000 0.20383579
v 8.02372919 -0.01000000 0.20573968
v 8.02306798 -0.01000000 0.20758766
v 8.02222881 -0.01000000 0.20936192
v 8.02121978 -0.01000000 0.21104539
v 8.02005059 -0.01000000 0.21262185
v 8.01873252 -0.01000000 0.21407612
v 8.01727825 -0.01000000 0.21539420
v 8.01570179 -0.01000000 0.21656338
v 8.01401832 -0.01000000 0.21757241
v 8.01224405 -0.01000000 0.21841158
v 8.01039608 -0.01000000 0.21907279
v 8.00849219 -0.01000000 0.21954969
v 8.00655073 -0.01000000 0.21983768
v 8.00459038 -0.01000000 0.21993399
v 7.94472287 -0.01000000 0.21993399
v 7.94471957 -0.01000000 0.21993407
v 7.94448438 -0.01000000 0.21995714
v 7.94446201 -0.01000000 0.22018431
v 7.94446165 -0.01000000 0.22019891
v 7.94446165 -0.01000000 0.35010062
v 7.94436534 -0.01000000 0.35206097
v 7.94407735 -0.01000000 0.35400243
v 7.94360045 -0.01000000 0.35590632
v 7.94293924 -0.01000000 0.35775429
v 7.94210007 -0.01000000 0.35952856
v 7.94109104 -0.01000000 0.36121203
v 7.93992186 -0.01000000 0.36278849
v 7.93860378 -0.01000000 0.36424276
v 7.93714951 -0.01000000 0.36556083
v 7.93557305 -0.01000000 0.36673002
v 7.93388958 -0.01000000 0.36773905
v 7.93211532 -0.01000000 0.36857822
v 7.93026734 -0.01000000 0.36923943
v 7.92836345 -0.01000000 0.36971633
v 7.92642199 -0.01000000 0.37000432
v 7.92446165 -0.01000000 0.37010062
v 5.44162389 -0.01000000 0.37010062
v 5.43966354 -0.01000000 0.37000432
v 5.43772208 -0.01000000 0.36971633
v 5.43581819 -0.01000000 0.36923943
v 5.43397022 -0.01000000 0.36857822
v 5.43219595 -0.01000000 0.36773905
v 5.43051248 -0.01000000 0.36673002
v 5.42893602 -0.01000000 0.36556083
v 5.42748175 -0.01000000 0.36424276
v 5.42616368 -0.01000000 0.36278849
v 5.42499450 -0.01000000 0.36121203
v 5.42398546 -0.01000000 0.35952856
v 5.42314630 -0.01000000 0.35775429
v 5.42248508 -0.01000000 0.35590632
v 5.42200818 -0.01000000 0.35400243
v 5.42172019 -0.01000000 0.35206097
v 5.42162389 -0.01000000 0.35010062
v 5.42162389 -0.01000000 0.22019521
v 5.42162381 -0.01000000 0.22019191
v 5.42160073 -0.01000000 0.21995672
v 5.42137356 -0.01000000 0.21993435
v 5.42135896 -0.01000000 0.21993399
v 5.36149417 -0.01000000 0.21993399
v 5.35953383 -0.01000000 0.21983768
v 5.35759236 -0.01000000 0.21954969
v 5.35568848 -0.01000000 0.21907279
v 5.35384050 -0.01000000 0.21841158
v 5.35206623 -0.01000000 0.21757241
v 5.35038276 -0.01000000 0.21656338
v 5.34880630 -0.01000000 0.21539420
v 5.34735203 -0.01000000 0.21407612
v 5.34603396 -0.01000000 0.21262185
v 5.34486478 -0.01000000 0.21104539
v 5.34385574 -0.01000000 0.20936192
v 5.34301658 -0.01000000 0.20758766
v 5.34235536 -0.01000000 0.20573968
v 5.34187846 -0.01000000 0.20383579
v 5.34159047 -0.01000000 0.20189433
v 5.34149417 -0.01000000 0.19993399
v 5.34149417 -0.01000000 0.16983923
v 5.34159047 -0.01000000 0.16787889
v 5.34187846 -0.01000000 0.16593742
v 5.34235536 -0.01000000 0.16403354
v 5.34301658 -0.01000000 0.16218556
v 5.34385574 -0.01000000 0.16041130
v 5.34486478 -0.01000000 0.15872783
v 5.34603396 -0.01000000 0.15715136
v 5.34735203 -0.01000000 0.15569709
v 5.34880630 -0.01000000 0.15437902
v 5.35038276 -0.01000000 0.15320984
v 5.35206623 -0.01000000 0.15220081
v 5.35384050 -0.01000000 0.15136164
v 5.35568848 -0.01000000 0.15070042
v 5.35759236 -0.01000000 0.15022352
v 5.35953383 -0.01000000 0.14993554
v 5.36149417 -0.01000000 0.14983923
v 5.51154009 -0.01000000 0.14983923
v 5.51154339 -0.01000000 0.14983915
v 5.51177857 -0.01000000 0.14981607
v 5.51180095 -0.01000000 0.14958891
v 5.51180131 -0.01000000 0.14957430
v 5.51180131 -0.01000000 -0.00003482
v 5.51180123 -0.01000000 -0.00003811
v 5.51177816 -0.01000000 -0.00027330
v 5.51155099 -0.01000000 -0.00029568
v 5.51153639 -0.01000000 -0.00029604
v 4.20035662 -0.01000000 -0.00029604
v 3.95031871 -0.01000000 -0.00029604
v 3.95031541 -0.01000000 -0.00029596
v 3.95008023 -0.01000000 -0.00027288
v 3.95005785 -0.01000000 -0.00004572
v 3.95005749 -0.01000000 -0.00003111
v 3.95005749 -0.01000000 0.14957801
v 3.95005757 -0.01000000 0.14958130
v 3.95008064 -0.01000000 0.14981649
v 3.95030781 -0.01000000 0.14983887
v 3.95032241 -0.01000000 0.14983923
v 4.02018982 -0.01000000 0.14983923
v 4.02215016 -0.01000000 0.14993554
v 4.02409163 -0.01000000 0.15022352
v 4.02599551 -0.01000000 0.15070042
v 4.02784349 -0.01000000 0.15136164
v 4.02961775 -0.01000000 0.15220081
v 4.03130122 -0.01000000 0.15320984
v 4.03287768 -0.01000000 0.15437902
v 4.03433195 -0.01000000 0.15569709
v 4.03565003 -0.01000000 0.15715136
v 4.03681921 -0.01000000 0.15872783
v 4.03782824 -0.01000000 0.16041130
v 4.03866741 -0.01000000 0.16218556
v 4.03932863 -0.01000000 0.16403354
v 4.03980552 -0.01000000 0.16593742
v 4.04009351 -0.01000000 0.16787889
v 4.04018982 -0.01000000 0.16983923
v 4.04018982 -0.01000000 0.19970962
v 4.04009351 -0.01000000 0.20166997
v 4.03980552 -0.01000000 0.20361143
v 4.03932863 -0.01000000 0.20551532
v 4.03866741 -0.01000000 0.20736329
v 4.03782824 -0.01000000 0.20913756
v 4.03681921 -0.01000000 0.21082103
v 4.03565003 -0.01000000 0.21239749
v 4.03433195 -0.01000000 0.21385176
v 4.03287768 -0.01000000 0.21516983
v 4.03130122 -0.01000000 0.21633902
v 4.02961775 -0.01000000 0.21734805
v 4.02784349 -0.01000000 0.21818721
v 4.02599551 -0.01000000 0.21884843
v 4.02409163 -0.01000000 0.21932533
v 4.02215016 -0.01000000 0.21961332
v 4.02018982 -0.01000000 0.21970962
v 0.20591145 -0.01000000 0.21970962
v 0.20395111 -0.01000000 0.21961332
v 0.20200965 -0.01000000 0.21932533
v 0.20010576 -0.01000000 0.21884843
v 0.19825779 -0.01000000 0.21818721
v 0.19648352 -0.01000000 0.21734805
v 0.19480005 -0.01000000 0.21633902
v 0.19322359 -0.01000000 0.21516983
v 0.19176932 -0.01000000 0.21385176
v 0.19045125 -0.01000000 0.21239749
v 0.18928206 -0.01000000 0.21082103
v 0.18827303 -0.01000000 0.20913756
v 0.18743386 -0.01000000 0.20736329
v 0.18677265 -0.01000000 0.20551532
v 0.18629575 -0.01000000 0.20361143
v 0.18600776 -0.01000000 0.20166997
v 0.18591145 -0.01000000 0.19970962
v 0.18591145 -0.01000000 0.16983923
v 0.18600776 -0.01000000 0.16787889
v 0.18629575 -0.01000000 0.16593742
v 0.18677265 -0.01000000 0.16403354
v 0.18743386 -0.01000000 0.16218556
v 0.18827303 -0.01000000 0.16041130
v 0.18928206 -0.01000000 0.15872783
v 0.19045125 -0.01000000 0.15715136
v 0.19176932 -0.01000000 0.15569709
v 0.19322359 -0.01000000 0.15437902
v 0.19480005 -0.01000000 0.15320984
v 0.19648352 -0.01000000 0.15220081
v 0.19825779 -0.01000000 0.15136164
v 0.20010576 -0.01000000 0.15070042
v 0.20200965 -0.01000000 0.15022352
v 0.20395111 -0.01000000 0.14993554
v 0.20591145 -0.01000000 0.14983923
v 0.27578257 -0.01000000 0.14983923
v 0.27578586 -0.01000000 0.14983915
v 0.27602105 -0.01000000 0.14981607
v 0.27604342 -0.01000000 0.14958891
v 0.27604379 -0.01000000 0.14957430
v 0.27604379 -0.01000000 -0.00003482
v 0.27604371 -0.01000000 -0.00003811
v 0.27602063 -0.01000000 -0.00027330
v 0.27579346 -0.01000000 -0.00029568
v 0.27577886 -0.01000000 -0.00029604
v 0.02601617 -0.01000000 -0.00029604
v 0.02528019 -0.01000000 -0.00027797
v 0.02527989 -0.01000000 -0.00029008
v 0.02464551 -0.01000000 -0.00025683
v 0.01612922 -0.01000000 -0.00025683
v 0.01612593 -0.01000000 -0.00025675
v 0.01589074 -0.01000000 -0.00023367
v 0.01586837 -0.01000000 -0.00000650
v 0.01586800 -0.01000000 0.00000810
v 0.01586800 -0.01000000 0.21970610
v 0.01586824 -0.01000000 0.21971569
v 10.72547923 -0.01000000 6.78700444
v 10.72353777 -0.01000000 6.78671645
v 10.72163388 -0.01000000 6.78623956
v 10.71978590 -0.01000000 6.78557834
v 10.71801164 -0.01000000 6.78473917
v 10.71632817 -0.01000000 6.78373014
v 10.71475171 -0.01000000 6.78256096
v 10.71329744 -0.01000000 6.78124288
v 10.71197936 -0.01000000 6.77978861
v 10.71081018 -0.01000000 6.77821215
v 10.70980115 -0.01000000 6.77652868
v 10.70896198 -0.01000000 6.77475442
v 10.70830077 -0.01000000 6.77290644
v 10.70782387 -0.01000000 6.77100256
v 10.70753588 -0.01000000 6.76906109
v 10.70743957 -0.01000000 6.76710075
v 10.70743957 -0.01000000 6.65704194
v 10.70753588 -0.01000000 6.65508160
v 10.70782387 -0.01000000 6.65314013
v 10.70830077 -0.01000000 6.65123625
v 10.70896198 -0.01000000 6.64938827
v 10.70980115 -0.01000000 6.64761400
v 10.71081018 -0.01000000 6.64593053
v 10.71197936 -0.01000000 6.64435407
v 10.71329744 -0.01000000 6.64289980
v 10.71475171 -0.01000000 6.64158173
v 10.71632817 -0.01000000 6.64041255
v 10.71801164 -0.01000000 6.63940351
v 10.71978590 -0.01000000 6.63856435
v 10.72163388 -0.01000000 6.63790313
v 10.72353777 -0.01000000 6.63742623
v 10.72547923 -0.01000000 6.63713824
v 10.72743957 -0.01000000 6.63704194
v 10.72759119 -0.01000000 6.63704194
v 10.72955153 -0.01000000 6.63713824
v 10.73149299 -0.01000000 6.63742623
v 10.73339688 -0.01000000 6.63790313
v 10.73524485 -0.01000000 6.63856435
v 10.73701912 -0.01000000 6.63940351
v 10.73870259 -0.01000000 6.64041255
v 10.74027905 -0.01000000 6.64158173
v 10.74173332 -0.01000000 6.64289980
v 10.74305139 -0.01000000 6.64435407
v 10.74422058 -0.01000000 6.64593053
v 10.74522961 -0.01000000 6.64761400
v 10.74606878 -0.01000000 6.64938827
v 10.74672999 -0.01000000 6.65123625
v 10.74720689 -0.01000000 6.65314013
v 10.74749488 -0.01000000 6.65508160
v 10.74759119 -0.01000000 6.65704194
v 10.74759119 -0.01000000 6.76710075
v 10.74749488 -0.01000000 6.76906109
v 10.74720689 -0.01000000 6.77100256
v 10.74672999 -0.01000000 6.77290644
v 10.74606878 -0.01000000 6.77475442
v 10.74522961 -0.01000000 6.77652868
v 10.74422058 -0.01000000 6.77821215
v 10.74305139 -0.01000000 6.77978861
v 10.74173332 -0.01000000 6.78124288
v 10.74027905 -0.01000000 6.78256096
v 10.73870259 -0.01000000 6.78373014
v 10.73701912 -0.01000000 6.78473917
v 10.73524485 -0.01000000 6.78557834
v 10.73339688 -0.01000000 6.78623956
v 10.73149299 -0.01000000 6.78671645
v 10.72955153 -0.01000000 6.78700444
v 10.72759119 -0.01000000 6.78710075
v 10.72743957 -0.01000000 6.78710075
v 9.86660074 -0.01000000 6.65508160
v 9.86688873 -0.01000000 6.65314013
v 9.86736563 -0.01000000 6.65123625
v 9.86802685 -0.01000000 6.64938827
v 9.86886601 -0.01000000 6.64761400
v 9.86987504 -0.01000000 6.64593053
v 9.87104423 -0.01000000 6.64435407
v 9.87236230 -0.01000000 6.64289980
v 9.87381657 -0.01000000 6.64158173
v 9.87539303 -0.01000000 6.64041255
v 9.87707650 -0.01000000 6.63940351
v 9.87885077 -0.01000000 6.63856435
v 9.88069874 -0.01000000 6.63790313
v 9.88260263 -0.01000000 6.63742623
v 9.88454409 -0.01000000 6.63713824
v 9.88650444 -0.01000000 6.63704194
v 9.88659135 -0.01000000 6.63704194
v 9.88855169 -0.01000000 6.63713824
v 9.89049316 -0.01000000 6.63742623
v 9.89239704 -0.01000000 6.63790313
v 9.89424502 -0.01000000 6.63856435
v 9.89601929 -0.01000000 6.63940351
v 9.89770276 -0.01000000 6.64041255
v 9.89927922 -0.01000000 6.64158173
v 9.90073349 -0.01000000 6.64289980
v 9.90205156 -0.01000000 6.64435407
v 9.90322074 -0.01000000 6.64593053
v 9.90422978 -0.01000000 6.64761400
v 9.90506894 -0.01000000 6.64938827
v 9.90573016 -0.01000000 6.65123625
v 9.90620706 -0.01000000 6.65314013
v 9.90649505 -0.01000000 6.65508160
v 9.90659135 -0.01000000 6.65704194
v 9.90659135 -0.01000000 6.76710075
v 9.90649505 -0.01000000 6.76906109
v 9.90620706 -0.01000000 6.77100256
v 9.90573016 -0.01000000 6.77290644
v 9.90506894 -0.01000000 6.77475442
v 9.90422978 -0.01000000 6.77652868
v 9.90322074 -0.01000000 6.77821215
v 9.90205156 -0.01000000 6.77978861
v 9.90073349 -0.01000000 6.78124288
v 9.89927922 -0.01000000 6.78256096
v 9.89770276 -0.01000000 6.78373014
v 9.89601929 -0.01000000 6.78473917
v 9.89424502 -0.01000000 6.78557834
v 9.89239704 -0.01000000 6.78623956
v 9.89049316 -0.01000000 6.78671645
v 9.88855169 -0.01000000 6.78700444
v 9.88659135 -0.01000000 6.78710075
v 9.88650444 -0.01000000 6.78710075
v 9.88454409 -0.01000000 6.78700444
v 9.88260263 -0.01000000 6.78671645
v 9.88069874 -0.01000000 6.78623956
v 9.87885077 -0.01000000 6.78557834
v 9.87707650 -0.01000000 6.78473917
v 9.87539303 -0.01000000 6.78373014
v 9.87381657 -0.01000000 6.78256096
v 9.87236230 -0.01000000 6.78124288
v 9.87104423 -0.01000000 6.77978861
v 9.86987504 -0.01000000 6.77821215
v 9.86886601 -0.01000000 6.77652868
v 9.86802685 -0.01000000 6.77475442
v 9.86736563 -0.01000000 6.77290644
v 9.86688873 -0.01000000 6.77100256
v 9.86660074 -0.01000000 6.76906109
v 9.86650444 -0.01000000 6.76710075
v 9.86650444 -0.01000000 6.65704194
v 9.65828769 -0.01000000 4.65485627
v 9.66022915 -0.01000000 4.65514426
v 9.66213304 -0.01000000 4.65562116
v 9.66398101 -0.01000000 4.65628238
v 9.66575528 -0.01000000 4.65712154
v 9.66743875 -0.01000000 4.65813058
v 9.66901521 -0.01000000 4.65929976
v 9.67046948 -0.01000000 4.66061783
v 9.67178755 -0.01000000 4.66207210
v 9.67295674 -0.01000000 4.66364856
v 9.67396577 -0.01000000 4.66533203
v 9.67480493 -0.01000000 4.66710630
v 9.67546615 -0.01000000 4.66895427
v 9.67594305 -0.01000000 4.67085816
v 9.67623104 -0.01000000 4.67279962
v 9.67632734 -0.01000000 4.67475997
v 9.67632734 -0.01000000 4.78497366
v 9.67623104 -0.01000000 4.78693400
v 9.67594305 -0.01000000 4.78887547
v 9.67546615 -0.01000000 4.79077935
v 9.67480493 -0.01000000 4.79262733
v 9.67396577 -0.01000000 4.79440159
v 9.67295674 -0.01000000 4.79608506
v 9.67178755 -0.01000000 4.79766152
v 9.67046948 -0.01000000 4.79911579
v 9.66901521 -0.01000000 4.80043387
v 9.66743875 -0.01000000 4.80160305
v 9.66575528 -0.01000000 4.80261208
v 9.66398101 -0.01000000 4.80345125
v 9.66213304 -0.01000000 4.80411247
v 9.66022915 -0.01000000 4.80458936
v 9.65828769 -0.01000000 4.80487735
v 9.65632734 -0.01000000 4.80497366
v 9.65632277 -0.01000000 4.80497366
v 9.65436243 -0.01000000 4.80487735
v 9.65242096 -0.01000000 4.80458936
v 9.65051708 -0.01000000 4.80411247
v 9.64866910 -0.01000000 4.80345125
v 9.64689484 -0.01000000 4.80261208
v 9.64521137 -0.01000000 4.80160305
v 9.64363490 -0.01000000 4.80043387
v 9.64218063 -0.01000000 4.79911579
v 9.64086256 -0.01000000 4.79766152
v 9.63969338 -0.01000000 4.79608506
v 9.63868435 -0.01000000 4.79440159
v 9.63784518 -0.01000000 4.79262733
v 9.63718396 -0.01000000 4.79077935
v 9.63670706 -0.01000000 4.78887547
v 9.63641908 -0.01000000 4.78693400
v 9.63632277 -0.01000000 4.78497366
v 9.63632277 -0.01000000 4.67475997
v 9.63641908 -0.01000000 4.67279962
v 9.63670706 -0.01000000 4.67085816
v 9.63718396 -0.01000000 4.66895427
v 9.63784518 -0.01000000 4.66710630
v 9.63868435 -0.01000000 4.66533203
v 9.63969338 -0.01000000 4.66364856
v 9.64086256 -0.01000000 4.66207210
v 9.64218063 -0.01000000 4.66061783
v 9.64363490 -0.01000000 4.65929976
v 9.64521137 -0.01000000 4.65813058
v 9.64689484 -0.01000000 4.65712154
v 9.64866910 -0.01000000 4.65628238
v 9.65051708 -0.01000000 4.65562116
v 9.65242096 -0.01000000 4.65514426
v 9.65436243 -0.01000000 4.65485627
v 9.65632277 -0.01000000 4.65475997
v 9.65632734 -0.01000000 4.65475997
v 8.81342729 -0.01000000 4.80487735
v 8.81148583 -0.01000000 4.80458936
v 8.80958194 -0.01000000 4.80411247
v 8.80773397 -0.01000000 4.80345125
v 8.80595970 -0.01000000 4.80261208
v 8.80427623 -0.01000000 4.80160305
v 8.80269977 -0.01000000 4.80043387
v 8.80124550 -0.01000000 4.79911579
v 8.79992742 -0.01000000 4.79766152
v 8.79875824 -0.01000000 4.79608506
v 8.79774921 -0.01000000 4.79440159
v 8.79691004 -0.01000000 4.79262733
v 8.79624883 -0.01000000 4.79077935
v 8.79577193 -0.01000000 4.78887547
v 8.79548394 -0.01000000 4.78693400
v 8.79538763 -0.01000000 4.78497366
v 8.79538763 -0.01000000 4.67476781
v 8.79548389 -0.01000000 4.67280796
v 8.79577173 -0.01000000 4.67086697
v 8.79624840 -0.01000000 4.66896354
v 8.79690928 -0.01000000 4.66711597
v 8.79774804 -0.01000000 4.66534206
v 8.79875659 -0.01000000 4.66365888
v 8.79992522 -0.01000000 4.66208262
v 8.80124269 -0.01000000 4.66062848
v 8.80269632 -0.01000000 4.65931043
v 8.80427211 -0.01000000 4.65814117
v 8.80595489 -0.01000000 4.65713195
v 8.80772847 -0.01000000 4.65629249
v 8.80957577 -0.01000000 4.65563087
v 8.81147902 -0.01000000 4.65515346
v 8.81341989 -0.01000000 4.65486484
v 8.81537970 -0.01000000 4.65476781
v 8.81546662 -0.01000000 4.65476777
v 8.81742749 -0.01000000 4.65486335
v 8.81936955 -0.01000000 4.65515071
v 8.82127407 -0.01000000 4.65562710
v 8.82312272 -0.01000000 4.65628791
v 8.82489767 -0.01000000 4.65712678
v 8.82658183 -0.01000000 4.65813563
v 8.82815897 -0.01000000 4.65930473
v 8.82961388 -0.01000000 4.66062283
v 8.83093256 -0.01000000 4.66207723
v 8.83210229 -0.01000000 4.66365390
v 8.83311181 -0.01000000 4.66533765
v 8.83395138 -0.01000000 4.66711227
v 8.83461292 -0.01000000 4.66896066
v 8.83509006 -0.01000000 4.67086499
v 8.83537819 -0.01000000 4.67280694
v 8.83547455 -0.01000000 4.67476777
v 8.83547455 -0.01000000 4.78497366
v 8.83537824 -0.01000000 4.78693400
v 8.83509025 -0.01000000 4.78887547
v 8.83461336 -0.01000000 4.79077935
v 8.83395214 -0.01000000 4.79262733
v 8.83311297 -0.01000000 4.79440159
v 8.83210394 -0.01000000 4.79608506
v 8.83093476 -0.01000000 4.79766152
v 8.82961668 -0.01000000 4.79911579
v 8.82816241 -0.01000000 4.80043387
v 8.82658595 -0.01000000 4.80160305
v 8.82490248 -0.01000000 4.80261208
v 8.82312822 -0.01000000 4.80345125
v 8.82128024 -0.01000000 4.80411247
v 8.81937636 -0.01000000 4.80458936
v 8.81743489 -0.01000000 4.80487735
v 8.81547455 -0.01000000 4.80497366
v 8.81538763 -0.01000000 4.80497366
v 4.21838599 -0.01000000 8.55903156
v 4.21644452 -0.01000000 8.55874357
v 4.21454063 -0.01000000 8.55826667
v 4.21269266 -0.01000000 8.55760545
v 4.21091839 -0.01000000 8.55676629
v 4.20923492 -0.01000000 8.55575725
v 4.20765846 -0.01000000 8.55458807
v 4.20620419 -0.01000000 8.55327000
v 4.20488612 -0.01000000 8.55181573
v 4.20371694 -0.01000000 8.55023927
v 4.20270790 -0.01000000 8.54855580
v 4.20186874 -0.01000000 8.54678153
v 4.20120752 -0.01000000 8.54493355
v 4.20073062 -0.01000000 8.54302967
v 4.20044263 -0.01000000 8.54108820
v 4.20034633 -0.01000000 8.53912786
v 4.20034633 -0.01000000 6.20154856
v 4.20044263 -0.01000000 6.19958822
v 4.20073062 -0.01000000 6.19764675
v 4.20120752 -0.01000000 6.19574287
v 4.20186874 -0.01000000 6.19389489
v 4.20270790 -0.01000000 6.19212062
v 4.20371694 -0.01000000 6.19043715
v 4.20488612 -0.01000000 6.18886069
v 4.20620419 -0.01000000 6.18740642
v 4.20765846 -0.01000000 6.18608835
v 4.20923492 -0.01000000 6.18491917
v 4.21091839 -0.01000000 6.18391013
v 4.21269266 -0.01000000 6.18307097
v 4.21454063 -0.01000000 6.18240975
v 4.21644452 -0.01000000 6.18193285
v 4.21838599 -0.01000000 6.18164486
v 4.22034633 -0.01000000 6.18154856
v 4.60077567 -0.01000000 6.18154856
v 4.60273601 -0.01000000 6.18164486
v 4.60467747 -0.01000000 6.18193285
v 4.60658136 -0.01000000 6.18240975
v 4.60842933 -0.01000000 6.18307097
v 4.61020360 -0.01000000 6.18391013
v 4.61188707 -0.01000000 6.18491917
v 4.61346353 -0.01000000 6.18608835
v 4.61491780 -0.01000000 6.18740642
v 4.61623588 -0.01000000 6.18886069
v 4.61740506 -0.01000000 6.19043715
v 4.61841409 -0.01000000 6.19212062
v 4.61925326 -0.01000000 6.19389489
v 4.61991447 -0.01000000 6.19574287
v 4.62039137 -0.01000000 6.19764675
v 4.62067936 -0.01000000 6.19958822
v 4.62077567 -0.01000000 6.20154856
v 4.62077567 -0.01000000 8.53912786
v 4.62067936 -0.01000000 8.54108820
v 4.62039137 -0.01000000 8.54302967
v 4.61991447 -0.01000000 8.54493355
v 4.61925326 -0.01000000 8.54678153
v 4.61841409 -0.01000000 8.54855580
v 4.61740506 -0.01000000 8.55023927
v 4.61623588 -0.01000000 8.55181573
v 4.61491780 -0.01000000 8.55327000
v 4.61346353 -0.01000000 8.55458807
v 4.61188707 -0.01000000 8.55575725
v 4.61020360 -0.01000000 8.55676629
v 4.60842933 -0.01000000 8.55760545
v 4.60658136 -0.01000000 8.55826667
v 4.60467747 -0.01000000 8.55874357
v 4.60273601 -0.01000000 8.55903156
v 4.60077567 -0.01000000 8.55912786
v 4.22034633 -0.01000000 8.55912786
v 2.26620890 -0.01000000 8.18864861
v 2.26426744 -0.01000000 8.18836063
v 2.26236355 -0.01000000 8.18788373
v 2.26051557 -0.01000000 8.18722251
v 2.25874131 -0.01000000 8.18638334
v 2.25705784 -0.01000000 8.18537431
v 2.25548138 -0.01000000 8.18420513
v 2.25402711 -0.01000000 8.18288706
v 2.25270903 -0.01000000 8.18143279
v 2.25153985 -0.01000000 8.17985632
v 2.25053082 -0.01000000 8.17817285
v 2.24969165 -0.01000000 8.17639859
v 2.24903044 -0.01000000 8.17455061
v 2.24855354 -0.01000000 8.17264673
v 2.24826555 -0.01000000 8.17070526
v 2.24816924 -0.01000000 8.16874492
v 2.24816924 -0.01000000 6.26759090
v 2.24826555 -0.01000000 6.26563056
v 2.24855354 -0.01000000 6.26368910
v 2.24903044 -0.01000000 6.26178521
v 2.24969165 -0.01000000 6.25993723
v 2.25053082 -0.01000000 6.25816297
v 2.25153985 -0.01000000 6.25647950
v 2.25270903 -0.01000000 6.25490304
v 2.25402711 -0.01000000 6.25344877
v 2.25548138 -0.01000000 6.25213069
v 2.25705784 -0.01000000 6.25096151
v 2.25874131 -0.01000000 6.24995248
v 2.26051557 -0.01000000 6.24911331
v 2.26236355 -0.01000000 6.24845210
v 2.26426744 -0.01000000 6.24797520
v 2.26620890 -0.01000000 6.24768721
v 2.26816924 -0.01000000 6.24759090
v 3.93005749 -0.01000000 6.24759090
v 3.93201783 -0.01000000 6.24768721
v 3.93395929 -0.01000000 6.24797520
v 3.93586318 -0.01000000 6.24845210
v 3.93771116 -0.01000000 6.24911331
v 3.93948542 -0.01000000 6.24995248
v 3.94116889 -0.01000000 6.25096151
v 3.94274535 -0.01000000 6.25213069
v 3.94419962 -0.01000000 6.25344877
v 3.94551770 -0.01000000 6.25490304
v 3.94668688 -0.01000000 6.25647950
v 3.94769591 -0.01000000 6.25816297
v 3.94853508 -0.01000000 6.25993723
v 3.94919629 -0.01000000 6.26178521
v 3.94967319 -0.01000000 6.26368910
v 3.94996118 -0.01000000 6.26563056
v 3.95005749 -0.01000000 6.26759090
v 3.95005749 -0.01000000 8.16874492
v 3.94996118 -0.01000000 8.17070526
v 3.94967319 -0.01000000 8.17264673
v 3.94919629 -0.01000000 8.17455061
v 3.94853508 -0.01000000 8.17639859
v 3.94769591 -0.01000000 8.17817285
v 3.94668688 -0.01000000 8.17985632
v 3.94551770 -0.01000000 8.18143279
v 3.94419962 -0.01000000 8.18288706
v 3.94274535 -0.01000000 8.18420513
v 3.94116889 -0.01000000 8.18537431
v 3.93948542 -0.01000000 8.18638334
v 3.93771116 -0.01000000 8.18722251
v 3.93586318 -0.01000000 8.18788373
v 3.93395929 -0.01000000 8.18836063
v 3.93201783 -0.01000000 8.18864861
v 3.93005749 -0.01000000 8.18874492
v 2.26816924 -0.01000000 8.18874492
f 3661 3577 3576
f 3661 3576 3575
f 3661 3575 3574
f 3661 3574 3573
f 3661 3573 3572
f 3661 3572 3571
f 3661 3571 3570
f 3661 3570 3569
f 3661 3569 3568
f 3661 3568 3567
f 3661 3567 3566
f 3661 3566 3565
f 3661 3565 3564
f 3661 3564 3563
f 3661 3563 3562
f 3578 3577 3661
f 3578 3661 3660
f 3578 3660 3659
f 3578 3659 3658
f 3578 3658 3657
f 3578 3657 3656
f 3578 3656 3655
f 3578 3655 3654
f 3578 3654 3653
f 3578 3653 3652
f 3578 3652 3651
f 3578 3651 3650
f 3578 3650 3649
f 3578 3649 3648
f 3578 3648 3647
f 3578 3647 3646
f 3578 3646 3645
f 3629 3696 3059
f 3629 3059 3058
f 3629 3058 3057
f 3629 3057 3056
f 3629 3056 3055
f 3629 3055 3054
f 3629 3054 3053
f 3629 3053 3052
f 3629 3052 3051
f 3629 3051 3050
f 3629 3050 3049
f 3629 3049 3048
f 3629 3048 3047
f 3629 3047 3046
f 3629 3046 3045
f 3629 3045 3044
f 3629 3044 3043
f 3629 3043 3042
f 3629 3042 3041
f 3629 3041 3040
f 3629 3040 3039
f 3629 3039 3038
f 3629 3038 3037
f 3629 3037 3036
f 3629 3036 3035
f 3019 3018 3017
f 3019 3017 3016
f 3019 3016 3015
f 3019 3015 3014
f 3019 3014 3013
f 2993 2992 2991
f 2993 2991 2990
f 2993 2990 2989
f 2993 2989 2988
f 2993 2988 2987
f 2993 2987 2986
f 2993 2986 2985
f 2993 2985 2984
f 2993 2984 2983
f 2993 2983 2982
f 2993 2982 2981
f 2993 2981 2980
f 2993 2980 2979
f 2993 2979 2978
f 2973 2972 3917
f 3918 3917 2972
f 3918 2972 2971
f 3918 2971 2970
f 3918 2970 2969
f 3918 2969 2968
f 3918 2968 2967
f 3918 2967 2966
f 3918 2966 2965
f 3918 2965 2964
f 3918 2964 2963
f 3918 2963 2962
f 3918 2962 2961
f 2961 2960 2959
f 2961 2959 2958
f 2961 2958 2957
f 2954 2953 2952
f 2954 2952 2951
f 2954 2951 2950
f 2954 2950 2949
f 2954 2949 2948
f 2954 2948 2947
f 2954 2947 2946
f 2954 2946 2945
f 2954 2945 2944
f 2954 2944 2943
f 2954 2943 2942
f 2932 2931 2930
f 2932 2930 2929
f 2932 2929 2928
f 2932 2928 2927
f 2932 2927 2926
f 2932 2926 2925
f 2932 2925 2924
f 2932 2924 2923
f 2932 2923 2922
f 2932 2922 2921
f 2932 2921 2920
f 2932 2920 2919
f 3850 3849 2919
f 3850 2919 2918
f 3850 2918 2917
f 3850 2917 2916
f 3850 2916 2915
f 3850 2915 2914
f 3850 2914 2913
f 3850 2913 2912
f 3850 2912 2911
f 3850 2911 2910
f 3850 2910 2909
f 3850 2909 2908
f 3850 2908 2907
f 3850 2907 2906
f 3850 2906 2905
f 2905 3781 3780
f 2905 3780 3779
f 2905 3779 3778
f 2905 3778 3777
f 2905 3777 3776
f 2905 3776 3775
f 2905 3775 3774
f 2905 3774 3773
f 2905 3773 3772
f 2905 3772 3771
f 2905 3771 3770
f 2905 3770 3769
f 3814 3813 3747
f 3814 3747 3746
f 3814 3746 3745
f 3814 3745 3744
f 3814 3744 3743
f 3814 3743 3742
f 3814 3742 3741
f 3814 3741 3740
f 3814 3740 3739
f 3814 3739 3738
f 3814 3738 3737
f 3814 3737 3736
f 3814 3736 3735
f 3814 3735 3734
f 3814 3734 3733
f 3814 3733 3732
f 3748 3747 3813
f 3748 3813 3812
f 3748 3812 3811
f 3748 3811 3810
f 3748 3810 3809
f 3748 3809 3808
f 3748 3808 3807
f 3748 3807 3806
f 3748 3806 3805
f 3748 3805 3804
f 3748 3804 3803
f 3748 3803 3802
f 3748 3802 3801
f 3748 3801 3800
f 3748 3800 3799
f 3748 3799 3798
f 3782 3781 2905
f 3782 2905 2904
f 3782 2904 2903
f 3782 2903 2902
f 3782 2902 2901
f 3782 2901 2900
f 3782 2900 2899
f 3782 2899 2898
f 3782 2898 2897
f 3782 2897 2896
f 3782 2896 2895
f 3782 2895 2894
f 3782 2894 2893
f 3782 2893 3560
f 3782 3560 3559
f 3559 3558 3557
f 3559 3557 3556
f 3559 3556 3555
f 3559 3555 3554
f 3559 3554 3553
f 3559 3553 3552
f 3559 3552 3551
f 3559 3551 3550
f 3559 3550 3549
f 3559 3549 3548
f 3559 3548 3547
f 3559 3547 3546
f 3559 3546 3545
f 3545 3544 3543
f 3545 3543 3542
f 3545 3542 3541
f 3545 3541 3540
f 3545 3540 3539
f 3545 3539 3538
f 3545 3538 3537
f 3545 3537 3536
f 3545 3536 3535
f 3545 3535 3534
f 3545 3534 3533
f 3545 3533 3532
f 3545 3532 3531
f 3545 3531 3530
f 3545 3530 3529
f 3545 3529 3528
f 3472 3471 3470
f 3472 3470 3469
f 3472 3469 3468
f 3472 3468 3467
f 3472 3467 3466
f 3472 3466 3465
f 3472 3465 3464
f 3472 3464 3463
f 3472 3463 3462
f 3472 3462 3461
f 3472 3461 3460
f 3472 3460 3459
f 3472 3459 3458
f 3472 3458 3457
f 3472 3457 3456
f 3472 3456 3455
f 3472 3455 3454
f 3472 3454 3453
f 3472 3453 3452
f 3452 3451 3450
f 3417 3416 3415
f 3417 3415 3414
f 3417 3414 3413
f 3417 3413 3412
f 3417 3412 3411
f 3417 3411 3410
f 3417 3410 3409
f 3417 3409 3408
f 3417 3408 3407
f 3378 3377 3376
f 3378 3376 3375
f 3378 3375 3374
f 3378 3374 3373
f 3378 3373 3372
f 3378 3372 3371
f 3378 3371 3370
f 3378 3370 3369
f 3378 3369 3368
f 3378 3368 3367
f 3378 3367 3366
f 3378 3366 3365
f 3378 3365 3364
f 3378 3364 3363
f 3378 3363 3362
f 3378 3362 3361
f 3339 3338 3337
f 3339 3337 3336
f 3339 3336 3335
f 3339 3335 3334
f 3339 3334 3333
f 3339 3333 3332
f 3339 3332 3331
f 3339 3331 3330
f 3339 3330 3329
f 3339 3329 3328
f 3339 3328 3327
f 3339 3327 3326
f 3339 3326 3325
f 3339 3325 3324
f 3339 3324 3323
f 3339 3323 3322
f 3339 3322 3321
f 3339 3321 3320
f 3339 3320 3319
f 3339 3319 3318
f 3339 3318 3317
f 3339 3317 3316
f 3339 3316 3315
f 3339 3315 3314
f 3339 3314 3313
f 3339 3313 3312
f 3339 3312 3311
f 3339 3311 3310
f 3339 3310 3309
f 3339 3309 3308
f 3339 3308 3307
f 3339 3307 3306
f 3339 3306 3305
f 3339 3305 3304
f 3339 3304 3303
f 3339 3303 3302
f 3339 3302 3301
f 3339 3301 3300
f 3339 3300 3299
f 3339 3299 3298
f 3339 3298 3297
f 3339 3297 3296
f 3339 3296 3295
f 3339 3295 3294
f 3339 3294 3293
f 3293 3292 3291
f 3293 3291 3290
f 3293 3290 3289
f 3293 3289 3288
f 3293 3288 3287
f 3293 3287 3286
f 3255 3254 3253
f 3255 3253 3252
f 3255 3252 3251
f 3255 3251 3250
f 3255 3250 3249
f 3255 3249 3248
f 3255 3248 3247
f 3233 3232 3231
f 3233 3231 3230
f 3233 3230 3229
f 3221 3220 3219
f 3221 3219 3218
f 3221 3218 3217
f 3221 3217 3216
f 3221 3216 3215
f 3221 3215 3214
f 3221 3214 3213
f 3221 3213 3212
f 3221 3212 3211
f 3221 3211 3210
f 3221 3210 3209
f 3221 3209 3208
f 3221 3208 3207
f 3221 3207 3206
f 3221 3206 3205
f 3205 3204 3203
f 3205 3203 3202
f 3205 3202 3201
f 3205 3201 3200
f 3205 3200 3199
f 3205 3199 3198
f 3205 3198 3197
f 3205 3197 3196
f 3205 3196 3195
f 3205 3195 3194
f 3205 3194 3193
f 3205 3193 3192
f 3205 3192 3191
f 3205 3191 3190
f 3205 3190 3189
f 3205 3189 3188
f 3205 3188 3187
f 3205 3187 3186
f 3205 3186 3185
f 3205 3185 3184
f 3205 3184 3183
f 3205 3183 3182
f 3205 3182 3181
f 3205 3181 3180
f 3205 3180 3179
f 3205 3179 3178
f 3205 3178 3177
f 3169 3168 3167
f 3169 3167 3166
f 3166 3165 3164
f 3131 3130 3129
f 3131 3129 3128
f 3131 3128 3127
f 3131 3127 3126
f 3131 3126 3125
f 3131 3125 3124
f 3131 3124 3123
f 3131 3123 3122
f 3131 3122 3121
f 3131 3121 3120
f 3131 3120 3119
f 3131 3119 3118
f 3131 3118 3117
f 3131 3117 3116
f 3116 3115 3114
f 3116 3114 3113
f 3116 3113 3112
f 3116 3112 3111
f 3116 3111 3110
f 3116 3110 3109
f 3116 3109 3108
f 3116 3108 3107
f 3116 3107 3106
f 3116 3106 3105
f 3116 3105 3104
f 3116 3104 3103
f 3116 3103 3102
f 3116 3102 3101
f 3116 3101 3100
f 3083 3082 3081
f 3083 3081 3080
f 3083 3080 3079
f 3083 3079 3078
f 3083 3078 3077
f 3083 3077 3076
f 3083 3076 3075
f 3083 3075 3074
f 3083 3074 3073
f 3083 3073 3072
f 3083 3072 3071
f 3083 3071 3070
f 3083 3070 3069
f 3083 3069 3068
f 3083 3068 3067
f 3083 3067 3066
f 3083 3066 3065
f 3083 3065 3064
f 3083 3064 3063
f 3083 3063 3062
f 3083 3062 3061
f 3083 3061 3060
f 3083 3060 3059
f 3059 3696 3695
f 3059 3695 3694
f 3059 3694 3693
f 3059 3693 3692
f 3059 3692 3691
f 3059 3691 3690
f 3059 3690 3689
f 3059 3689 3688
f 3059 3688 3687
f 3059 3687 3686
f 3059 3686 3685
f 3059 3685 3684
f 3059 3684 3683
f 3059 3683 3682
f 3662 3661 3562
f 3662 3562 3561
f 3662 3561 3628
f 3579 3578 3645
f 3630 3629 3035
f 3020 3019 3013
f 2994 2993 2978
f 2974 2973 3917
f 3919 3918 2961
f 3919 2961 2957
f 3919 2957 2956
f 3919 2956 2955
f 3919 2955 2954
f 3919 2954 2942
f 3919 2942 2941
f 2933 2932 2919
f 3851 3850 2905
f 3815 3814 3732
f 3815 3732 3731
f 3815 3731 3730
f 3749 3748 3798
f 3783 3782 3559
f 3559 3545 3528
f 3559 3528 3527
f 3559 3527 3526
f 3559 3526 3525
f 3559 3525 3524
f 3559 3524 3523
f 3559 3523 3522
f 3559 3522 3521
f 3559 3521 3520
f 3559 3520 3519
f 3559 3519 3518
f 3559 3518 3517
f 3559 3517 3516
f 3559 3516 3515
f 3559 3515 3514
f 3559 3514 3513
f 3559 3513 3512
f 3559 3512 3511
f 3559 3511 3510
f 3559 3510 3509
f 3559 3509 3508
f 3559 3508 3507
f 3559 3507 3506
f 3472 3452 3450
f 3472 3450 3449
f 3472 3449 3448
f 3472 3448 3447
f 3472 3447 3446
f 3472 3446 3445
f 3472 3445 3444
f 3472 3444 3443
f 3472 3443 3442
f 3472 3442 3441
f 3472 3441 3440
f 3472 3440 3439
f 3472 3439 3438
f 3472 3438 3437
f 3472 3437 3436
f 3472 3436 3435
f 3472 3435 3434
f 3472 3434 3433
f 3472 3433 3432
f 3472 3432 3431
f 3472 3431 3430
f 3472 3430 3429
f 3472 3429 3428
f 3472 3428 3427
f 3472 3427 3426
f 3472 3426 3425
f 3418 3417 3407
f 3379 3378 3361
f 3340 3339 3293
f 3256 3255 3247
f 3234 3233 3229
f 3222 3221 3205
f 3222 3205 3177
f 3222 3177 3176
f 3222 3176 3175
f 3222 3175 3174
f 3222 3174 3173
f 3222 3173 3172
f 3222 3172 3171
f 3222 3171 3170
f 3222 3170 3169
f 3222 3169 3166
f 3132 3131 3116
f 3084 3083 3059
f 3084 3059 3682
f 3084 3682 3681
f 3084 3681 3680
f 3084 3680 3679
f 3084 3679 3678
f 3084 3678 3677
f 3084 3677 3676
f 3084 3676 3675
f 3084 3675 3674
f 3084 3674 3673
f 3084 3673 3672
f 3084 3672 3671
f 3084 3671 3670
f 3084 3670 3669
f 3084 3669 3668
f 3084 3668 3667
f 3084 3667 3666
f 3084 3666 3665
f 3084 3665 3664
f 3084 3664 3663
f 3084 3663 3662
f 3084 3662 3628
f 3084 3628 3627
f 3084 3627 3626
f 3084 3626 3625
f 3084 3625 3624
f 3084 3624 3623
f 3084 3623 3622
f 3084 3622 3621
f 3084 3621 3620
f 3084 3620 3619
f 3084 3619 3618
f 3084 3618 3617
f 3084 3617 3616
f 3084 3616 3615
f 3084 3615 3614
f 3084 3614 3613
f 3084 3613 3612
f 3084 3612 3611
f 3084 3611 3610
f 3580 3579 3645
f 3631 3630 3035
f 3021 3020 3013
f 3021 3013 3012
f 2995 2994 2978
f 2975 2974 3917
f 3920 3919 2941
f 2934 2933 2919
f 3852 3851 2905
f 3816 3815 3730
f 3750 3749 3798
f 3784 3783 3559
f 3784 3559 3506
f 3784 3506 3505
f 3784 3505 3504
f 3784 3504 3503
f 3784 3503 3502
f 3784 3502 3501
f 3784 3501 3500
f 3784 3500 3499
f 3784 3499 3498
f 3784 3498 3497
f 3784 3497 3496
f 3784 3496 3495
f 3784 3495 3494
f 3784 3494 3493
f 3784 3493 3492
f 3784 3492 3491
f 3784 3491 3490
f 3784 3490 3489
f 3784 3489 3488
f 3784 3488 3487
f 3784 3487 3486
f 3784 3486 3485
f 3784 3485 3484
f 3784 3484 3483
f 3784 3483 3482
f 3784 3482 3481
f 3784 3481 3480
f 3473 3472 3425
f 3473 3425 3424
f 3473 3424 3423
f 3473 3423 3422
f 3473 3422 3421
f 3473 3421 3420
f 3473 3420 3419
f 3473 3419 3418
f 3380 3379 3361
f 3341 3340 3293
f 3341 3293 3286
f 3341 3286 3285
f 3341 3285 3284
f 3341 3284 3283
f 3341 3283 3282
f 3341 3282 3281
f 3341 3281 3280
f 3341 3280 3279
f 3341 3279 3278
f 3341 3278 3277
f 3341 3277 3276
f 3341 3276 3275
f 3341 3275 3274
f 3257 3256 3247
f 3235 3234 3229
f 3235 3229 3228
f 3223 3222 3166
f 3133 3132 3116
f 3085 3084 3610
f 3581 3580 3645
f 3632 3631 3035
f 2996 2995 2978
f 2976 2975 3917
f 2976 3917 3916
f 2976 3916 3915
f 3921 3920 2941
f 2935 2934 2919
f 3853 3852 2905
f 3817 3816 3730
f 3751 3750 3798
f 3785 3784 3480
f 3474 3473 3418
f 3474 3418 3407
f 3474 3407 3406
f 3474 3406 3405
f 3474 3405 3404
f 3474 3404 3403
f 3474 3403 3402
f 3474 3402 3401
f 3474 3401 3400
f 3474 3400 3399
f 3474 3399 3398
f 3474 3398 3397
f 3381 3380 3361
f 3342 3341 3274
f 3258 3257 3247
f 3236 3235 3228
f 3224 3223 3166
f 3224 3166 3164
f 3224 3164 3163
f 3224 3163 3162
f 3224 3162 3161
f 3224 3161 3160
f 3224 3160 3159
f 3224 3159 3158
f 3224 3158 3157
f 3224 3157 3156
f 3224 3156 3155
f 3224 3155 3154
f 3224 3154 3153
f 3224 3153 3152
f 3224 3152 3151
f 3134 3133 3116
f 3086 3085 3610
f 3582 3581 3645
f 3633 3632 3035
f 2997 2996 2978
f 2977 2976 3915
f 3922 3921 2941
f 2936 2935 2919
f 3854 3853 2905
f 3818 3817 3730
f 3752 3751 3798
f 3786 3785 3480
f 3475 3474 3397
f 3382 3381 3361
f 3343 3342 3274
f 3259 3258 3247
f 3237 3236 3228
f 3225 3224 3151
f 3135 3134 3116
f 3087 3086 3610
f 3583 3582 3645
f 3634 3633 3035
f 2998 2997 2978
f 2978 2977 3915
f 2978 3915 3914
f 2978 3914 3913
f 2978 3913 3912
f 2978 3912 3911
f 2978 3911 3910
f 2978 3910 3909
f 2978 3909 3908
f 2978 3908 3907
f 2978 3907 3906
f 2978 3906 3905
f 2978 3905 3904
f 2978 3904 3903
f 2978 3903 3902
f 2978 3902 3901
f 2978 3901 3968
f 2978 3968 3967
f 2978 3967 3966
f 2978 3966 3965
f 2978 3965 3964
f 3923 3922 2941
f 2937 2936 2919
f 3855 3854 2905
f 3819 3818 3730
f 3753 3752 3798
f 3787 3786 3480
f 3476 3475 3397
f 3383 3382 3361
f 3344 3343 3274
f 3260 3259 3247
f 3238 3237 3228
f 3226 3225 3151
f 3136 3135 3116
f 3088 3087 3610
f 3584 3583 3645
f 3635 3634 3035
f 2999 2998 2978
f 3924 3923 2941
f 2938 2937 2919
f 3856 3855 2905
f 3820 3819 3730
f 3754 3753 3798
f 3788 3787 3480
f 3477 3476 3397
f 3345 3344 3274
f 3261 3260 3247
f 3239 3238 3228
f 3227 3226 3151
f 3137 3136 3116
f 3089 3088 3610
f 3585 3584 3645
f 3636 3635 3035
f 3000 2999 2978
f 3925 3924 2941
f 2939 2938 2919
f 3857 3856 2905
f 3821 3820 3730
f 3755 3754 3798
f 3789 3788 3480
f 3478 3477 3397
f 3346 3345 3274
f 3262 3261 3247
f 3228 3227 3151
f 3138 3137 3116
f 3090 3089 3610
f 3586 3585 3645
f 3637 3636 3035
f 3001 3000 2978
f 3926 3925 2941
f 2940 2939 2919
f 2940 2919 3849
f 3858 3857 2905
f 3822 3821 3730
f 3756 3755 3798
f 3790 3789 3480
f 3479 3478 3397
f 3347 3346 3274
f 3263 3262 3247
f 3239 3228 3151
f 3139 3138 3116
f 3091 3090 3610
f 3587 3586 3645
f 3638 3637 3035
f 3002 3001 2978
f 3927 3926 2941
f 2941 2940 3849
f 3859 3858 2905
f 3823 3822 3730
f 3757 3756 3798
f 3791 3790 3480
f 3480 3479 3397
f 3348 3347 3274
f 3264 3263 3247
f 3240 3239 3151
f 3140 3139 3116
f 3092 3091 3610
f 3588 3587 3645
f 3639 3638 3035
f 3003 3002 2978
f 3928 3927 2941
f 3860 3859 2905
f 3824 3823 3730
f 3758 3757 3798
f 3792 3791 3480
f 3792 3480 3397
f 3792 3397 3396
f 3792 3396 3395
f 3792 3395 3394
f 3792 3394 3393
f 3792 3393 3392
f 3792 3392 3391
f 3792 3391 3390
f 3792 3390 3389
f 3792 3389 3388
f 3792 3388 3387
f 3792 3387 3386
f 3792 3386 3385
f 3792 3385 3384
f 3792 3384 3383
f 3792 3383 3361
f 3792 3361 3360
f 3792 3360 3359
f 3792 3359 3358
f 3792 3358 3357
f 3792 3357 3356
f 3792 3356 3355
f 3792 3355 3354
f 3792 3354 3353
f 3349 3348 3274
f 3265 3264 3247
f 3241 3240 3151
f 3141 3140 3116
f 3141 3116 3100
f 3093 3092 3610
f 3589 3588 3645
f 3640 3639 3035
f 3004 3003 2978
f 3929 3928 2941
f 3861 3860 2905
f 3825 3824 3730
f 3759 3758 3798
f 3793 3792 3353
f 3350 3349 3274
f 3266 3265 3247
f 3242 3241 3151
f 3142 3141 3100
f 3094 3093 3610
f 3590 3589 3645
f 3641 3640 3035
f 3005 3004 2978
f 3930 3929 2941
f 3862 3861 2905
f 3862 2905 3769
f 3862 3769 3768
f 3862 3768 3767
f 3862 3767 3766
f 3862 3766 3765
f 3862 3765 3832
f 3862 3832 3831
f 3862 3831 3830
f 3862 3830 3829
f 3862 3829 3828
f 3826 3825 3730
f 3760 3759 3798
f 3794 3793 3353
f 3351 3350 3274
f 3267 3266 3247
f 3243 3242 3151
f 3143 3142 3100
f 3095 3094 3610
f 3591 3590 3645
f 3642 3641 3035
f 3006 3005 2978
f 3931 3930 2941
f 3863 3862 3828
f 3827 3826 3730
f 3761 3760 3798
f 3795 3794 3353
f 3352 3351 3274
f 3268 3267 3247
f 3244 3243 3151
f 3144 3143 3100
f 3096 3095 3610
f 3592 3591 3645
f 3643 3642 3035
f 3932 3931 2941
f 3864 3863 3828
f 3828 3827 3730
f 3762 3761 3798
f 3796 3795 3353
f 3353 3352 3274
f 3269 3268 3247
f 3245 3244 3151
f 3145 3144 3100
f 3097 3096 3610
f 3593 3592 3645
f 3644 3643 3035
f 3933 3932 2941
f 3933 2941 3849
f 3865 3864 3828
f 3865 3828 3730
f 3865 3730 3729
f 3865 3729 3728
f 3865 3728 3727
f 3865 3727 3726
f 3763 3762 3798
f 3797 3796 3353
f 3797 3353 3274
f 3797 3274 3273
f 3797 3273 3272
f 3797 3272 3271
f 3797 3271 3270
f 3797 3270 3269
f 3797 3269 3247
f 3797 3247 3246
f 3797 3246 3245
f 3146 3145 3100
f 3098 3097 3610
f 3645 3644 3035
f 3934 3933 3849
f 3866 3865 3726
f 3798 3797 3245
f 3147 3146 3100
f 3147 3100 3099
f 3099 3098 3610
f 3593 3645 3035
f 3593 3035 3034
f 3935 3934 3849
f 3867 3866 3726
f 3763 3798 3245
f 3148 3147 3099
f 3594 3593 3034
f 3936 3935 3849
f 3868 3867 3726
f 3764 3763 3245
f 3149 3148 3099
f 3595 3594 3034
f 3937 3936 3849
f 3869 3868 3726
f 3697 3764 3245
f 3150 3149 3099
f 3938 3937 3849
f 3870 3869 3726
f 3698 3697 3245
f 3151 3150 3099
f 3939 3938 3849
f 3871 3870 3726
f 3699 3698 3245
f 3245 3151 3099
f 3245 3099 3610
f 3245 3610 3609
f 3245 3609 3608
f 3245 3608 3607
f 3245 3607 3606
f 3245 3606 3605
f 3245 3605 3604
f 3245 3604 3603
f 3245 3603 3602
f 3245 3602 3601
f 3245 3601 3600
f 3245 3600 3599
f 3245 3599 3598
f 3245 3598 3597
f 3245 3597 3596
f 3245 3596 3595
f 3245 3595 3034
f 3245 3034 3033
f 3940 3939 3849
f 3872 3871 3726
f 3700 3699 3245
f 3941 3940 3849
f 3873 3872 3726
f 3701 3700 3245
f 3942 3941 3849
f 3874 3873 3726
f 3702 3701 3245
f 3943 3942 3849
f 3875 3874 3726
f 3703 3702 3245
f 3944 3943 3849
f 3876 3875 3726
f 3704 3703 3245
f 3945 3944 3849
f 3877 3876 3726
f 3705 3704 3245
f 3946 3945 3849
f 3878 3877 3726
f 3706 3705 3245
f 3947 3946 3849
f 3879 3878 3726
f 3707 3706 3245
f 3948 3947 3849
f 3880 3879 3726
f 3708 3707 3245
f 3949 3948 3849
f 3949 3849 3848
f 3949 3848 3847
f 3881 3880 3726
f 3709 3708 3245
f 3950 3949 3847
f 3882 3881 3726
f 3710 3709 3245
f 3951 3950 3847
f 3951 3847 3846
f 3951 3846 3845
f 3951 3845 3844
f 3951 3844 3843
f 3951 3843 3842
f 3711 3710 3245
f 3952 3951 3842
f 3712 3711 3245
f 3953 3952 3842
f 3713 3712 3245
f 3954 3953 3842
f 3714 3713 3245
f 3955 3954 3842
f 3715 3714 3245
f 3956 3955 3842
f 3716 3715 3245
f 3957 3956 3842
f 3717 3716 3245
f 3958 3957 3842
f 3718 3717 3245
f 3959 3958 3842
f 3719 3718 3245
f 3719 3245 3033
f 3960 3959 3842
f 3720 3719 3033
f 3961 3960 3842
f 3721 3720 3033
f 3962 3961 3842
f 3722 3721 3033
f 3963 3962 3842
f 3723 3722 3033
f 3723 3033 3032
f 3723 3032 3031
f 3723 3031 3030
f 3723 3030 3029
f 3723 3029 3028
f 3723 3028 3027
f 3723 3027 3026
f 3964 3963 3842
f 3724 3723 3026
f 2978 3964 3842
f 2978 3842 3841
f 2978 3841 3840
f 2978 3840 3839
f 2978 3839 3838
f 2978 3838 3837
f 2978 3837 3836
f 2978 3836 3835
f 2978 3835 3834
f 2978 3834 3833
f 2978 3833 3900
f 2978 3900 3899
f 2978 3899 3898
f 3725 3724 3026
f 3006 2978 3898
f 3006 3898 3897
f 3006 3897 3896
f 3006 3896 3895
f 3006 3895 3894
f 3006 3894 3893
f 3006 3893 3892
f 3006 3892 3891
f 3006 3891 3890
f 3006 3890 3889
f 3006 3889 3888
f 3006 3888 3887
f 3006 3887 3886
f 3006 3886 3885
f 3006 3885 3884
f 3006 3884 3883
f 3006 3883 3882
f 3726 3725 3026
f 3007 3006 3882
f 3882 3726 3026
f 3882 3026 3025
f 3882 3025 3024
f 3882 3024 3023
f 3882 3023 3022
f 3882 3022 3021
f 3882 3021 3012
f 3882 3012 3011
f 3882 3011 3010
f 3882 3010 3009
f 3882 3009 3008
f 3882 3008 3007
f 4652 4653 4737
f 4651 4652 4737
f 4650 4651 4737
f 4649 4650 4737
f 4648 4649 4737
f 4647 4648 4737
f 4646 4647 4737
f 4645 4646 4737
f 4644 4645 4737
f 4643 4644 4737
f 4642 4643 4737
f 4641 4642 4737
f 4640 4641 4737
f 4639 4640 4737
f 4638 4639 4737
f 4737 4653 4654
f 4736 4737 4654
f 4735 4736 4654
f 4734 4735 4654
f 4733 4734 4654
f 4732 4733 4654
f 4731 4732 4654
f 4730 4731 4654
f 4729 4730 4654
f 4728 4729 4654
f 4727 4728 4654
f 4726 4727 4654
f 4725 4726 4654
f 4724 4725 4654
f 4723 4724 4654
f 4722 4723 4654
f 4721 4722 4654
f 4135 4772 4705
f 4134 4135 4705
f 4133 4134 4705
f 4132 4133 4705
f 4131 4132 4705
f 4130 4131 4705
f 4129 4130 4705
f 4128 4129 4705
f 4127 4128 4705
f 4126 4127 4705
f 4125 4126 4705
f 4124 4125 4705
f 4123 4124 4705
f 4122 4123 4705
f 4121 4122 4705
f 4120 4121 4705
f 4119 4120 4705
f 4118 4119 4705
f 4117 4118 4705
f 4116 4117 4705
f 4115 4116 4705
f 4114 4115 4705
f 4113 4114 4705
f 4112 4113 4705
f 4111 4112 4705
f 4093 4094 4095
f 4092 4093 4095
f 4091 4092 4095
f 4090 4091 4095
f 4089 4090 4095
f 4067 4068 4069
f 4066 4067 4069
f 4065 4066 4069
f 4064 4065 4069
f 4063 4064 4069
f 4062 4063 4069
f 4061 4062 4069
f 4060 4061 4069
f 4059 4060 4069
f 4058 4059 4069
f 4057 4058 4069
f 4056 4057 4069
f 4055 4056 4069
f 4054 4055 4069
f 4993 4048 4049
f 4048 4993 4994
f 4047 4048 4994
f 4046 4047 4994
f 4045 4046 4994
f 4044 4045 4994
f 4043 4044 4994
f 4042 4043 4994
f 4041 4042 4994
f 4040 4041 4994
f 4039 4040 4994
f 4038 4039 4994
f 4037 4038 4994
f 4035 4036 4037
f 4034 4035 4037
f 4033 4034 4037
f 4028 4029 4030
f 4027 4028 4030
f 4026 4027 4030
f 4025 4026 4030
f 4024 4025 4030
f 4023 4024 4030
f 4022 4023 4030
f 4021 4022 4030
f 4020 4021 4030
f 4019 4020 4030
f 4018 4019 4030
f 4006 4007 4008
f 4005 4006 4008
f 4004 4005 4008
f 4003 4004 4008
f 4002 4003 4008
f 4001 4002 4008
f 4000 4001 4008
f 3999 4000 4008
f 3998 3999 4008
f 3997 3998 4008
f 3996 3997 4008
f 3995 3996 4008
f 3995 4925 4926
f 3994 3995 4926
f 3993 3994 4926
f 3992 3993 4926
f 3991 3992 4926
f 3990 3991 4926
f 3989 3990 4926
f 3988 3989 4926
f 3987 3988 4926
f 3986 3987 4926
f 3985 3986 4926
f 3984 3985 4926
f 3983 3984 4926
f 3982 3983 4926
f 3981 3982 4926
f 4856 4857 3981
f 4855 4856 3981
f 4854 4855 3981
f 4853 4854 3981
f 4852 4853 3981
f 4851 4852 3981
f 4850 4851 3981
f 4849 4850 3981
f 4848 4849 3981
f 4847 4848 3981
f 4846 4847 3981
f 4845 4846 3981
f 4823 4889 4890
f 4822 4823 4890
f 4821 4822 4890
f 4820 4821 4890
f 4819 4820 4890
f 4818 4819 4890
f 4817 4818 4890
f 4816 4817 4890
f 4815 4816 4890
f 4814 4815 4890
f 4813 4814 4890
f 4812 4813 4890
f 4811 4812 4890
f 4810 4811 4890
f 4809 4810 4890
f 4808 4809 4890
f 4889 4823 4824
f 4888 4889 4824
f 4887 4888 4824
f 4886 4887 4824
f 4885 4886 4824
f 4884 4885 4824
f 4883 4884 4824
f 4882 4883 4824
f 4881 4882 4824
f 4880 4881 4824
f 4879 4880 4824
f 4878 4879 4824
f 4877 4878 4824
f 4876 4877 4824
f 4875 4876 4824
f 4874 4875 4824
f 3981 4857 4858
f 3980 3981 4858
f 3979 3980 4858
f 3978 3979 4858
f 3977 3978 4858
f 3976 3977 4858
f 3975 3976 4858
f 3974 3975 4858
f 3973 3974 4858
f 3972 3973 4858
f 3971 3972 4858
f 3970 3971 4858
f 3969 3970 4858
f 4636 3969 4858
f 4635 4636 4858
f 4633 4634 4635
f 4632 4633 4635
f 4631 4632 4635
f 4630 4631 4635
f 4629 4630 4635
f 4628 4629 4635
f 4627 4628 4635
f 4626 4627 4635
f 4625 4626 4635
f 4624 4625 4635
f 4623 4624 4635
f 4622 4623 4635
f 4621 4622 4635
f 4619 4620 4621
f 4618 4619 4621
f 4617 4618 4621
f 4616 4617 4621
f 4615 4616 4621
f 4614 4615 4621
f 4613 4614 4621
f 4612 4613 4621
f 4611 4612 4621
f 4610 4611 4621
f 4609 4610 4621
f 4608 4609 4621
f 4607 4608 4621
f 4606 4607 4621
f 4605 4606 4621
f 4604 4605 4621
f 4546 4547 4548
f 4545 4546 4548
f 4544 4545 4548
f 4543 4544 4548
f 4542 4543 4548
f 4541 4542 4548
f 4540 4541 4548
f 4539 4540 4548
f 4538 4539 4548
f 4537 4538 4548
f 4536 4537 4548
f 4535 4536 4548
f 4534 4535 4548
f 4533 4534 4548
f 4532 4533 4548
f 4531 4532 4548
f 4530 4531 4548
f 4529 4530 4548
f 4528 4529 4548
f 4526 4527 4528
f 4491 4492 4493
f 4490 4491 4493
f 4489 4490 4493
f 4488 4489 4493
f 4487 4488 4493
f 4486 4487 4493
f 4485 4486 4493
f 4484 4485 4493
f 4483 4484 4493
f 4452 4453 4454
f 4451 4452 4454
f 4450 4451 4454
f 4449 4450 4454
f 4448 4449 4454
f 4447 4448 4454
f 4446 4447 4454
f 4445 4446 4454
f 4444 4445 4454
f 4443 4444 4454
f 4442 4443 4454
f 4441 4442 4454
f 4440 4441 4454
f 4439 4440 4454
f 4438 4439 4454
f 4437 4438 4454
f 4413 4414 4415
f 4412 4413 4415
f 4411 4412 4415
f 4410 4411 4415
f 4409 4410 4415
f 4408 4409 4415
f 4407 4408 4415
f 4406 4407 4415
f 4405 4406 4415
f 4404 4405 4415
f 4403 4404 4415
f 4402 4403 4415
f 4401 4402 4415
f 4400 4401 4415
f 4399 4400 4415
f 4398 4399 4415
f 4397 4398 4415
f 4396 4397 4415
f 4395 4396 4415
f 4394 4395 4415
f 4393 4394 4415
f 4392 4393 4415
f 4391 4392 4415
f 4390 4391 4415
f 4389 4390 4415
f 4388 4389 4415
f 4387 4388 4415
f 4386 4387 4415
f 4385 4386 4415
f 4384 4385 4415
f 4383 4384 4415
f 4382 4383 4415
f 4381 4382 4415
f 4380 4381 4415
f 4379 4380 4415
f 4378 4379 4415
f 4377 4378 4415
f 4376 4377 4415
f 4375 4376 4415
f 4374 4375 4415
f 4373 4374 4415
f 4372 4373 4415
f 4371 4372 4415
f 4370 4371 4415
f 4369 4370 4415
f 4367 4368 4369
f 4366 4367 4369
f 4365 4366 4369
f 4364 4365 4369
f 4363 4364 4369
f 4362 4363 4369
f 4329 4330 4331
f 4328 4329 4331
f 4327 4328 4331
f 4326 4327 4331
f 4325 4326 4331
f 4324 4325 4331
f 4323 4324 4331
f 4307 4308 4309
f 4306 4307 4309
f 4305 4306 4309
f 4295 4296 4297
f 4294 4295 4297
f 4293 4294 4297
f 4292 4293 4297
f 4291 4292 4297
f 4290 4291 4297
f 4289 4290 4297
f 4288 4289 4297
f 4287 4288 4297
f 4286 4287 4297
f 4285 4286 4297
f 4284 4285 4297
f 4283 4284 4297
f 4282 4283 4297
f 4281 4282 4297
f 4279 4280 4281
f 4278 4279 4281
f 4277 4278 4281
f 4276 4277 4281
f 4275 4276 4281
f 4274 4275 4281
f 4273 4274 4281
f 4272 4273 4281
f 4271 4272 4281
f 4270 4271 4281
f 4269 4270 4281
f 4268 4269 4281
f 4267 4268 4281
f 4266 4267 4281
f 4265 4266 4281
f 4264 4265 4281
f 4263 4264 4281
f 4262 4263 4281
f 4261 4262 4281
f 4260 4261 4281
f 4259 4260 4281
f 4258 4259 4281
f 4257 4258 4281
f 4256 4257 4281
f 4255 4256 4281
f 4254 4255 4281
f 4253 4254 4281
f 4243 4244 4245
f 4242 4243 4245
f 4240 4241 4242
f 4205 4206 4207
f 4204 4205 4207
f 4203 4204 4207
f 4202 4203 4207
f 4201 4202 4207
f 4200 4201 4207
f 4199 4200 4207
f 4198 4199 4207
f 4197 4198 4207
f 4196 4197 4207
f 4195 4196 4207
f 4194 4195 4207
f 4193 4194 4207
f 4192 4193 4207
f 4190 4191 4192
f 4189 4190 4192
f 4188 4189 4192
f 4187 4188 4192
f 4186 4187 4192
f 4185 4186 4192
f 4184 4185 4192
f 4183 4184 4192
f 4182 4183 4192
f 4181 4182 4192
f 4180 4181 4192
f 4179 4180 4192
f 4178 4179 4192
f 4177 4178 4192
f 4176 4177 4192
f 4157 4158 4159
f 4156 4157 4159
f 4155 4156 4159
f 4154 4155 4159
f 4153 4154 4159
f 4152 4153 4159
f 4151 4152 4159
f 4150 4151 4159
f 4149 4150 4159
f 4148 4149 4159
f 4147 4148 4159
f 4146 4147 4159
f 4145 4146 4159
f 4144 4145 4159
f 4143 4144 4159
f 4142 4143 4159
f 4141 4142 4159
f 4140 4141 4159
f 4139 4140 4159
f 4138 4139 4159
f 4137 4138 4159
f 4136 4137 4159
f 4135 4136 4159
f 4771 4772 4135
f 4770 4771 4135
f 4769 4770 4135
f 4768 4769 4135
f 4767 4768 4135
f 4766 4767 4135
f 4765 4766 4135
f 4764 4765 4135
f 4763 4764 4135
f 4762 4763 4135
f 4761 4762 4135
f 4760 4761 4135
f 4759 4760 4135
f 4758 4759 4135
f 4638 4737 4738
f 4637 4638 4738
f 4704 4637 4738
f 4721 4654 4655
f 4111 4705 4706
f 4089 4095 4096
f 4054 4069 4070
f 4993 4049 4050
f 4037 4994 4995
f 4033 4037 4995
f 4032 4033 4995
f 4031 4032 4995
f 4030 4031 4995
f 4018 4030 4995
f 4017 4018 4995
f 3995 4008 4009
f 3981 4926 4927
f 4808 4890 4891
f 4807 4808 4891
f 4806 4807 4891
f 4874 4824 4825
f 4635 4858 4859
f 4604 4621 4635
f 4603 4604 4635
f 4602 4603 4635
f 4601 4602 4635
f 4600 4601 4635
f 4599 4600 4635
f 4598 4599 4635
f 4597 4598 4635
f 4596 4597 4635
f 4595 4596 4635
f 4594 4595 4635
f 4593 4594 4635
f 4592 4593 4635
f 4591 4592 4635
f 4590 4591 4635
f 4589 4590 4635
f 4588 4589 4635
f 4587 4588 4635
f 4586 4587 4635
f 4585 4586 4635
f 4584 4585 4635
f 4583 4584 4635
f 4582 4583 4635
f 4526 4528 4548
f 4525 4526 4548
f 4524 4525 4548
f 4523 4524 4548
f 4522 4523 4548
f 4521 4522 4548
f 4520 4521 4548
f 4519 4520 4548
f 4518 4519 4548
f 4517 4518 4548
f 4516 4517 4548
f 4515 4516 4548
f 4514 4515 4548
f 4513 4514 4548
f 4512 4513 4548
f 4511 4512 4548
f 4510 4511 4548
f 4509 4510 4548
f 4508 4509 4548
f 4507 4508 4548
f 4506 4507 4548
f 4505 4506 4548
f 4504 4505 4548
f 4503 4504 4548
f 4502 4503 4548
f 4501 4502 4548
f 4483 4493 4494
f 4437 4454 4455
f 4369 4415 4416
f 4323 4331 4332
f 4305 4309 4310
f 4281 4297 4298
f 4253 4281 4298
f 4252 4253 4298
f 4251 4252 4298
f 4250 4251 4298
f 4249 4250 4298
f 4248 4249 4298
f 4247 4248 4298
f 4246 4247 4298
f 4245 4246 4298
f 4242 4245 4298
f 4192 4207 4208
f 4135 4159 4160
f 4758 4135 4160
f 4757 4758 4160
f 4756 4757 4160
f 4755 4756 4160
f 4754 4755 4160
f 4753 4754 4160
f 4752 4753 4160
f 4751 4752 4160
f 4750 4751 4160
f 4749 4750 4160
f 4748 4749 4160
f 4747 4748 4160
f 4746 4747 4160
f 4745 4746 4160
f 4744 4745 4160
f 4743 4744 4160
f 4742 4743 4160
f 4741 4742 4160
f 4740 4741 4160
f 4739 4740 4160
f 4738 4739 4160
f 4704 4738 4160
f 4703 4704 4160
f 4702 4703 4160
f 4701 4702 4160
f 4700 4701 4160
f 4699 4700 4160
f 4698 4699 4160
f 4697 4698 4160
f 4696 4697 4160
f 4695 4696 4160
f 4694 4695 4160
f 4693 4694 4160
f 4692 4693 4160
f 4691 4692 4160
f 4690 4691 4160
f 4689 4690 4160
f 4688 4689 4160
f 4687 4688 4160
f 4686 4687 4160
f 4721 4655 4656
f 4111 4706 4707
f 4089 4096 4097
f 4088 4089 4097
f 4054 4070 4071
f 4993 4050 4051
f 4017 4995 4996
f 3995 4009 4010
f 3981 4927 4928
f 4806 4891 4892
f 4874 4825 4826
f 4635 4859 4860
f 4582 4635 4860
f 4581 4582 4860
f 4580 4581 4860
f 4579 4580 4860
f 4578 4579 4860
f 4577 4578 4860
f 4576 4577 4860
f 4575 4576 4860
f 4574 4575 4860
f 4573 4574 4860
f 4572 4573 4860
f 4571 4572 4860
f 4570 4571 4860
f 4569 4570 4860
f 4568 4569 4860
f 4567 4568 4860
f 4566 4567 4860
f 4565 4566 4860
f 4564 4565 4860
f 4563 4564 4860
f 4562 4563 4860
f 4561 4562 4860
f 4560 4561 4860
f 4559 4560 4860
f 4558 4559 4860
f 4557 4558 4860
f 4556 4557 4860
f 4501 4548 4549
f 4500 4501 4549
f 4499 4500 4549
f 4498 4499 4549
f 4497 4498 4549
f 4496 4497 4549
f 4495 4496 4549
f 4494 4495 4549
f 4437 4455 4456
f 4369 4416 4417
f 4362 4369 4417
f 4361 4362 4417
f 4360 4361 4417
f 4359 4360 4417
f 4358 4359 4417
f 4357 4358 4417
f 4356 4357 4417
f 4355 4356 4417
f 4354 4355 4417
f 4353 4354 4417
f 4352 4353 4417
f 4351 4352 4417
f 4350 4351 4417
f 4323 4332 4333
f 4305 4310 4311
f 4304 4305 4311
f 4242 4298 4299
f 4192 4208 4209
f 4686 4160 4161
f 4721 4656 4657
f 4111 4707 4708
f 4054 4071 4072
f 4993 4051 4052
f 4992 4993 4052
f 4991 4992 4052
f 4017 4996 4997
f 3995 4010 4011
f 3981 4928 4929
f 4806 4892 4893
f 4874 4826 4827
f 4556 4860 4861
f 4494 4549 4550
f 4483 4494 4550
f 4482 4483 4550
f 4481 4482 4550
f 4480 4481 4550
f 4479 4480 4550
f 4478 4479 4550
f 4477 4478 4550
f 4476 4477 4550
f 4475 4476 4550
f 4474 4475 4550
f 4473 4474 4550
f 4437 4456 4457
f 4350 4417 4418
f 4323 4333 4334
f 4304 4311 4312
f 4242 4299 4300
f 4240 4242 4300
f 4239 4240 4300
f 4238 4239 4300
f 4237 4238 4300
f 4236 4237 4300
f 4235 4236 4300
f 4234 4235 4300
f 4233 4234 4300
f 4232 4233 4300
f 4231 4232 4300
f 4230 4231 4300
f 4229 4230 4300
f 4228 4229 4300
f 4227 4228 4300
f 4192 4209 4210
f 4686 4161 4162
f 4721 4657 4658
f 4111 4708 4709
f 4054 4072 4073
f 4991 4052 4053
f 4017 4997 4998
f 3995 4011 4012
f 3981 4929 4930
f 4806 4893 4894
f 4874 4827 4828
f 4556 4861 4862
f 4473 4550 4551
f 4437 4457 4458
f 4350 4418 4419
f 4323 4334 4335
f 4304 4312 4313
f 4227 4300 4301
f 4192 4210 4211
f 4686 4162 4163
f 4721 4658 4659
f 4111 4709 4710
f 4054 4073 4074
f 4991 4053 4054
f 4990 4991 4054
f 4989 4990 4054
f 4988 4989 4054
f 4987 4988 4054
f 4986 4987 4054
f 4985 4986 4054
f 4984 4985 4054
f 4983 4984 4054
f 4982 4983 4054
f 4981 4982 4054
f 4980 4981 4054
f 4979 4980 4054
f 4978 4979 4054
f 4977 4978 4054
f 5044 4977 4054
f 5043 5044 4054
f 5042 5043 4054
f 5041 5042 4054
f 5040 5041 4054
f 4017 4998 4999
f 3995 4012 4013
f 3981 4930 4931
f 4806 4894 4895
f 4874 4828 4829
f 4556 4862 4863
f 4473 4551 4552
f 4437 4458 4459
f 4350 4419 4420
f 4323 4335 4336
f 4304 4313 4314
f 4227 4301 4302
f 4192 4211 4212
f 4686 4163 4164
f 4721 4659 4660
f 4111 4710 4711
f 4054 4074 4075
f 4017 4999 5000
f 3995 4013 4014
f 3981 4931 4932
f 4806 4895 4896
f 4874 4829 4830
f 4556 4863 4864
f 4473 4552 4553
f 4350 4420 4421
f 4323 4336 4337
f 4304 4314 4315
f 4227 4302 4303
f 4192 4212 4213
f 4686 4164 4165
f 4721 4660 4661
f 4111 4711 4712
f 4054 4075 4076
f 4017 5000 5001
f 3995 4014 4015
f 3981 4932 4933
f 4806 4896 4897
f 4874 4830 4831
f 4556 4864 4865
f 4473 4553 4554
f 4350 4421 4422
f 4323 4337 4338
f 4227 4303 4304
f 4192 4213 4214
f 4686 4165 4166
f 4721 4661 4662
f 4111 4712 4713
f 4054 4076 4077
f 4017 5001 5002
f 3995 4015 4016
f 4925 3995 4016
f 3981 4933 4934
f 4806 4897 4898
f 4874 4831 4832
f 4556 4865 4866
f 4473 4554 4555
f 4350 4422 4423
f 4323 4338 4339
f 4227 4304 4315
f 4192 4214 4215
f 4686 4166 4167
f 4721 4662 4663
f 4111 4713 4714
f 4054 4077 4078
f 4017 5002 5003
f 4925 4016 4017
f 3981 4934 4935
f 4806 4898 4899
f 4874 4832 4833
f 4556 4866 4867
f 4473 4555 4556
f 4350 4423 4424
f 4323 4339 4340
f 4227 4315 4316
f 4192 4215 4216
f 4686 4167 4168
f 4721 4663 4664
f 4111 4714 4715
f 4054 4078 4079
f 4017 5003 5004
f 3981 4935 4936
f 4806 4899 4900
f 4874 4833 4834
f 4556 4867 4868
f 4473 4556 4868
f 4472 4473 4868
f 4471 4472 4868
f 4470 4471 4868
f 4469 4470 4868
f 4468 4469 4868
f 4467 4468 4868
f 4466 4467 4868
f 4465 4466 4868
f 4464 4465 4868
f 4463 4464 4868
f 4462 4463 4868
f 4461 4462 4868
f 4460 4461 4868
f 4459 4460 4868
f 4437 4459 4868
f 4436 4437 4868
f 4435 4436 4868
f 4434 4435 4868
f 4433 4434 4868
f 4432 4433 4868
f 4431 4432 4868
f 4430 4431 4868
f 4429 4430 4868
f 4350 4424 4425
f 4323 4340 4341
f 4227 4316 4317
f 4192 4216 4217
f 4176 4192 4217
f 4686 4168 4169
f 4721 4664 4665
f 4111 4715 4716
f 4054 4079 4080
f 4017 5004 5005
f 3981 4936 4937
f 4806 4900 4901
f 4874 4834 4835
f 4429 4868 4869
f 4350 4425 4426
f 4323 4341 4342
f 4227 4317 4318
f 4176 4217 4218
f 4686 4169 4170
f 4721 4665 4666
f 4111 4716 4717
f 4054 4080 4081
f 4017 5005 5006
f 3981 4937 4938
f 4845 3981 4938
f 4844 4845 4938
f 4843 4844 4938
f 4842 4843 4938
f 4841 4842 4938
f 4908 4841 4938
f 4907 4908 4938
f 4906 4907 4938
f 4905 4906 4938
f 4904 4905 4938
f 4806 4901 4902
f 4874 4835 4836
f 4429 4869 4870
f 4350 4426 4427
f 4323 4342 4343
f 4227 4318 4319
f 4176 4218 4219
f 4686 4170 4171
f 4721 4666 4667
f 4111 4717 4718
f 4054 4081 4082
f 4017 5006 5007
f 4904 4938 4939
f 4806 4902 4903
f 4874 4836 4837
f 4429 4870 4871
f 4350 4427 4428
f 4323 4343 4344
f 4227 4319 4320
f 4176 4219 4220
f 4686 4171 4172
f 4721 4667 4668
f 4111 4718 4719
f 4017 5007 5008
f 4904 4939 4940
f 4806 4903 4904
f 4874 4837 4838
f 4429 4871 4872
f 4350 4428 4429
f 4323 4344 4345
f 4227 4320 4321
f 4176 4220 4221
f 4686 4172 4173
f 4721 4668 4669
f 4111 4719 4720
f 4017 5008 5009
f 4925 4017 5009
f 4904 4940 4941
f 4806 4904 4941
f 4805 4806 4941
f 4804 4805 4941
f 4803 4804 4941
f 4802 4803 4941
f 4874 4838 4839
f 4429 4872 4873
f 4350 4429 4873
f 4349 4350 4873
f 4348 4349 4873
f 4347 4348 4873
f 4346 4347 4873
f 4345 4346 4873
f 4323 4345 4873
f 4322 4323 4873
f 4321 4322 4873
f 4176 4221 4222
f 4686 4173 4174
f 4111 4720 4721
f 4925 5009 5010
f 4802 4941 4942
f 4321 4873 4874
f 4176 4222 4223
f 4175 4176 4223
f 4686 4174 4175
f 4111 4721 4669
f 4110 4111 4669
f 4925 5010 5011
f 4802 4942 4943
f 4321 4874 4839
f 4175 4223 4224
f 4110 4669 4670
f 4925 5011 5012
f 4802 4943 4944
f 4321 4839 4840
f 4175 4224 4225
f 4110 4670 4671
f 4925 5012 5013
f 4802 4944 4945
f 4321 4840 4773
f 4175 4225 4226
f 4925 5013 5014
f 4802 4945 4946
f 4321 4773 4774
f 4175 4226 4227
f 4925 5014 5015
f 4802 4946 4947
f 4321 4774 4775
f 4175 4227 4321
f 4686 4175 4321
f 4685 4686 4321
f 4684 4685 4321
f 4683 4684 4321
f 4682 4683 4321
f 4681 4682 4321
f 4680 4681 4321
f 4679 4680 4321
f 4678 4679 4321
f 4677 4678 4321
f 4676 4677 4321
f 4675 4676 4321
f 4674 4675 4321
f 4673 4674 4321
f 4672 4673 4321
f 4671 4672 4321
f 4110 4671 4321
f 4109 4110 4321
f 4925 5015 5016
f 4802 4947 4948
f 4321 4775 4776
f 4925 5016 5017
f 4802 4948 4949
f 4321 4776 4777
f 4925 5017 5018
f 4802 4949 4950
f 4321 4777 4778
f 4925 5018 5019
f 4802 4950 4951
f 4321 4778 4779
f 4925 5019 5020
f 4802 4951 4952
f 4321 4779 4780
f 4925 5020 5021
f 4802 4952 4953
f 4321 4780 4781
f 4925 5021 5022
f 4802 4953 4954
f 4321 4781 4782
f 4925 5022 5023
f 4802 4954 4955
f 4321 4782 4783
f 4925 5023 5024
f 4802 4955 4956
f 4321 4783 4784
f 4925 5024 5025
f 4924 4925 5025
f 4923 4924 5025
f 4802 4956 4957
f 4321 4784 4785
f 4923 5025 5026
f 4802 4957 4958
f 4321 4785 4786
f 4923 5026 5027
f 4922 4923 5027
f 4921 4922 5027
f 4920 4921 5027
f 4919 4920 5027
f 4918 4919 5027
f 4321 4786 4787
f 4918 5027 5028
f 4321 4787 4788
f 4918 5028 5029
f 4321 4788 4789
f 4918 5029 5030
f 4321 4789 4790
f 4918 5030 5031
f 4321 4790 4791
f 4918 5031 5032
f 4321 4791 4792
f 4918 5032 5033
f 4321 4792 4793
f 4918 5033 5034
f 4321 4793 4794
f 4918 5034 5035
f 4321 4794 4795
f 4109 4321 4795
f 4918 5035 5036
f 4109 4795 4796
f 4918 5036 5037
f 4109 4796 4797
f 4918 5037 5038
f 4109 4797 4798
f 4918 5038 5039
f 4109 4798 4799
f 4108 4109 4799
f 4107 4108 4799
f 4106 4107 4799
f 4105 4106 4799
f 4104 4105 4799
f 4103 4104 4799
f 4102 4103 4799
f 4918 5039 5040
f 4102 4799 4800
f 4918 5040 4054
f 4917 4918 4054
f 4916 4917 4054
f 4915 4916 4054
f 4914 4915 4054
f 4913 4914 4054
f 4912 4913 4054
f 4911 4912 4054
f 4910 4911 4054
f 4909 4910 4054
f 4976 4909 4054
f 4975 4976 4054
f 4974 4975 4054
f 4102 4800 4801
f 4974 4054 4082
f 4973 4974 4082
f 4972 4973 4082
f 4971 4972 4082
f 4970 4971 4082
f 4969 4970 4082
f 4968 4969 4082
f 4967 4968 4082
f 4966 4967 4082
f 4965 4966 4082
f 4964 4965 4082
f 4963 4964 4082
f 4962 4963 4082
f 4961 4962 4082
f 4960 4961 4082
f 4959 4960 4082
f 4958 4959 4082
f 4102 4801 4802
f 4958 4082 4083
f 4102 4802 4958
f 4101 4102 4958
f 4100 4101 4958
f 4099 4100 4958
f 4098 4099 4958
f 4097 4098 4958
f 4088 4097 4958
f 4087 4088 4958
f 4086 4087 4958
f 4085 4086 4958
f 4084 4085 4958
f 4083 4084 4958
f 2893 3970 3969
f 2894 3970 2893
f 2894 3971 3970
f 2895 3971 2894
f 2895 3972 3971
f 2896 3972 2895
f 2896 3973 3972
f 2897 3973 2896
f 2897 3974 3973
f 2898 3974 2897
f 2898 3975 3974
f 2899 3975 2898
f 2899 3976 3975
f 2900 3976 2899
f 2900 3977 3976
f 2901 3977 2900
f 2901 3978 3977
f 2902 3978 2901
f 2902 3979 3978
f 2903 3979 2902
f 2903 3980 3979
f 2904 3980 2903
f 2904 3981 3980
f 2905 3981 2904
f 2905 3982 3981
f 2906 3982 2905
f 2906 3983 3982
f 2907 3983 2906
f 2907 3984 3983
f 2908 3984 2907
f 2908 3985 3984
f 2909 3985 2908
f 2909 3986 3985
f 2910 3986 2909
f 2910 3987 3986
f 2911 3987 2910
f 2911 3988 3987
f 2912 3988 2911
f 2912 3989 3988
f 2913 3989 2912
f 2913 3990 3989
f 2914 3990 2913
f 2914 3991 3990
f 2915 3991 2914
f 2915 3992 3991
f 2916 3992 2915
f 2916 3993 3992
f 2917 3993 2916
f 2917 3994 3993
f 2918 3994 2917
f 2918 3995 3994
f 2919 3995 2918
f 2919 3996 3995
f 2920 3996 2919
f 2920 3997 3996
f 2921 3997 2920
f 2921 3998 3997
f 2922 3998 2921
f 2922 3999 3998
f 2923 3999 2922
f 2923 4000 3999
f 2924 4000 2923
f 2924 4001 4000
f 2925 4001 2924
f 2925 4002 4001
f 2926 4002 2925
f 2926 4003 4002
f 2927 4003 2926
f 2927 4004 4003
f 2928 4004 2927
f 2928 4005 4004
f 2929 4005 2928
f 2929 4006 4005
f 2930 4006 2929
f 2930 4007 4006
f 2931 4007 2930
f 2931 4008 4007
f 2932 4008 2931
f 2932 4009 4008
f 2933 4009 2932
f 2933 4010 4009
f 2934 4010 2933
f 2934 4011 4010
f 2935 4011 2934
f 2935 4012 4011
f 2936 4012 2935
f 2936 4013 4012
f 2937 4013 2936
f 2937 4014 4013
f 2938 4014 2937
f 2938 4015 4014
f 2939 4015 2938
f 2939 4016 4015
f 2940 4016 2939
f 2940 4017 4016
f 2941 4017 2940
f 2941 4018 4017
f 2942 4018 2941
f 2942 4019 4018
f 2943 4019 2942
f 2943 4020 4019
f 2944 4020 2943
f 2944 4021 4020
f 2945 4021 2944
f 2945 4022 4021
f 2946 4022 2945
f 2946 4023 4022
f 2947 4023 2946
f 2947 4024 4023
f 2948 4024 2947
f 2948 4025 4024
f 2949 4025 2948
f 2949 4026 4025
f 2950 4026 2949
f 2950 4027 4026
f 2951 4027 2950
f 2951 4028 4027
f 2952 4028 2951
f 2952 4029 4028
f 2953 4029 2952
f 2953 4030 4029
f 2954 4030 2953
f 2954 4031 4030
f 2955 4031 2954
f 2955 4032 4031
f 2956 4032 2955
f 2956 4033 4032
f 2957 4033 2956
f 2957 4034 4033
f 2958 4034 2957
f 2958 4035 4034
f 2959 4035 2958
f 2959 4036 4035
f 2960 4036 2959
f 2960 4037 4036
f 2961 4037 2960
f 2961 4038 4037
f 2962 4038 2961
f 2962 4039 4038
f 2963 4039 2962
f 2963 4040 4039
f 2964 4040 2963
f 2964 4041 4040
f 2965 4041 2964
f 2965 4042 4041
f 2966 4042 2965
f 2966 4043 4042
f 2967 4043 2966
f 2967 4044 4043
f 2968 4044 2967
f 2968 4045 4044
f 2969 4045 2968
f 2969 4046 4045
f 2970 4046 2969
f 2970 4047 4046
f 2971 4047 2970
f 2971 4048 4047
f 2972 4048 2971
f 2972 4049 4048
f 2973 4049 2972
f 2973 4050 4049
f 2974 4050 2973
f 2974 4051 4050
f 2975 4051 2974
f 2975 4052 4051
f 2976 4052 2975
f 2976 4053 4052
f 2977 4053 2976
f 2977 4054 4053
f 2978 4054 2977
f 2978 4055 4054
f 2979 4055 2978
f 2979 4056 4055
f 2980 4056 2979
f 2980 4057 4056
f 2981 4057 2980
f 2981 4058 4057
f 2982 4058 2981
f 2982 4059 4058
f 2983 4059 2982
f 2983 4060 4059
f 2984 4060 2983
f 2984 4061 4060
f 2985 4061 2984
f 2985 4062 4061
f 2986 4062 2985
f 2986 4063 4062
f 2987 4063 2986
f 2987 4064 4063
f 2988 4064 2987
f 2988 4065 4064
f 2989 4065 2988
f 2989 4066 4065
f 2990 4066 2989
f 2990 4067 4066
f 2991 4067 2990
f 2991 4068 4067
f 2992 4068 2991
f 2992 4069 4068
f 2993 4069 2992
f 2993 4070 4069
f 2994 4070 2993
f 2994 4071 4070
f 2995 4071 2994
f 2995 4072 4071
f 2996 4072 2995
f 2996 4073 4072
f 2997 4073 2996
f 2997 4074 4073
f 2998 4074 2997
f 2998 4075 4074
f 2999 4075 2998
f 2999 4076 4075
f 3000 4076 2999
f 3000 4077 4076
f 3001 4077 3000
f 3001 4078 4077
f 3002 4078 3001
f 3002 4079 4078
f 3003 4079 3002
f 3003 4080 4079
f 3004 4080 3003
f 3004 4081 4080
f 3005 4081 3004
f 3005 4082 4081
f 3006 4082 3005
f 3006 4083 4082
f 3007 4083 3006
f 3007 4084 4083
f 3008 4084 3007
f 3008 4085 4084
f 3009 4085 3008
f 3009 4086 4085
f 3010 4086 3009
f 3010 4087 4086
f 3011 4087 3010
f 3011 4088 4087
f 3012 4088 3011
f 3012 4089 4088
f 3013 4089 3012
f 3013 4090 4089
f 3014 4090 3013
f 3014 4091 4090
f 3015 4091 3014
f 3015 4092 4091
f 3016 4092 3015
f 3016 4093 4092
f 3017 4093 3016
f 3017 4094 4093
f 3018 4094 3017
f 3018 4095 4094
f 3019 4095 3018
f 3019 4096 4095
f 3020 4096 3019
f 3020 4097 4096
f 3021 4097 3020
f 3021 4098 4097
f 3022 4098 3021
f 3022 4099 4098
f 3023 4099 3022
f 3023 4100 4099
f 3024 4100 3023
f 3024 4101 4100
f 3025 4101 3024
f 3025 4102 4101
f 3026 4102 3025
f 3026 4103 4102
f 3027 4103 3026
f 3027 4104 4103
f 3028 4104 3027
f 3028 4105 4104
f 3029 4105 3028
f 3029 4106 4105
f 3030 4106 3029
f 3030 4107 4106
f 3031 4107 3030
f 3031 4108 4107
f 3032 4108 3031
f 3032 4109 4108
f 3033 4109 3032
f 3033 4110 4109
f 3034 4110 3033
f 3034 4111 4110
f 3035 4111 3034
f 3035 4112 4111
f 3036 4112 3035
f 3036 4113 4112
f 3037 4113 3036
f 3037 4114 4113
f 3038 4114 3037
f 3038 4115 4114
f 3039 4115 3038
f 3039 4116 4115
f 3040 4116 3039
f 3040 4117 4116
f 3041 4117 3040
f 3041 4118 4117
f 3042 4118 3041
f 3042 4119 4118
f 3043 4119 3042
f 3043 4120 4119
f 3044 4120 3043
f 3044 4121 4120
f 3045 4121 3044
f 3045 4122 4121
f 3046 4122 3045
f 3046 4123 4122
f 3047 4123 3046
f 3047 4124 4123
f 3048 4124 3047
f 3048 4125 4124
f 3049 4125 3048
f 3049 4126 4125
f 3050 4126 3049
f 3050 4127 4126
f 3051 4127 3050
f 3051 4128 4127
f 3052 4128 3051
f 3052 4129 4128
f 3053 4129 3052
f 3053 4130 4129
f 3054 4130 3053
f 3054 4131 4130
f 3055 4131 3054
f 3055 4132 4131
f 3056 4132 3055
f 3056 4133 4132
f 3057 4133 3056
f 3057 4134 4133
f 3058 4134 3057
f 3058 4135 4134
f 3059 4135 3058
f 3059 4136 4135
f 3060 4136 3059
f 3060 4137 4136
f 3061 4137 3060
f 3061 4138 4137
f 3062 4138 3061
f 3062 4139 4138
f 3063 4139 3062
f 3063 4140 4139
f 3064 4140 3063
f 3064 4141 4140
f 3065 4141 3064
f 3065 4142 4141
f 3066 4142 3065
f 3066 4143 4142
f 3067 4143 3066
f 3067 4144 4143
f 3068 4144 3067
f 3068 4145 4144
f 3069 4145 3068
f 3069 4146 4145
f 3070 4146 3069
f 3070 4147 4146
f 3071 4147 3070
f 3071 4148 4147
f 3072 4148 3071
f 3072 4149 4148
f 3073 4149 3072
f 3073 4150 4149
f 3074 4150 3073
f 3074 4151 4150
f 3075 4151 3074
f 3075 4152 4151
f 3076 4152 3075
f 3076 4153 4152
f 3077 4153 3076
f 3077 4154 4153
f 3078 4154 3077
f 3078 4155 4154
f 3079 4155 3078
f 3079 4156 4155
f 3080 4156 3079
f 3080 4157 4156
f 3081 4157 3080
f 3081 4158 4157
f 3082 4158 3081
f 3082 4159 4158
f 3083 4159 3082
f 3083 4160 4159
f 3084 4160 3083
f 3084 4161 4160
f 3085 4161 3084
f 3085 4162 4161
f 3086 4162 3085
f 3086 4163 4162
f 3087 4163 3086
f 3087 4164 4163
f 3088 4164 3087
f 3088 4165 4164
f 3089 4165 3088
f 3089 4166 4165
f 3090 4166 3089
f 3090 4167 4166
f 3091 4167 3090
f 3091 4168 4167
f 3092 4168 3091
f 3092 4169 4168
f 3093 4169 3092
f 3093 4170 4169
f 3094 4170 3093
f 3094 4171 4170
f 3095 4171 3094
f 3095 4172 4171
f 3096 4172 3095
f 3096 4173 4172
f 3097 4173 3096
f 3097 4174 4173
f 3098 4174 3097
f 3098 4175 4174
f 3099 4175 3098
f 3099 4176 4175
f 3100 4176 3099
f 3100 4177 4176
f 3101 4177 3100
f 3101 4178 4177
f 3102 4178 3101
f 3102 4179 4178
f 3103 4179 3102
f 3103 4180 4179
f 3104 4180 3103
f 3104 4181 4180
f 3105 4181 3104
f 3105 4182 4181
f 3106 4182 3105
f 3106 4183 4182
f 3107 4183 3106
f 3107 4184 4183
f 3108 4184 3107
f 3108 4185 4184
f 3109 4185 3108
f 3109 4186 4185
f 3110 4186 3109
f 3110 4187 4186
f 3111 4187 3110
f 3111 4188 4187
f 3112 4188 3111
f 3112 4189 4188
f 3113 4189 3112
f 3113 4190 4189
f 3114 4190 3113
f 3114 4191 4190
f 3115 4191 3114
f 3115 4192 4191
f 3116 4192 3115
f 3116 4193 4192
f 3117 4193 3116
f 3117 4194 4193
f 3118 4194 3117
f 3118 4195 4194
f 3119 4195 3118
f 3119 4196 4195
f 3120 4196 3119
f 3120 4197 4196
f 3121 4197 3120
f 3121 4198 4197
f 3122 4198 3121
f 3122 4199 4198
f 3123 4199 3122
f 3123 4200 4199
f 3124 4200 3123
f 3124 4201 4200
f 3125 4201 3124
f 3125 4202 4201
f 3126 4202 3125
f 3126 4203 4202
f 3127 4203 3126
f 3127 4204 4203
f 3128 4204 3127
f 3128 4205 4204
f 3129 4205 3128
f 3129 4206 4205
f 3130 4206 3129
f 3130 4207 4206
f 3131 4207 3130
f 3131 4208 4207
f 3132 4208 3131
f 3132 4209 4208
f 3133 4209 3132
f 3133 4210 4209
f 3134 4210 3133
f 3134 4211 4210
f 3135 4211 3134
f 3135 4212 4211
f 3136 4212 3135
f 3136 4213 4212
f 3137 4213 3136
f 3137 4214 4213
f 3138 4214 3137
f 3138 4215 4214
f 3139 4215 3138
f 3139 4216 4215
f 3140 4216 3139
f 3140 4217 4216
f 3141 4217 3140
f 3141 4218 4217
f 3142 4218 3141
f 3142 4219 4218
f 3143 4219 3142
f 3143 4220 4219
f 3144 4220 3143
f 3144 4221 4220
f 3145 4221 3144
f 3145 4222 4221
f 3146 4222 3145
f 3146 4223 4222
f 3147 4223 3146
f 3147 4224 4223
f 3148 4224 3147
f 3148 4225 4224
f 3149 4225 3148
f 3149 4226 4225
f 3150 4226 3149
f 3150 4227 4226
f 3151 4227 3150
f 3151 4228 4227
f 3152 4228 3151
f 3152 4229 4228
f 3153 4229 3152
f 3153 4230 4229
f 3154 4230 3153
f 3154 4231 4230
f 3155 4231 3154
f 3155 4232 4231
f 3156 4232 3155
f 3156 4233 4232
f 3157 4233 3156
f 3157 4234 4233
f 3158 4234 3157
f 3158 4235 4234
f 3159 4235 3158
f 3159 4236 4235
f 3160 4236 3159
f 3160 4237 4236
f 3161 4237 3160
f 3161 4238 4237
f 3162 4238 3161
f 3162 4239 4238
f 3163 4239 3162
f 3163 4240 4239
f 3164 4240 3163
f 3164 4241 4240
f 3165 4241 3164
f 3165 4242 4241
f 3166 4242 3165
f 3166 4243 4242
f 3167 4243 3166
f 3167 4244 4243
f 3168 4244 3167
f 3168 4245 4244
f 3169 4245 3168
f 3169 4246 4245
f 3170 4246 3169
f 3170 4247 4246
f 3171 4247 3170
f 3171 4248 4247
f 3172 4248 3171
f 3172 4249 4248
f 3173 4249 3172
f 3173 4250 4249
f 3174 4250 3173
f 3174 4251 4250
f 3175 4251 3174
f 3175 4252 4251
f 3176 4252 3175
f 3176 4253 4252
f 3177 4253 3176
f 3177 4254 4253
f 3178 4254 3177
f 3178 4255 4254
f 3179 4255 3178
f 3179 4256 4255
f 3180 4256 3179
f 3180 4257 4256
f 3181 4257 3180
f 3181 4258 4257
f 3182 4258 3181
f 3182 4259 4258
f 3183 4259 3182
f 3183 4260 4259
f 3184 4260 3183
f 3184 4261 4260
f 3185 4261 3184
f 3185 4262 4261
f 3186 4262 3185
f 3186 4263 4262
f 3187 4263 3186
f 3187 4264 4263
f 3188 4264 3187
f 3188 4265 4264
f 3189 4265 3188
f 3189 4266 4265
f 3190 4266 3189
f 3190 4267 4266
f 3191 4267 3190
f 3191 4268 4267
f 3192 4268 3191
f 3192 4269 4268
f 3193 4269 3192
f 3193 4270 4269
f 3194 4270 3193
f 3194 4271 4270
f 3195 4271 3194
f 3195 4272 4271
f 3196 4272 3195
f 3196 4273 4272
f 3197 4273 3196
f 3197 4274 4273
f 3198 4274 3197
f 3198 4275 4274
f 3199 4275 3198
f 3199 4276 4275
f 3200 4276 3199
f 3200 4277 4276
f 3201 4277 3200
f 3201 4278 4277
f 3202 4278 3201
f 3202 4279 4278
f 3203 4279 3202
f 3203 4280 4279
f 3204 4280 3203
f 3204 4281 4280
f 3205 4281 3204
f 3205 4282 4281
f 3206 4282 3205
f 3206 4283 4282
f 3207 4283 3206
f 3207 4284 4283
f 3208 4284 3207
f 3208 4285 4284
f 3209 4285 3208
f 3209 4286 4285
f 3210 4286 3209
f 3210 4287 4286
f 3211 4287 3210
f 3211 4288 4287
f 3212 4288 3211
f 3212 4289 4288
f 3213 4289 3212
f 3213 4290 4289
f 3214 4290 3213
f 3214 4291 4290
f 3215 4291 3214
f 3215 4292 4291
f 3216 4292 3215
f 3216 4293 4292
f 3217 4293 3216
f 3217 4294 4293
f 3218 4294 3217
f 3218 4295 4294
f 3219 4295 3218
f 3219 4296 4295
f 3220 4296 3219
f 3220 4297 4296
f 3221 4297 3220
f 3221 4298 4297
f 3222 4298 3221
f 3222 4299 4298
f 3223 4299 3222
f 3223 4300 4299
f 3224 4300 3223
f 3224 4301 4300
f 3225 4301 3224
f 3225 4302 4301
f 3226 4302 3225
f 3226 4303 4302
f 3227 4303 3226
f 3227 4304 4303
f 3228 4304 3227
f 3228 4305 4304
f 3229 4305 3228
f 3229 4306 4305
f 3230 4306 3229
f 3230 4307 4306
f 3231 4307 3230
f 3231 4308 4307
f 3232 4308 3231
f 3232 4309 4308
f 3233 4309 3232
f 3233 4310 4309
f 3234 4310 3233
f 3234 4311 4310
f 3235 4311 3234
f 3235 4312 4311
f 3236 4312 3235
f 3236 4313 4312
f 3237 4313 3236
f 3237 4314 4313
f 3238 4314 3237
f 3238 4315 4314
f 3239 4315 3238
f 3239 4316 4315
f 3240 4316 3239
f 3240 4317 4316
f 3241 4317 3240
f 3241 4318 4317
f 3242 4318 3241
f 3242 4319 4318
f 3243 4319 3242
f 3243 4320 4319
f 3244 4320 3243
f 3244 4321 4320
f 3245 4321 3244
f 3245 4322 4321
f 3246 4322 3245
f 3246 4323 4322
f 3247 4323 3246
f 3247 4324 4323
f 3248 4324 3247
f 3248 4325 4324
f 3249 4325 3248
f 3249 4326 4325
f 3250 4326 3249
f 3250 4327 4326
f 3251 4327 3250
f 3251 4328 4327
f 3252 4328 3251
f 3252 4329 4328
f 3253 4329 3252
f 3253 4330 4329
f 3254 4330 3253
f 3254 4331 4330
f 3255 4331 3254
f 3255 4332 4331
f 3256 4332 3255
f 3256 4333 4332
f 3257 4333 3256
f 3257 4334 4333
f 3258 4334 3257
f 3258 4335 4334
f 3259 4335 3258
f 3259 4336 4335
f 3260 4336 3259
f 3260 4337 4336
f 3261 4337 3260
f 3261 4338 4337
f 3262 4338 3261
f 3262 4339 4338
f 3263 4339 3262
f 3263 4340 4339
f 3264 4340 3263
f 3264 4341 4340
f 3265 4341 3264
f 3265 4342 4341
f 3266 4342 3265
f 3266 4343 4342
f 3267 4343 3266
f 3267 4344 4343
f 3268 4344 3267
f 3268 4345 4344
f 3269 4345 3268
f 3269 4346 4345
f 3270 4346 3269
f 3270 4347 4346
f 3271 4347 3270
f 3271 4348 4347
f 3272 4348 3271
f 3272 4349 4348
f 3273 4349 3272
f 3273 4350 4349
f 3274 4350 3273
f 3274 4351 4350
f 3275 4351 3274
f 3275 4352 4351
f 3276 4352 3275
f 3276 4353 4352
f 3277 4353 3276
f 3277 4354 4353
f 3278 4354 3277
f 3278 4355 4354
f 3279 4355 3278
f 3279 4356 4355
f 3280 4356 3279
f 3280 4357 4356
f 3281 4357 3280
f 3281 4358 4357
f 3282 4358 3281
f 3282 4359 4358
f 3283 4359 3282
f 3283 4360 4359
f 3284 4360 3283
f 3284 4361 4360
f 3285 4361 3284
f 3285 4362 4361
f 3286 4362 3285
f 3286 4363 4362
f 3287 4363 3286
f 3287 4364 4363
f 3288 4364 3287
f 3288 4365 4364
f 3289 4365 3288
f 3289 4366 4365
f 3290 4366 3289
f 3290 4367 4366
f 3291 4367 3290
f 3291 4368 4367
f 3292 4368 3291
f 3292 4369 4368
f 3293 4369 3292
f 3293 4370 4369
f 3294 4370 3293
f 3294 4371 4370
f 3295 4371 3294
f 3295 4372 4371
f 3296 4372 3295
f 3296 4373 4372
f 3297 4373 3296
f 3297 4374 4373
f 3298 4374 3297
f 3298 4375 4374
f 3299 4375 3298
f 3299 4376 4375
f 3300 4376 3299
f 3300 4377 4376
f 3301 4377 3300
f 3301 4378 4377
f 3302 4378 3301
f 3302 4379 4378
f 3303 4379 3302
f 3303 4380 4379
f 3304 4380 3303
f 3304 4381 4380
f 3305 4381 3304
f 3305 4382 4381
f 3306 4382 3305
f 3306 4383 4382
f 3307 4383 3306
f 3307 4384 4383
f 3308 4384 3307
f 3308 4385 4384
f 3309 4385 3308
f 3309 4386 4385
f 3310 4386 3309
f 3310 4387 4386
f 3311 4387 3310
f 3311 4388 4387
f 3312 4388 3311
f 3312 4389 4388
f 3313 4389 3312
f 3313 4390 4389
f 3314 4390 3313
f 3314 4391 4390
f 3315 4391 3314
f 3315 4392 4391
f 3316 4392 3315
f 3316 4393 4392
f 3317 4393 3316
f 3317 4394 4393
f 3318 4394 3317
f 3318 4395 4394
f 3319 4395 3318
f 3319 4396 4395
f 3320 4396 3319
f 3320 4397 4396
f 3321 4397 3320
f 3321 4398 4397
f 3322 4398 3321
f 3322 4399 4398
f 3323 4399 3322
f 3323 4400 4399
f 3324 4400 3323
f 3324 4401 4400
f 3325 4401 3324
f 3325 4402 4401
f 3326 4402 3325
f 3326 4403 4402
f 3327 4403 3326
f 3327 4404 4403
f 3328 4404 3327
f 3328 4405 4404
f 3329 4405 3328
f 3329 4406 4405
f 3330 4406 3329
f 3330 4407 4406
f 3331 4407 3330
f 3331 4408 4407
f 3332 4408 3331
f 3332 4409 4408
f 3333 4409 3332
f 3333 4410 4409
f 3334 4410 3333
f 3334 4411 4410
f 3335 4411 3334
f 3335 4412 4411
f 3336 4412 3335
f 3336 4413 4412
f 3337 4413 3336
f 3337 4414 4413
f 3338 4414 3337
f 3338 4415 4414
f 3339 4415 3338
f 3339 4416 4415
f 3340 4416 3339
f 3340 4417 4416
f 3341 4417 3340
f 3341 4418 4417
f 3342 4418 3341
f 3342 4419 4418
f 3343 4419 3342
f 3343 4420 4419
f 3344 4420 3343
f 3344 4421 4420
f 3345 4421 3344
f 3345 4422 4421
f 3346 4422 3345
f 3346 4423 4422
f 3347 4423 3346
f 3347 4424 4423
f 3348 4424 3347
f 3348 4425 4424
f 3349 4425 3348
f 3349 4426 4425
f 3350 4426 3349
f 3350 4427 4426
f 3351 4427 3350
f 3351 4428 4427
f 3352 4428 3351
f 3352 4429 4428
f 3353 4429 3352
f 3353 4430 4429
f 3354 4430 3353
f 3354 4431 4430
f 3355 4431 3354
f 3355 4432 4431
f 3356 4432 3355
f 3356 4433 4432
f 3357 4433 3356
f 3357 4434 4433
f 3358 4434 3357
f 3358 4435 4434
f 3359 4435 3358
f 3359 4436 4435
f 3360 4436 3359
f 3360 4437 4436
f 3361 4437 3360
f 3361 4438 4437
f 3362 4438 3361
f 3362 4439 4438
f 3363 4439 3362
f 3363 4440 4439
f 3364 4440 3363
f 3364 4441 4440
f 3365 4441 3364
f 3365 4442 4441
f 3366 4442 3365
f 3366 4443 4442
f 3367 4443 3366
f 3367 4444 4443
f 3368 4444 3367
f 3368 4445 4444
f 3369 4445 3368
f 3369 4446 4445
f 3370 4446 3369
f 3370 4447 4446
f 3371 4447 3370
f 3371 4448 4447
f 3372 4448 3371
f 3372 4449 4448
f 3373 4449 3372
f 3373 4450 4449
f 3374 4450 3373
f 3374 4451 4450
f 3375 4451 3374
f 3375 4452 4451
f 3376 4452 3375
f 3376 4453 4452
f 3377 4453 3376
f 3377 4454 4453
f 3378 4454 3377
f 3378 4455 4454
f 3379 4455 3378
f 3379 4456 4455
f 3380 4456 3379
f 3380 4457 4456
f 3381 4457 3380
f 3381 4458 4457
f 3382 4458 3381
f 3382 4459 4458
f 3383 4459 3382
f 3383 4460 4459
f 3384 4460 3383
f 3384 4461 4460
f 3385 4461 3384
f 3385 4462 4461
f 3386 4462 3385
f 3386 4463 4462
f 3387 4463 3386
f 3387 4464 4463
f 3388 4464 3387
f 3388 4465 4464
f 3389 4465 3388
f 3389 4466 4465
f 3390 4466 3389
f 3390 4467 4466
f 3391 4467 3390
f 3391 4468 4467
f 3392 4468 3391
f 3392 4469 4468
f 3393 4469 3392
f 3393 4470 4469
f 3394 4470 3393
f 3394 4471 4470
f 3395 4471 3394
f 3395 4472 4471
f 3396 4472 3395
f 3396 4473 4472
f 3397 4473 3396
f 3397 4474 4473
f 3398 4474 3397
f 3398 4475 4474
f 3399 4475 3398
f 3399 4476 4475
f 3400 4476 3399
f 3400 4477 4476
f 3401 4477 3400
f 3401 4478 4477
f 3402 4478 3401
f 3402 4479 4478
f 3403 4479 3402
f 3403 4480 4479
f 3404 4480 3403
f 3404 4481 4480
f 3405 4481 3404
f 3405 4482 4481
f 3406 4482 3405
f 3406 4483 4482
f 3407 4483 3406
f 3407 4484 4483
f 3408 4484 3407
f 3408 4485 4484
f 3409 4485 3408
f 3409 4486 4485
f 3410 4486 3409
f 3410 4487 4486
f 3411 4487 3410
f 3411 4488 4487
f 3412 4488 3411
f 3412 4489 4488
f 3413 4489 3412
f 3413 4490 4489
f 3414 4490 3413
f 3414 4491 4490
f 3415 4491 3414
f 3415 4492 4491
f 3416 4492 3415
f 3416 4493 4492
f 3417 4493 3416
f 3417 4494 4493
f 3418 4494 3417
f 3418 4495 4494
f 3419 4495 3418
f 3419 4496 4495
f 3420 4496 3419
f 3420 4497 4496
f 3421 4497 3420
f 3421 4498 4497
f 3422 4498 3421
f 3422 4499 4498
f 3423 4499 3422
f 3423 4500 4499
f 3424 4500 3423
f 3424 4501 4500
f 3425 4501 3424
f 3425 4502 4501
f 3426 4502 3425
f 3426 4503 4502
f 3427 4503 3426
f 3427 4504 4503
f 3428 4504 3427
f 3428 4505 4504
f 3429 4505 3428
f 3429 4506 4505
f 3430 4506 3429
f 3430 4507 4506
f 3431 4507 3430
f 3431 4508 4507
f 3432 4508 3431
f 3432 4509 4508
f 3433 4509 3432
f 3433 4510 4509
f 3434 4510 3433
f 3434 4511 4510
f 3435 4511 3434
f 3435 4512 4511
f 3436 4512 3435
f 3436 4513 4512
f 3437 4513 3436
f 3437 4514 4513
f 3438 4514 3437
f 3438 4515 4514
f 3439 4515 3438
f 3439 4516 4515
f 3440 4516 3439
f 3440 4517 4516
f 3441 4517 3440
f 3441 4518 4517
f 3442 4518 3441
f 3442 4519 4518
f 3443 4519 3442
f 3443 4520 4519
f 3444 4520 3443
f 3444 4521 4520
f 3445 4521 3444
f 3445 4522 4521
f 3446 4522 3445
f 3446 4523 4522
f 3447 4523 3446
f 3447 4524 4523
f 3448 4524 3447
f 3448 4525 4524
f 3449 4525 3448
f 3449 4526 4525
f 3450 4526 3449
f 3450 4527 4526
f 3451 4527 3450
f 3451 4528 4527
f 3452 4528 3451
f 3452 4529 4528
f 3453 4529 3452
f 3453 4530 4529
f 3454 4530 3453
f 3454 4531 4530
f 3455 4531 3454
f 3455 4532 4531
f 3456 4532 3455
f 3456 4533 4532
f 3457 4533 3456
f 3457 4534 4533
f 3458 4534 3457
f 3458 4535 4534
f 3459 4535 3458
f 3459 4536 4535
f 3460 4536 3459
f 3460 4537 4536
f 3461 4537 3460
f 3461 4538 4537
f 3462 4538 3461
f 3462 4539 4538
f 3463 4539 3462
f 3463 4540 4539
f 3464 4540 3463
f 3464 4541 4540
f 3465 4541 3464
f 3465 4542 4541
f 3466 4542 3465
f 3466 4543 4542
f 3467 4543 3466
f 3467 4544 4543
f 3468 4544 3467
f 3468 4545 4544
f 3469 4545 3468
f 3469 4546 4545
f 3470 4546 3469
f 3470 4547 4546
f 3471 4547 3470
f 3471 4548 4547
f 3472 4548 3471
f 3472 4549 4548
f 3473 4549 3472
f 3473 4550 4549
f 3474 4550 3473
f 3474 4551 4550
f 3475 4551 3474
f 3475 4552 4551
f 3476 4552 3475
f 3476 4553 4552
f 3477 4553 3476
f 3477 4554 4553
f 3478 4554 3477
f 3478 4555 4554
f 3479 4555 3478
f 3479 4556 4555
f 3480 4556 3479
f 3480 4557 4556
f 3481 4557 3480
f 3481 4558 4557
f 3482 4558 3481
f 3482 4559 4558
f 3483 4559 3482
f 3483 4560 4559
f 3484 4560 3483
f 3484 4561 4560
f 3485 4561 3484
f 3485 4562 4561
f 3486 4562 3485
f 3486 4563 4562
f 3487 4563 3486
f 3487 4564 4563
f 3488 4564 3487
f 3488 4565 4564
f 3489 4565 3488
f 3489 4566 4565
f 3490 4566 3489
f 3490 4567 4566
f 3491 4567 3490
f 3491 4568 4567
f 3492 4568 3491
f 3492 4569 4568
f 3493 4569 3492
f 3493 4570 4569
f 3494 4570 3493
f 3494 4571 4570
f 3495 4571 3494
f 3495 4572 4571
f 3496 4572 3495
f 3496 4573 4572
f 3497 4573 3496
f 3497 4574 4573
f 3498 4574 3497
f 3498 4575 4574
f 3499 4575 3498
f 3499 4576 4575
f 3500 4576 3499
f 3500 4577 4576
f 3501 4577 3500
f 3501 4578 4577
f 3502 4578 3501
f 3502 4579 4578
f 3503 4579 3502
f 3503 4580 4579
f 3504 4580 3503
f 3504 4581 4580
f 3505 4581 3504
f 3505 4582 4581
f 3506 4582 3505
f 3506 4583 4582
f 3507 4583 3506
f 3507 4584 4583
f 3508 4584 3507
f 3508 4585 4584
f 3509 4585 3508
f 3509 4586 4585
f 3510 4586 3509
f 3510 4587 4586
f 3511 4587 3510
f 3511 4588 4587
f 3512 4588 3511
f 3512 4589 4588
f 3513 4589 3512
f 3513 4590 4589
f 3514 4590 3513
f 3514 4591 4590
f 3515 4591 3514
f 3515 4592 4591
f 3516 4592 3515
f 3516 4593 4592
f 3517 4593 3516
f 3517 4594 4593
f 3518 4594 3517
f 3518 4595 4594
f 3519 4595 3518
f 3519 4596 4595
f 3520 4596 3519
f 3520 4597 4596
f 3521 4597 3520
f 3521 4598 4597
f 3522 4598 3521
f 3522 4599 4598
f 3523 4599 3522
f 3523 4600 4599
f 3524 4600 3523
f 3524 4601 4600
f 3525 4601 3524
f 3525 4602 4601
f 3526 4602 3525
f 3526 4603 4602
f 3527 4603 3526
f 3527 4604 4603
f 3528 4604 3527
f 3528 4605 4604
f 3529 4605 3528
f 3529 4606 4605
f 3530 4606 3529
f 3530 4607 4606
f 3531 4607 3530
f 3531 4608 4607
f 3532 4608 3531
f 3532 4609 4608
f 3533 4609 3532
f 3533 4610 4609
f 3534 4610 3533
f 3534 4611 4610
f 3535 4611 3534
f 3535 4612 4611
f 3536 4612 3535
f 3536 4613 4612
f 3537 4613 3536
f 3537 4614 4613
f 3538 4614 3537
f 3538 4615 4614
f 3539 4615 3538
f 3539 4616 4615
f 3540 4616 3539
f 3540 4617 4616
f 3541 4617 3540
f 3541 4618 4617
f 3542 4618 3541
f 3542 4619 4618
f 3543 4619 3542
f 3543 4620 4619
f 3544 4620 3543
f 3544 4621 4620
f 3545 4621 3544
f 3545 4622 4621
f 3546 4622 3545
f 3546 4623 4622
f 3547 4623 3546
f 3547 4624 4623
f 3548 4624 3547
f 3548 4625 4624
f 3549 4625 3548
f 3549 4626 4625
f 3550 4626 3549
f 3550 4627 4626
f 3551 4627 3550
f 3551 4628 4627
f 3552 4628 3551
f 3552 4629 4628
f 3553 4629 3552
f 3553 4630 4629
f 3554 4630 3553
f 3554 4631 4630
f 3555 4631 3554
f 3555 4632 4631
f 3556 4632 3555
f 3556 4633 4632
f 3557 4633 3556
f 3557 4634 4633
f 3558 4634 3557
f 3558 4635 4634
f 3559 4635 3558
f 3560 3969 4636
f 2893 3969 3560
f 3559 4636 4635
f 3560 4636 3559
f 3561 4638 4637
f 3562 4638 3561
f 3562 4639 4638
f 3563 4639 3562
f 3563 4640 4639
f 3564 4640 3563
f 3564 4641 4640
f 3565 4641 3564
f 3565 4642 4641
f 3566 4642 3565
f 3566 4643 4642
f 3567 4643 3566
f 3567 4644 4643
f 3568 4644 3567
f 3568 4645 4644
f 3569 4645 3568
f 3569 4646 4645
f 3570 4646 3569
f 3570 4647 4646
f 3571 4647 3570
f 3571 4648 4647
f 3572 4648 3571
f 3572 4649 4648
f 3573 4649 3572
f 3573 4650 4649
f 3574 4650 3573
f 3574 4651 4650
f 3575 4651 3574
f 3575 4652 4651
f 3576 4652 3575
f 3576 4653 4652
f 3577 4653 3576
f 3577 4654 4653
f 3578 4654 3577
f 3578 4655 4654
f 3579 4655 3578
f 3579 4656 4655
f 3580 4656 3579
f 3580 4657 4656
f 3581 4657 3580
f 3581 4658 4657
f 3582 4658 3581
f 3582 4659 4658
f 3583 4659 3582
f 3583 4660 4659
f 3584 4660 3583
f 3584 4661 4660
f 3585 4661 3584
f 3585 4662 4661
f 3586 4662 3585
f 3586 4663 4662
f 3587 4663 3586
f 3587 4664 4663
f 3588 4664 3587
f 3588 4665 4664
f 3589 4665 3588
f 3589 4666 4665
f 3590 4666 3589
f 3590 4667 4666
f 3591 4667 3590
f 3591 4668 4667
f 3592 4668 3591
f 3592 4669 4668
f 3593 4669 3592
f 3593 4670 4669
f 3594 4670 3593
f 3594 4671 4670
f 3595 4671 3594
f 3595 4672 4671
f 3596 4672 3595
f 3596 4673 4672
f 3597 4673 3596
f 3597 4674 4673
f 3598 4674 3597
f 3598 4675 4674
f 3599 4675 3598
f 3599 4676 4675
f 3600 4676 3599
f 3600 4677 4676
f 3601 4677 3600
f 3601 4678 4677
f 3602 4678 3601
f 3602 4679 4678
f 3603 4679 3602
f 3603 4680 4679
f 3604 4680 3603
f 3604 4681 4680
f 3605 4681 3604
f 3605 4682 4681
f 3606 4682 3605
f 3606 4683 4682
f 3607 4683 3606
f 3607 4684 4683
f 3608 4684 3607
f 3608 4685 4684
f 3609 4685 3608
f 3609 4686 4685
f 3610 4686 3609
f 3610 4687 4686
f 3611 4687 3610
f 3611 4688 4687
f 3612 4688 3611
f 3612 4689 4688
f 3613 4689 3612
f 3613 4690 4689
f 3614 4690 3613
f 3614 4691 4690
f 3615 4691 3614
f 3615 4692 4691
f 3616 4692 3615
f 3616 4693 4692
f 3617 4693 3616
f 3617 4694 4693
f 3618 4694 3617
f 3618 4695 4694
f 3619 4695 3618
f 3619 4696 4695
f 3620 4696 3619
f 3620 4697 4696
f 3621 4697 3620
f 3621 4698 4697
f 3622 4698 3621
f 3622 4699 4698
f 3623 4699 3622
f 3623 4700 4699
f 3624 4700 3623
f 3624 4701 4700
f 3625 4701 3624
f 3625 4702 4701
f 3626 4702 3625
f 3626 4703 4702
f 3627 4703 3626
f 3628 4637 4704
f 3561 4637 3628
f 3627 4704 4703
f 3628 4704 3627
f 3629 4706 4705
f 3630 4706 3629
f 3630 4707 4706
f 3631 4707 3630
f 3631 4708 4707
f 3632 4708 3631
f 3632 4709 4708
f 3633 4709 3632
f 3633 4710 4709
f 3634 4710 3633
f 3634 4711 4710
f 3635 4711 3634
f 3635 4712 4711
f 3636 4712 3635
f 3636 4713 4712
f 3637 4713 3636
f 3637 4714 4713
f 3638 4714 3637
f 3638 4715 4714
f 3639 4715 3638
f 3639 4716 4715
f 3640 4716 3639
f 3640 4717 4716
f 3641 4717 3640
f 3641 4718 4717
f 3642 4718 3641
f 3642 4719 4718
f 3643 4719 3642
f 3643 4720 4719
f 3644 4720 3643
f 3644 4721 4720
f 3645 4721 3644
f 3645 4722 4721
f 3646 4722 3645
f 3646 4723 4722
f 3647 4723 3646
f 3647 4724 4723
f 3648 4724 3647
f 3648 4725 4724
f 3649 4725 3648
f 3649 4726 4725
f 3650 4726 3649
f 3650 4727 4726
f 3651 4727 3650
f 3651 4728 4727
f 3652 4728 3651
f 3652 4729 4728
f 3653 4729 3652
f 3653 4730 4729
f 3654 4730 3653
f 3654 4731 4730
f 3655 4731 3654
f 3655 4732 4731
f 3656 4732 3655
f 3656 4733 4732
f 3657 4733 3656
f 3657 4734 4733
f 3658 4734 3657
f 3658 4735 4734
f 3659 4735 3658
f 3659 4736 4735
f 3660 4736 3659
f 3660 4737 4736
f 3661 4737 3660
f 3661 4738 4737
f 3662 4738 3661
f 3662 4739 4738
f 3663 4739 3662
f 3663 4740 4739
f 3664 4740 3663
f 3664 4741 4740
f 3665 4741 3664
f 3665 4742 4741
f 3666 4742 3665
f 3666 4743 4742
f 3667 4743 3666
f 3667 4744 4743
f 3668 4744 3667
f 3668 4745 4744
f 3669 4745 3668
f 3669 4746 4745
f 3670 4746 3669
f 3670 4747 4746
f 3671 4747 3670
f 3671 4748 4747
f 3672 4748 3671
f 3672 4749 4748
f 3673 4749 3672
f 3673 4750 4749
f 3674 4750 3673
f 3674 4751 4750
f 3675 4751 3674
f 3675 4752 4751
f 3676 4752 3675
f 3676 4753 4752
f 3677 4753 3676
f 3677 4754 4753
f 3678 4754 3677
f 3678 4755 4754
f 3679 4755 3678
f 3679 4756 4755
f 3680 4756 3679
f 3680 4757 4756
f 3681 4757 3680
f 3681 4758 4757
f 3682 4758 3681
f 3682 4759 4758
f 3683 4759 3682
f 3683 4760 4759
f 3684 4760 3683
f 3684 4761 4760
f 3685 4761 3684
f 3685 4762 4761
f 3686 4762 3685
f 3686 4763 4762
f 3687 4763 3686
f 3687 4764 4763
f 3688 4764 3687
f 3688 4765 4764
f 3689 4765 3688
f 3689 4766 4765
f 3690 4766 3689
f 3690 4767 4766
f 3691 4767 3690
f 3691 4768 4767
f 3692 4768 3691
f 3692 4769 4768
f 3693 4769 3692
f 3693 4770 4769
f 3694 4770 3693
f 3694 4771 4770
f 3695 4771 3694
f 3696 4705 4772
f 3629 4705 3696
f 3695 4772 4771
f 3696 4772 3695
f 3697 4774 4773
f 3698 4774 3697
f 3698 4775 4774
f 3699 4775 3698
f 3699 4776 4775
f 3700 4776 3699
f 3700 4777 4776
f 3701 4777 3700
f 3701 4778 4777
f 3702 4778 3701
f 3702 4779 4778
f 3703 4779 3702
f 3703 4780 4779
f 3704 4780 3703
f 3704 4781 4780
f 3705 4781 3704
f 3705 4782 4781
f 3706 4782 3705
f 3706 4783 4782
f 3707 4783 3706
f 3707 4784 4783
f 3708 4784 3707
f 3708 4785 4784
f 3709 4785 3708
f 3709 4786 4785
f 3710 4786 3709
f 3710 4787 4786
f 3711 4787 3710
f 3711 4788 4787
f 3712 4788 3711
f 3712 4789 4788
f 3713 4789 3712
f 3713 4790 4789
f 3714 4790 3713
f 3714 4791 4790
f 3715 4791 3714
f 3715 4792 4791
f 3716 4792 3715
f 3716 4793 4792
f 3717 4793 3716
f 3717 4794 4793
f 3718 4794 3717
f 3718 4795 4794
f 3719 4795 3718
f 3719 4796 4795
f 3720 4796 3719
f 3720 4797 4796
f 3721 4797 3720
f 3721 4798 4797
f 3722 4798 3721
f 3722 4799 4798
f 3723 4799 3722
f 3723 4800 4799
f 3724 4800 3723
f 3724 4801 4800
f 3725 4801 3724
f 3725 4802 4801
f 3726 4802 3725
f 3726 4803 4802
f 3727 4803 3726
f 3727 4804 4803
f 3728 4804 3727
f 3728 4805 4804
f 3729 4805 3728
f 3729 4806 4805
f 3730 4806 3729
f 3730 4807 4806
f 3731 4807 3730
f 3731 4808 4807
f 3732 4808 3731
f 3732 4809 4808
f 3733 4809 3732
f 3733 4810 4809
f 3734 4810 3733
f 3734 4811 4810
f 3735 4811 3734
f 3735 4812 4811
f 3736 4812 3735
f 3736 4813 4812
f 3737 4813 3736
f 3737 4814 4813
f 3738 4814 3737
f 3738 4815 4814
f 3739 4815 3738
f 3739 4816 4815
f 3740 4816 3739
f 3740 4817 4816
f 3741 4817 3740
f 3741 4818 4817
f 3742 4818 3741
f 3742 4819 4818
f 3743 4819 3742
f 3743 4820 4819
f 3744 4820 3743
f 3744 4821 4820
f 3745 4821 3744
f 3745 4822 4821
f 3746 4822 3745
f 3746 4823 4822
f 3747 4823 3746
f 3747 4824 4823
f 3748 4824 3747
f 3748 4825 4824
f 3749 4825 3748
f 3749 4826 4825
f 3750 4826 3749
f 3750 4827 4826
f 3751 4827 3750
f 3751 4828 4827
f 3752 4828 3751
f 3752 4829 4828
f 3753 4829 3752
f 3753 4830 4829
f 3754 4830 3753
f 3754 4831 4830
f 3755 4831 3754
f 3755 4832 4831
f 3756 4832 3755
f 3756 4833 4832
f 3757 4833 3756
f 3757 4834 4833
f 3758 4834 3757
f 3758 4835 4834
f 3759 4835 3758
f 3759 4836 4835
f 3760 4836 3759
f 3760 4837 4836
f 3761 4837 3760
f 3761 4838 4837
f 3762 4838 3761
f 3762 4839 4838
f 3763 4839 3762
f 3764 4773 4840
f 3697 4773 3764
f 3763 4840 4839
f 3764 4840 3763
f 3765 4842 4841
f 3766 4842 3765
f 3766 4843 4842
f 3767 4843 3766
f 3767 4844 4843
f 3768 4844 3767
f 3768 4845 4844
f 3769 4845 3768
f 3769 4846 4845
f 3770 4846 3769
f 3770 4847 4846
f 3771 4847 3770
f 3771 4848 4847
f 3772 4848 3771
f 3772 4849 4848
f 3773 4849 3772
f 3773 4850 4849
f 3774 4850 3773
f 3774 4851 4850
f 3775 4851 3774
f 3775 4852 4851
f 3776 4852 3775
f 3776 4853 4852
f 3777 4853 3776
f 3777 4854 4853
f 3778 4854 3777
f 3778 4855 4854
f 3779 4855 3778
f 3779 4856 4855
f 3780 4856 3779
f 3780 4857 4856
f 3781 4857 3780
f 3781 4858 4857
f 3782 4858 3781
f 3782 4859 4858
f 3783 4859 3782
f 3783 4860 4859
f 3784 4860 3783
f 3784 4861 4860
f 3785 4861 3784
f 3785 4862 4861
f 3786 4862 3785
f 3786 4863 4862
f 3787 4863 3786
f 3787 4864 4863
f 3788 4864 3787
f 3788 4865 4864
f 3789 4865 3788
f 3789 4866 4865
f 3790 4866 3789
f 3790 4867 4866
f 3791 4867 3790
f 3791 4868 4867
f 3792 4868 3791
f 3792 4869 4868
f 3793 4869 3792
f 3793 4870 4869
f 3794 4870 3793
f 3794 4871 4870
f 3795 4871 3794
f 3795 4872 4871
f 3796 4872 3795
f 3796 4873 4872
f 3797 4873 3796
f 3797 4874 4873
f 3798 4874 3797
f 3798 4875 4874
f 3799 4875 3798
f 3799 4876 4875
f 3800 4876 3799
f 3800 4877 4876
f 3801 4877 3800
f 3801 4878 4877
f 3802 4878 3801
f 3802 4879 4878
f 3803 4879 3802
f 3803 4880 4879
f 3804 4880 3803
f 3804 4881 4880
f 3805 4881 3804
f 3805 4882 4881
f 3806 4882 3805
f 3806 4883 4882
f 3807 4883 3806
f 3807 4884 4883
f 3808 4884 3807
f 3808 4885 4884
f 3809 4885 3808
f 3809 4886 4885
f 3810 4886 3809
f 3810 4887 4886
f 3811 4887 3810
f 3811 4888 4887
f 3812 4888 3811
f 3812 4889 4888
f 3813 4889 3812
f 3813 4890 4889
f 3814 4890 3813
f 3814 4891 4890
f 3815 4891 3814
f 3815 4892 4891
f 3816 4892 3815
f 3816 4893 4892
f 3817 4893 3816
f 3817 4894 4893
f 3818 4894 3817
f 3818 4895 4894
f 3819 4895 3818
f 3819 4896 4895
f 3820 4896 3819
f 3820 4897 4896
f 3821 4897 3820
f 3821 4898 4897
f 3822 4898 3821
f 3822 4899 4898
f 3823 4899 3822
f 3823 4900 4899
f 3824 4900 3823
f 3824 4901 4900
f 3825 4901 3824
f 3825 4902 4901
f 3826 4902 3825
f 3826 4903 4902
f 3827 4903 3826
f 3827 4904 4903
f 3828 4904 3827
f 3828 4905 4904
f 3829 4905 3828
f 3829 4906 4905
f 3830 4906 3829
f 3830 4907 4906
f 3831 4907 3830
f 3832 4841 4908
f 3765 4841 3832
f 3831 4908 4907
f 3832 4908 3831
f 3833 4910 4909
f 3834 4910 3833
f 3834 4911 4910
f 3835 4911 3834
f 3835 4912 4911
f 3836 4912 3835
f 3836 4913 4912
f 3837 4913 3836
f 3837 4914 4913
f 3838 4914 3837
f 3838 4915 4914
f 3839 4915 3838
f 3839 4916 4915
f 3840 4916 3839
f 3840 4917 4916
f 3841 4917 3840
f 3841 4918 4917
f 3842 4918 3841
f 3842 4919 4918
f 3843 4919 3842
f 3843 4920 4919
f 3844 4920 3843
f 3844 4921 4920
f 3845 4921 3844
f 3845 4922 4921
f 3846 4922 3845
f 3846 4923 4922
f 3847 4923 3846
f 3847 4924 4923
f 3848 4924 3847
f 3848 4925 4924
f 3849 4925 3848
f 3849 4926 4925
f 3850 4926 3849
f 3850 4927 4926
f 3851 4927 3850
f 3851 4928 4927
f 3852 4928 3851
f 3852 4929 4928
f 3853 4929 3852
f 3853 4930 4929
f 3854 4930 3853
f 3854 4931 4930
f 3855 4931 3854
f 3855 4932 4931
f 3856 4932 3855
f 3856 4933 4932
f 3857 4933 3856
f 3857 4934 4933
f 3858 4934 3857
f 3858 4935 4934
f 3859 4935 3858
f 3859 4936 4935
f 3860 4936 3859
f 3860 4937 4936
f 3861 4937 3860
f 3861 4938 4937
f 3862 4938 3861
f 3862 4939 4938
f 3863 4939 3862
f 3863 4940 4939
f 3864 4940 3863
f 3864 4941 4940
f 3865 4941 3864
f 3865 4942 4941
f 3866 4942 3865
f 3866 4943 4942
f 3867 4943 3866
f 3867 4944 4943
f 3868 4944 3867
f 3868 4945 4944
f 3869 4945 3868
f 3869 4946 4945
f 3870 4946 3869
f 3870 4947 4946
f 3871 4947 3870
f 3871 4948 4947
f 3872 4948 3871
f 3872 4949 4948
f 3873 4949 3872
f 3873 4950 4949
f 3874 4950 3873
f 3874 4951 4950
f 3875 4951 3874
f 3875 4952 4951
f 3876 4952 3875
f 3876 4953 4952
f 3877 4953 3876
f 3877 4954 4953
f 3878 4954 3877
f 3878 4955 4954
f 3879 4955 3878
f 3879 4956 4955
f 3880 4956 3879
f 3880 4957 4956
f 3881 4957 3880
f 3881 4958 4957
f 3882 4958 3881
f 3882 4959 4958
f 3883 4959 3882
f 3883 4960 4959
f 3884 4960 3883
f 3884 4961 4960
f 3885 4961 3884
f 3885 4962 4961
f 3886 4962 3885
f 3886 4963 4962
f 3887 4963 3886
f 3887 4964 4963
f 3888 4964 3887
f 3888 4965 4964
f 3889 4965 3888
f 3889 4966 4965
f 3890 4966 3889
f 3890 4967 4966
f 3891 4967 3890
f 3891 4968 4967
f 3892 4968 3891
f 3892 4969 4968
f 3893 4969 3892
f 3893 4970 4969
f 3894 4970 3893
f 3894 4971 4970
f 3895 4971 3894
f 3895 4972 4971
f 3896 4972 3895
f 3896 4973 4972
f 3897 4973 3896
f 3897 4974 4973
f 3898 4974 3897
f 3898 4975 4974
f 3899 4975 3898
f 3900 4909 4976
f 3833 4909 3900
f 3899 4976 4975
f 3900 4976 3899
f 3901 4978 4977
f 3902 4978 3901
f 3902 4979 4978
f 3903 4979 3902
f 3903 4980 4979
f 3904 4980 3903
f 3904 4981 4980
f 3905 4981 3904
f 3905 4982 4981
f 3906 4982 3905
f 3906 4983 4982
f 3907 4983 3906
f 3907 4984 4983
f 3908 4984 3907
f 3908 4985 4984
f 3909 4985 3908
f 3909 4986 4985
f 3910 4986 3909
f 3910 4987 4986
f 3911 4987 3910
f 3911 4988 4987
f 3912 4988 3911
f 3912 4989 4988
f 3913 4989 3912
f 3913 4990 4989
f 3914 4990 3913
f 3914 4991 4990
f 3915 4991 3914
f 3915 4992 4991
f 3916 4992 3915
f 3916 4993 4992
f 3917 4993 3916
f 3917 4994 4993
f 3918 4994 3917
f 3918 4995 4994
f 3919 4995 3918
f 3919 4996 4995
f 3920 4996 3919
f 3920 4997 4996
f 3921 4997 3920
f 3921 4998 4997
f 3922 4998 3921
f 3922 4999 4998
f 3923 4999 3922
f 3923 5000 4999
f 3924 5000 3923
f 3924 5001 5000
f 3925 5001 3924
f 3925 5002 5001
f 3926 5002 3925
f 3926 5003 5002
f 3927 5003 3926
f 3927 5004 5003
f 3928 5004 3927
f 3928 5005 5004
f 3929 5005 3928
f 3929 5006 5005
f 3930 5006 3929
f 3930 5007 5006
f 3931 5007 3930
f 3931 5008 5007
f 3932 5008 3931
f 3932 5009 5008
f 3933 5009 3932
f 3933 5010 5009
f 3934 5010 3933
f 3934 5011 5010
f 3935 5011 3934
f 3935 5012 5011
f 3936 5012 3935
f 3936 5013 5012
f 3937 5013 3936
f 3937 5014 5013
f 3938 5014 3937
f 3938 5015 5014
f 3939 5015 3938
f 3939 5016 5015
f 3940 5016 3939
f 3940 5017 5016
f 3941 5017 3940
f 3941 5018 5017
f 3942 5018 3941
f 3942 5019 5018
f 3943 5019 3942
f 3943 5020 5019
f 3944 5020 3943
f 3944 5021 5020
f 3945 5021 3944
f 3945 5022 5021
f 3946 5022 3945
f 3946 5023 5022
f 3947 5023 3946
f 3947 5024 5023
f 3948 5024 3947
f 3948 5025 5024
f 3949 5025 3948
f 3949 5026 5025
f 3950 5026 3949
f 3950 5027 5026
f 3951 5027 3950
f 3951 5028 5027
f 3952 5028 3951
f 3952 5029 5028
f 3953 5029 3952
f 3953 5030 5029
f 3954 5030 3953
f 3954 5031 5030
f 3955 5031 3954
f 3955 5032 5031
f 3956 5032 3955
f 3956 5033 5032
f 3957 5033 3956
f 3957 5034 5033
f 3958 5034 3957
f 3958 5035 5034
f 3959 5035 3958
f 3959 5036 5035
f 3960 5036 3959
f 3960 5037 5036
f 3961 5037 3960
f 3961 5038 5037
f 3962 5038 3961
f 3962 5039 5038
f 3963 5039 3962
f 3963 5040 5039
f 3964 5040 3963
f 3964 5041 5040
f 3965 5041 3964
f 3965 5042 5041
f 3966 5042 3965
f 3966 5043 5042
f 3967 5043 3966
f 3968 4977 5044
f 3901 4977 3968
f 3967 5044 5043
f 3968 5044 3967

o floor Zimmer 1
usemtl floor_room
v 4.91076649 -0.01000000 4.65475997
v 4.91079798 -0.01000000 4.65476151
v 4.91082916 -0.01000000 4.65476614
v 4.91085973 -0.01000000 4.65477380
v 4.91088941 -0.01000000 4.65478442
v 4.91091791 -0.01000000 4.65479790
v 4.91094495 -0.01000000 4.65481410
v 4.91097027 -0.01000000 4.65483288
v 4.91099362 -0.01000000 4.65485405
v 4.91101479 -0.01000000 4.65487740
v 4.91103357 -0.01000000 4.65490272
v 4.91104978 -0.01000000 4.65492976
v 4.91106325 -0.01000000 4.65495826
v 4.91107387 -0.01000000 4.65498794
v 4.91108124 -0.01000000 4.65501735
v 5.71200709 -0.01000000 4.65501735
v 5.71201446 -0.01000000 4.65498794
v 5.71202507 -0.01000000 4.65495826
v 5.71203855 -0.01000000 4.65492976
v 5.71205476 -0.01000000 4.65490272
v 5.71207354 -0.01000000 4.65487740
v 5.71209470 -0.01000000 4.65485405
v 5.71211806 -0.01000000 4.65483288
v 5.71214338 -0.01000000 4.65481410
v 5.71217042 -0.01000000 4.65479790
v 5.71219891 -0.01000000 4.65478442
v 5.71222859 -0.01000000 4.65477380
v 5.71225917 -0.01000000 4.65476614
v 5.71229035 -0.01000000 4.65476151
v 5.71232184 -0.01000000 4.65475997
v 5.75197489 -0.01000000 4.65475997
v 7.94378785 -0.01000000 4.65475997
v 7.94385082 -0.01000000 4.65475687
v 7.94391318 -0.01000000 4.65474762
v 7.94397434 -0.01000000 4.65473230
v 7.94403370 -0.01000000 4.65471107
v 7.94409069 -0.01000000 4.65468411
v 7.94414476 -0.01000000 4.65465170
v 7.94419540 -0.01000000 4.65461414
v 7.94424212 -0.01000000 4.65457181
v 7.94428445 -0.01000000 4.65452509
v 7.94432201 -0.01000000 4.65447445
v 7.94435442 -0.01000000 4.65442038
v 7.94438138 -0.01000000 4.65436339
v 7.94440262 -0.01000000 4.65430403
v 7.94441793 -0.01000000 4.65424287
v 7.94442718 -0.01000000 4.65418051
v 7.94443028 -0.01000000 4.65411754
v 7.94443028 -0.01000000 0.37011640
v 7.94443028 -0.01000000 0.37010851
v 7.94442991 -0.01000000 0.37010099
v 7.94442239 -0.01000000 0.37010062
v 4.20079877 -0.01000000 0.37010062
v 4.20074977 -0.01000000 0.37011816
v 4.20069278 -0.01000000 0.37014511
v 4.20063870 -0.01000000 0.37017752
v 4.20058807 -0.01000000 0.37021508
v 4.20054135 -0.01000000 0.37025742
v 4.20049901 -0.01000000 0.37030413
v 4.20046146 -0.01000000 0.37035477
v 4.20042905 -0.01000000 0.37040884
v 4.20040209 -0.01000000 0.37046584
v 4.20038085 -0.01000000 0.37052520
v 4.20036553 -0.01000000 0.37058635
v 4.20035628 -0.01000000 0.37064871
v 4.20035319 -0.01000000 0.37071168
v 4.20035319 -0.01000000 0.40011818
v 4.20035155 -0.01000000 0.40015148
v 4.20034633 -0.01000000 0.40022233
v 4.20034633 -0.01000000 4.65411754
v 4.20034942 -0.01000000 4.65418051
v 4.20035867 -0.01000000 4.65424287
v 4.20037399 -0.01000000 4.65430403
v 4.20039523 -0.01000000 4.65436339
v 4.20042218 -0.01000000 4.65442038
v 4.20045460 -0.01000000 4.65447445
v 4.20049215 -0.01000000 4.65452509
v 4.20053449 -0.01000000 4.65457181
v 4.20058120 -0.01000000 4.65461414
v 4.20063184 -0.01000000 4.65465170
v 4.20068592 -0.01000000 4.65468411
v 4.20074291 -0.01000000 4.65471107
v 4.20080227 -0.01000000 4.65473230
v 4.20086342 -0.01000000 4.65474762
v 4.20092579 -0.01000000 4.65475687
v 4.20098875 -0.01000000 4.65475997
v 4.87111343 -0.01000000 4.65475997
v 4.91076649 0.00000000 4.65475997
v 4.91079798 0.00000000 4.65476151
v 4.91082916 0.00000000 4.65476614
v 4.91085973 0.00000000 4.65477380
v 4.91088941 0.00000000 4.65478442
v 4.91091791 0.00000000 4.65479790
v 4.91094495 0.00000000 4.65481410
v 4.91097027 0.00000000 4.65483288
v 4.91099362 0.00000000 4.65485405
v 4.91101479 0.00000000 4.65487740
v 4.91103357 0.00000000 4.65490272
v 4.91104978 0.00000000 4.65492976
v 4.91106325 0.00000000 4.65495826
v 4.91107387 0.00000000 4.65498794
v 4.91108124 0.00000000 4.65501735
v 5.71200709 0.00000000 4.65501735
v 5.71201446 0.00000000 4.65498794
v 5.71202507 0.00000000 4.65495826
v 5.71203855 0.00000000 4.65492976
v 5.71205476 0.00000000 4.65490272
v 5.71207354 0.00000000 4.65487740
v 5.71209470 0.00000000 4.65485405
v 5.71211806 0.00000000 4.65483288
v 5.71214338 0.00000000 4.65481410
v 5.71217042 0.00000000 4.65479790
v 5.71219891 0.00000000 4.65478442
v 5.71222859 0.00000000 4.65477380
v 5.71225917 0.00000000 4.65476614
v 5.71229035 0.00000000 4.65476151
v 5.71232184 0.00000000 4.65475997
v 5.75197489 0.00000000 4.65475997
v 7.94378785 0.00000000 4.65475997
v 7.94385082 0.00000000 4.65475687
v 7.94391318 0.00000000 4.65474762
v 7.94397434 0.00000000 4.65473230
v 7.94403370 0.00000000 4.65471107
v 7.94409069 0.00000000 4.65468411
v 7.94414476 0.00000000 4.65465170
v 7.94419540 0.00000000 4.65461414
v 7.94424212 0.00000000 4.65457181
v 7.94428445 0.00000000 4.65452509
v 7.94432201 0.00000000 4.65447445
v 7.94435442 0.00000000 4.65442038
v 7.94438138 0.00000000 4.65436339
v 7.94440262 0.00000000 4.65430403
v 7.94441793 0.00000000 4.65424287
v 7.94442718 0.00000000 4.65418051
v 7.94443028 0.00000000 4.65411754
v 7.94443028 0.00000000 0.37011640
v 7.94443028 0.00000000 0.37010851
v 7.94442991 0.00000000 0.37010099
v 7.94442239 0.00000000 0.37010062
v 4.20079877 0.00000000 0.37010062
v 4.20074977 0.00000000 0.37011816
v 4.20069278 0.00000000 0.37014511
v 4.20063870 0.00000000 0.37017752
v 4.20058807 0.00000000 0.37021508
v 4.20054135 0.00000000 0.37025742
v 4.20049901 0.00000000 0.37030413
v 4.20046146 0.00000000 0.37035477
v 4.20042905 0.00000000 0.37040884
v 4.20040209 0.00000000 0.37046584
v 4.20038085 0.00000000 0.37052520
v 4.20036553 0.00000000 0.37058635
v 4.20035628 0.00000000 0.37064871
v 4.20035319 0.00000000 0.37071168
v 4.20035319 0.00000000 0.40011818
v 4.20035155 0.00000000 0.40015148
v 4.20034633 0.00000000 0.40022233
v 4.20034633 0.00000000 4.65411754
v 4.20034942 0.00000000 4.65418051
v 4.20035867 0.00000000 4.65424287
v 4.20037399 0.00000000 4.65430403
v 4.20039523 0.00000000 4.65436339
v 4.20042218 0.00000000 4.65442038
v 4.20045460 0.00000000 4.65447445
v 4.20049215 0.00000000 4.65452509
v 4.20053449 0.00000000 4.65457181
v 4.20058120 0.00000000 4.65461414
v 4.20063184 0.00000000 4.65465170
v 4.20068592 0.00000000 4.65468411
v 4.20074291 0.00000000 4.65471107
v 4.20080227 0.00000000 4.65473230
v 4.20086342 0.00000000 4.65474762
v 4.20092579 0.00000000 4.65475687
v 4.20098875 0.00000000 4.65475997
v 4.87111343 0.00000000 4.65475997
f 5131 5130 5129
f 5131 5129 5128
f 5131 5128 5127
f 5131 5127 5126
f 5131 5126 5125
f 5131 5125 5124
f 5131 5124 5123
f 5131 5123 5122
f 5131 5122 5121
f 5131 5121 5120
f 5131 5120 5119
f 5131 5119 5118
f 5131 5118 5117
f 5131 5117 5116
f 5131 5116 5115
f 5131 5115 5114
f 5131 5114 5113
f 5131 5113 5112
f 5131 5112 5111
f 5131 5111 5110
f 5131 5110 5109
f 5131 5109 5108
f 5131 5108 5107
f 5131 5107 5106
f 5131 5106 5105
f 5131 5105 5104
f 5131 5104 5103
f 5131 5103 5102
f 5131 5102 5101
f 5131 5101 5100
f 5131 5100 5099
f 5131 5099 5098
f 5131 5098 5097
f 5131 5097 5096
f 5131 5096 5095
f 5131 5095 5094
f 5131 5094 5093
f 5131 5093 5092
f 5131 5092 5091
f 5131 5091 5090
f 5131 5090 5089
f 5131 5089 5088
f 5131 5088 5087
f 5131 5087 5086
f 5131 5086 5085
f 5131 5085 5084
f 5131 5084 5083
f 5131 5083 5082
f 5131 5082 5081
f 5131 5081 5080
f 5131 5080 5079
f 5131 5079 5078
f 5131 5078 5077
f 5077 5076 5075
f 5077 5075 5074
f 5061 5060 5059
f 5061 5059 5058
f 5061 5058 5057
f 5061 5057 5056
f 5061 5056 5055
f 5061 5055 5054
f 5061 5054 5053
f 5061 5053 5052
f 5061 5052 5051
f 5061 5051 5050
f 5061 5050 5049
f 5061 5049 5048
f 5061 5048 5047
f 5061 5047 5046
f 5061 5046 5045
f 5045 5131 5077
f 5045 5077 5074
f 5045 5074 5073
f 5045 5073 5072
f 5045 5072 5071
f 5045 5071 5070
f 5045 5070 5069
f 5045 5069 5068
f 5045 5068 5067
f 5045 5067 5066
f 5045 5066 5065
f 5045 5065 5064
f 5045 5064 5063
f 5045 5063 5062
f 5045 5062 5061
f 5216 5217 5218
f 5215 5216 5218
f 5214 5215 5218
f 5213 5214 5218
f 5212 5213 5218
f 5211 5212 5218
f 5210 5211 5218
f 5209 5210 5218
f 5208 5209 5218
f 5207 5208 5218
f 5206 5207 5218
f 5205 5206 5218
f 5204 5205 5218
f 5203 5204 5218
f 5202 5203 5218
f 5201 5202 5218
f 5200 5201 5218
f 5199 5200 5218
f 5198 5199 5218
f 5197 5198 5218
f 5196 5197 5218
f 5195 5196 5218
f 5194 5195 5218
f 5193 5194 5218
f 5192 5193 5218
f 5191 5192 5218
f 5190 5191 5218
f 5189 5190 5218
f 5188 5189 5218
f 5187 5188 5218
f 5186 5187 5218
f 5185 5186 5218
f 5184 5185 5218
f 5183 5184 5218
f 5182 5183 5218
f 5181 5182 5218
f 5180 5181 5218
f 5179 5180 5218
f 5178 5179 5218
f 5177 5178 5218
f 5176 5177 5218
f 5175 5176 5218
f 5174 5175 5218
f 5173 5174 5218
f 5172 5173 5218
f 5171 5172 5218
f 5170 5171 5218
f 5169 5170 5218
f 5168 5169 5218
f 5167 5168 5218
f 5166 5167 5218
f 5165 5166 5218
f 5164 5165 5218
f 5162 5163 5164
f 5161 5162 5164
f 5146 5147 5148
f 5145 5146 5148
f 5144 5145 5148
f 5143 5144 5148
f 5142 5143 5148
f 5141 5142 5148
f 5140 5141 5148
f 5139 5140 5148
f 5138 5139 5148
f 5137 5138 5148
f 5136 5137 5148
f 5135 5136 5148
f 5134 5135 5148
f 5133 5134 5148
f 5132 5133 5148
f 5164 5218 5132
f 5161 5164 5132
f 5160 5161 5132
f 5159 5160 5132
f 5158 5159 5132
f 5157 5158 5132
f 5156 5157 5132
f 5155 5156 5132
f 5154 5155 5132
f 5153 5154 5132
f 5152 5153 5132
f 5151 5152 5132
f 5150 5151 5132
f 5149 5150 5132
f 5148 5149 5132
f 5045 5133 5132
f 5046 5133 5045
f 5046 5134 5133
f 5047 5134 5046
f 5047 5135 5134
f 5048 5135 5047
f 5048 5136 5135
f 5049 5136 5048
f 5049 5137 5136
f 5050 5137 5049
f 5050 5138 5137
f 5051 5138 5050
f 5051 5139 5138
f 5052 5139 5051
f 5052 5140 5139
f 5053 5140 5052
f 5053 5141 5140
f 5054 5141 5053
f 5054 5142 5141
f 5055 5142 5054
f 5055 5143 5142
f 5056 5143 5055
f 5056 5144 5143
f 5057 5144 5056
f 5057 5145 5144
f 5058 5145 5057
f 5058 5146 5145
f 5059 5146 5058
f 5059 5147 5146
f 5060 5147 5059
f 5060 5148 5147
f 5061 5148 5060
f 5061 5149 5148
f 5062 5149 5061
f 5062 5150 5149
f 5063 5150 5062
f 5063 5151 5150
f 5064 5151 5063
f 5064 5152 5151
f 5065 5152 5064
f 5065 5153 5152
f 5066 5153 5065
f 5066 5154 5153
f 5067 5154 5066
f 5067 5155 5154
f 5068 5155 5067
f 5068 5156 5155
f 5069 5156 5068
f 5069 5157 5156
f 5070 5157 5069
f 5070 5158 5157
f 5071 5158 5070
f 5071 5159 5158
f 5072 5159 5071
f 5072 5160 5159
f 5073 5160 5072
f 5073 5161 5160
f 5074 5161 5073
f 5074 5162 5161
f 5075 5162 5074
f 5075 5163 5162
f 5076 5163 5075
f 5076 5164 5163
f 5077 5164 5076
f 5077 5165 5164
f 5078 5165 5077
f 5078 5166 5165
f 5079 5166 5078
f 5079 5167 5166
f 5080 5167 5079
f 5080 5168 5167
f 5081 5168 5080
f 5081 5169 5168
f 5082 5169 5081
f 5082 5170 5169
f 5083 5170 5082
f 5083 5171 5170
f 5084 5171 5083
f 5084 5172 5171
f 5085 5172 5084
f 5085 5173 5172
f 5086 5173 5085
f 5086 5174 5173
f 5087 5174 5086
f 5087 5175 5174
f 5088 5175 5087
f 5088 5176 5175
f 5089 5176 5088
f 5089 5177 5176
f 5090 5177 5089
f 5090 5178 5177
f 5091 5178 5090
f 5091 5179 5178
f 5092 5179 5091
f 5092 5180 5179
f 5093 5180 5092
f 5093 5181 5180
f 5094 5181 5093
f 5094 5182 5181
f 5095 5182 5094
f 5095 5183 5182
f 5096 5183 5095
f 5096 5184 5183
f 5097 5184 5096
f 5097 5185 5184
f 5098 5185 5097
f 5098 5186 5185
f 5099 5186 5098
f 5099 5187 5186
f 5100 5187 5099
f 5100 5188 5187
f 5101 5188 5100
f 5101 5189 5188
f 5102 5189 5101
f 5102 5190 5189
f 5103 5190 5102
f 5103 5191 5190
f 5104 5191 5103
f 5104 5192 5191
f 5105 5192 5104
f 5105 5193 5192
f 5106 5193 5105
f 5106 5194 5193
f 5107 5194 5106
f 5107 5195 5194
f 5108 5195 5107
f 5108 5196 5195
f 5109 5196 5108
f 5109 5197 5196
f 5110 5197 5109
f 5110 5198 5197
f 5111 5198 5110
f 5111 5199 5198
f 5112 5199 5111
f 5112 5200 5199
f 5113 5200 5112
f 5113 5201 5200
f 5114 5201 5113
f 5114 5202 5201
f 5115 5202 5114
f 5115 5203 5202
f 5116 5203 5115
f 5116 5204 5203
f 5117 5204 5116
f 5117 5205 5204
f 5118 5205 5117
f 5118 5206 5205
f 5119 5206 5118
f 5119 5207 5206
f 5120 5207 5119
f 5120 5208 5207
f 5121 5208 5120
f 5121 5209 5208
f 5122 5209 5121
f 5122 5210 5209
f 5123 5210 5122
f 5123 5211 5210
f 5124 5211 5123
f 5124 5212 5211
f 5125 5212 5124
f 5125 5213 5212
f 5126 5213 5125
f 5126 5214 5213
f 5127 5214 5126
f 5127 5215 5214
f 5128 5215 5127
f 5128 5216 5215
f 5129 5216 5128
f 5129 5217 5216
f 5130 5217 5129
f 5131 5132 5218
f 5045 5132 5131
f 5130 5218 5217
f 5131 5218 5130

o floor Zimmer 2
usemtl floor_room
v 9.63636070 -0.01000000 4.65492976
v 9.63637690 -0.01000000 4.65490272
v 9.63639568 -0.01000000 4.65487740
v 9.63641685 -0.01000000 4.65485405
v 9.63644021 -0.01000000 4.65483288
v 9.63646553 -0.01000000 4.65481410
v 9.63649256 -0.01000000 4.65479790
v 9.63652106 -0.01000000 4.65478442
v 9.63655074 -0.01000000 4.65477380
v 9.63658132 -0.01000000 4.65476614
v 9.63661250 -0.01000000 4.65476151
v 9.63664398 -0.01000000 4.65475997
v 10.91723186 -0.01000000 4.65475997
v 10.91728751 -0.01000000 4.65474603
v 10.91734687 -0.01000000 4.65472479
v 10.91740386 -0.01000000 4.65469783
v 10.91745793 -0.01000000 4.65466542
v 10.91750857 -0.01000000 4.65462787
v 10.91755528 -0.01000000 4.65458553
v 10.91759762 -0.01000000 4.65453882
v 10.91763518 -0.01000000 4.65448818
v 10.91766759 -0.01000000 4.65443410
v 10.91769454 -0.01000000 4.65437711
v 10.91770620 -0.01000000 4.65434455
v 10.91770620 -0.01000000 0.37010851
v 10.91770583 -0.01000000 0.37010099
v 10.91769831 -0.01000000 0.37010062
v 8.09501113 -0.01000000 0.37010062
v 8.09496213 -0.01000000 0.37011816
v 8.09490514 -0.01000000 0.37014511
v 8.09485106 -0.01000000 0.37017752
v 8.09480042 -0.01000000 0.37021508
v 8.09475371 -0.01000000 0.37025742
v 8.09471137 -0.01000000 0.37030413
v 8.09467382 -0.01000000 0.37035477
v 8.09464141 -0.01000000 0.37040884
v 8.09461445 -0.01000000 0.37046584
v 8.09459321 -0.01000000 0.37052520
v 8.09457789 -0.01000000 0.37058635
v 8.09456864 -0.01000000 0.37064871
v 8.09456555 -0.01000000 0.37071168
v 8.09456555 -0.01000000 4.65411754
v 8.09456864 -0.01000000 4.65418051
v 8.09457789 -0.01000000 4.65424287
v 8.09459321 -0.01000000 4.65430403
v 8.09461445 -0.01000000 4.65436339
v 8.09464141 -0.01000000 4.65442038
v 8.09467382 -0.01000000 4.65447445
v 8.09471137 -0.01000000 4.65452509
v 8.09475371 -0.01000000 4.65457181
v 8.09480042 -0.01000000 4.65461414
v 8.09485106 -0.01000000 4.65465170
v 8.09490514 -0.01000000 4.65468411
v 8.09496213 -0.01000000 4.65471107
v 8.09502149 -0.01000000 4.65473230
v 8.09508264 -0.01000000 4.65474762
v 8.09514501 -0.01000000 4.65475687
v 8.09520797 -0.01000000 4.65475997
v 8.79537186 -0.01000000 4.65475997
v 8.83515334 -0.01000000 4.65475997
v 8.83518482 -0.01000000 4.65476151
v 8.83521600 -0.01000000 4.65476614
v 8.83524658 -0.01000000 4.65477380
v 8.83527626 -0.01000000 4.65478442
v 8.83530475 -0.01000000 4.65479790
v 8.83533179 -0.01000000 4.65481410
v 8.83535711 -0.01000000 4.65483288
v 8.83538047 -0.01000000 4.65485405
v 8.83540164 -0.01000000 4.65487740
v 8.83542041 -0.01000000 4.65490272
v 8.83543662 -0.01000000 4.65492976
v 8.83545010 -0.01000000 4.65495826
v 8.83546072 -0.01000000 4.65498794
v 8.83546808 -0.01000000 4.65501735
v 9.63632924 -0.01000000 4.65501735
v 9.63633660 -0.01000000 4.65498794
v 9.63634722 -0.01000000 4.65495826
v 9.63636070 0.00000000 4.65492976
v 9.63637690 0.00000000 4.65490272
v 9.63639568 0.00000000 4.65487740
v 9.63641685 0.00000000 4.65485405
v 9.63644021 0.00000000 4.65483288
v 9.63646553 0.00000000 4.65481410
v 9.63649256 0.00000000 4.65479790
v 9.63652106 0.00000000 4.65478442
v 9.63655074 0.00000000 4.65477380
v 9.63658132 0.00000000 4.65476614
v 9.63661250 0.00000000 4.65476151
v 9.63664398 0.00000000 4.65475997
v 10.91723186 0.00000000 4.65475997
v 10.91728751 0.00000000 4.65474603
v 10.91734687 0.00000000 4.65472479
v 10.91740386 0.00000000 4.65469783
v 10.91745793 0.00000000 4.65466542
v 10.91750857 0.00000000 4.65462787
v 10.91755528 0.00000000 4.65458553
v 10.91759762 0.00000000 4.65453882
v 10.91763518 0.00000000 4.65448818
v 10.91766759 0.00000000 4.65443410
v 10.91769454 0.00000000 4.65437711
v 10.91770620 0.00000000 4.65434455
v 10.91770620 0.00000000 0.37010851
v 10.91770583 0.00000000 0.37010099
v 10.91769831 0.00000000 0.37010062
v 8.09501113 0.00000000 0.37010062
v 8.09496213 0.00000000 0.37011816
v 8.09490514 0.00000000 0.37014511
v 8.09485106 0.00000000 0.37017752
v 8.09480042 0.00000000 0.37021508
v 8.09475371 0.00000000 0.37025742
v 8.09471137 0.00000000 0.37030413
v 8.09467382 0.00000000 0.37035477
v 8.09464141 0.00000000 0.37040884
v 8.09461445 0.00000000 0.37046584
v 8.09459321 0.00000000 0.37052520
v 8.09457789 0.00000000 0.37058635
v 8.09456864 0.00000000 0.37064871
v 8.09456555 0.00000000 0.37071168
v 8.09456555 0.00000000 4.65411754
v 8.09456864 0.00000000 4.65418051
v 8.09457789 0.00000000 4.65424287
v 8.09459321 0.00000000 4.65430403
v 8.09461445 0.00000000 4.65436339
v 8.09464141 0.00000000 4.65442038
v 8.09467382 0.00000000 4.65447445
v 8.09471137 0.00000000 4.65452509
v 8.09475371 0.00000000 4.65457181
v 8.09480042 0.00000000 4.65461414
v 8.09485106 0.00000000 4.65465170
v 8.09490514 0.00000000 4.65468411
v 8.09496213 0.00000000 4.65471107
v 8.09502149 0.00000000 4.65473230
v 8.09508264 0.00000000 4.65474762
v 8.09514501 0.00000000 4.65475687
v 8.09520797 0.00000000 4.65475997
v 8.79537186 0.00000000 4.65475997
v 8.83515334 0.00000000 4.65475997
v 8.83518482 0.00000000 4.65476151
v 8.83521600 0.00000000 4.65476614
v 8.83524658 0.00000000 4.65477380
v 8.83527626 0.00000000 4.65478442
v 8.83530475 0.00000000 4.65479790
v 8.83533179 0.00000000 4.65481410
v 8.83535711 0.00000000 4.65483288
v 8.83538047 0.00000000 4.65485405
v 8.83540164 0.00000000 4.65487740
v 8.83542041 0.00000000 4.65490272
v 8.83543662 0.00000000 4.65492976
v 8.83545010 0.00000000 4.65495826
v 8.83546072 0.00000000 4.65498794
v 8.83546808 0.00000000 4.65501735
v 9.63632924 0.00000000 4.65501735
v 9.63633660 0.00000000 4.65498794
v 9.63634722 0.00000000 4.65495826
f 5294 5293 5292
f 5294 5292 5291
f 5294 5291 5290
f 5294 5290 5289
f 5294 5289 5288
f 5294 5288 5287
f 5294 5287 5286
f 5294 5286 5285
f 5294 5285 5284
f 5294 5284 5283
f 5294 5283 5282
f 5294 5282 5281
f 5294 5281 5280
f 5294 5280 5279
f 5294 5279 5278
f 5277 5276 5275
f 5277 5275 5274
f 5277 5274 5273
f 5277 5273 5272
f 5277 5272 5271
f 5277 5271 5270
f 5277 5270 5269
f 5277 5269 5268
f 5277 5268 5267
f 5277 5267 5266
f 5277 5266 5265
f 5277 5265 5264
f 5277 5264 5263
f 5277 5263 5262
f 5277 5262 5261
f 5277 5261 5260
f 5277 5260 5259
f 5277 5259 5258
f 5277 5258 5257
f 5277 5257 5256
f 5277 5256 5255
f 5277 5255 5254
f 5277 5254 5253
f 5277 5253 5252
f 5277 5252 5251
f 5277 5251 5250
f 5277 5250 5249
f 5277 5249 5248
f 5277 5248 5247
f 5277 5247 5246
f 5277 5246 5245
f 5277 5245 5244
f 5277 5244 5243
f 5277 5243 5242
f 5277 5242 5241
f 5277 5241 5240
f 5277 5240 5239
f 5277 5239 5238
f 5277 5238 5237
f 5277 5237 5236
f 5277 5236 5235
f 5277 5235 5234
f 5277 5234 5233
f 5277 5233 5232
f 5232 5231 5230
f 5295 5294 5278
f 5278 5277 5232
f 5278 5232 5230
f 5278 5230 5229
f 5278 5229 5228
f 5278 5228 5227
f 5278 5227 5226
f 5278 5226 5225
f 5278 5225 5224
f 5278 5224 5223
f 5278 5223 5222
f 5278 5222 5221
f 5278 5221 5220
f 5278 5220 5219
f 5278 5219 5295
f 5369 5370 5371
f 5368 5369 5371
f 5367 5368 5371
f 5366 5367 5371
f 5365 5366 5371
f 5364 5365 5371
f 5363 5364 5371
f 5362 5363 5371
f 5361 5362 5371
f 5360 5361 5371
f 5359 5360 5371
f 5358 5359 5371
f 5357 5358 5371
f 5356 5357 5371
f 5355 5356 5371
f 5352 5353 5354
f 5351 5352 5354
f 5350 5351 5354
f 5349 5350 5354
f 5348 5349 5354
f 5347 5348 5354
f 5346 5347 5354
f 5345 5346 5354
f 5344 5345 5354
f 5343 5344 5354
f 5342 5343 5354
f 5341 5342 5354
f 5340 5341 5354
f 5339 5340 5354
f 5338 5339 5354
f 5337 5338 5354
f 5336 5337 5354
f 5335 5336 5354
f 5334 5335 5354
f 5333 5334 5354
f 5332 5333 5354
f 5331 5332 5354
f 5330 5331 5354
f 5329 5330 5354
f 5328 5329 5354
f 5327 5328 5354
f 5326 5327 5354
f 5325 5326 5354
f 5324 5325 5354
f 5323 5324 5354
f 5322 5323 5354
f 5321 5322 5354
f 5320 5321 5354
f 5319 5320 5354
f 5318 5319 5354
f 5317 5318 5354
f 5316 5317 5354
f 5315 5316 5354
f 5314 5315 5354
f 5313 5314 5354
f 5312 5313 5354
f 5311 5312 5354
f 5310 5311 5354
f 5309 5310 5354
f 5307 5308 5309
f 5355 5371 5372
f 5309 5354 5355
f 5307 5309 5355
f 5306 5307 5355
f 5305 5306 5355
f 5304 5305 5355
f 5303 5304 5355
f 5302 5303 5355
f 5301 5302 5355
f 5300 5301 5355
f 5299 5300 5355
f 5298 5299 5355
f 5297 5298 5355
f 5296 5297 5355
f 5372 5296 5355
f 5219 5297 5296
f 5220 5297 5219
f 5220 5298 5297
f 5221 5298 5220
f 5221 5299 5298
f 5222 5299 5221
f 5222 5300 5299
f 5223 5300 5222
f 5223 5301 5300
f 5224 5301 5223
f 5224 5302 5301
f 5225 5302 5224
f 5225 5303 5302
f 5226 5303 5225
f 5226 5304 5303
f 5227 5304 5226
f 5227 5305 5304
f 5228 5305 5227
f 5228 5306 5305
f 5229 5306 5228
f 5229 5307 5306
f 5230 5307 5229
f 5230 5308 5307
f 5231 5308 5230
f 5231 5309 5308
f 5232 5309 5231
f 5232 5310 5309
f 5233 5310 5232
f 5233 5311 5310
f 5234 5311 5233
f 5234 5312 5311
f 5235 5312 5234
f 5235 5313 5312
f 5236 5313 5235
f 5236 5314 5313
f 5237 5314 5236
f 5237 5315 5314
f 5238 5315 5237
f 5238 5316 5315
f 5239 5316 5238
f 5239 5317 5316
f 5240 5317 5239
f 5240 5318 5317
f 5241 5318 5240
f 5241 5319 5318
f 5242 5319 5241
f 5242 5320 5319
f 5243 5320 5242
f 5243 5321 5320
f 5244 5321 5243
f 5244 5322 5321
f 5245 5322 5244
f 5245 5323 5322
f 5246 5323 5245
f 5246 5324 5323
f 5247 5324 5246
f 5247 5325 5324
f 5248 5325 5247
f 5248 5326 5325
f 5249 5326 5248
f 5249 5327 5326
f 5250 5327 5249
f 5250 5328 5327
f 5251 5328 5250
f 5251 5329 5328
f 5252 5329 5251
f 5252 5330 5329
f 5253 5330 5252
f 5253 5331 5330
f 5254 5331 5253
f 5254 5332 5331
f 5255 5332 5254
f 5255 5333 5332
f 5256 5333 5255
f 5256 5334 5333
f 5257 5334 5256
f 5257 5335 5334
f 5258 5335 5257
f 5258 5336 5335
f 5259 5336 5258
f 5259 5337 5336
f 5260 5337 5259
f 5260 5338 5337
f 5261 5338 5260
f 5261 5339 5338
f 5262 5339 5261
f 5262 5340 5339
f 5263 5340 5262
f 5263 5341 5340
f 5264 5341 5263
f 5264 5342 5341
f 5265 5342 5264
f 5265 5343 5342
f 5266 5343 5265
f 5266 5344 5343
f 5267 5344 5266
f 5267 5345 5344
f 5268 5345 5267
f 5268 5346 5345
f 5269 5346 5268
f 5269 5347 5346
f 5270 5347 5269
f 5270 5348 5347
f 5271 5348 5270
f 5271 5349 5348
f 5272 5349 5271
f 5272 5350 5349
f 5273 5350 5272
f 5273 5351 5350
f 5274 5351 5273
f 5274 5352 5351
f 5275 5352 5274
f 5275 5353 5352
f 5276 5353 5275
f 5276 5354 5353
f 5277 5354 5276
f 5277 5355 5354
f 5278 5355 5277
f 5278 5356 5355
f 5279 5356 5278
f 5279 5357 5356
f 5280 5357 5279
f 5280 5358 5357
f 5281 5358 5280
f 5281 5359 5358
f 5282 5359 5281
f 5282 5360 5359
f 5283 5360 5282
f 5283 5361 5360
f 5284 5361 5283
f 5284 5362 5361
f 5285 5362 5284
f 5285 5363 5362
f 5286 5363 5285
f 5286 5364 5363
f 5287 5364 5286
f 5287 5365 5364
f 5288 5365 5287
f 5288 5366 5365
f 5289 5366 5288
f 5289 5367 5366
f 5290 5367 5289
f 5290 5368 5367
f 5291 5368 5290
f 5291 5369 5368
f 5292 5369 5291
f 5292 5370 5369
f 5293 5370 5292
f 5293 5371 5370
f 5294 5371 5293
f 5295 5296 5372
f 5219 5296 5295
f 5294 5372 5371
f 5295 5372 5294

o floor Korridor
usemtl floor_room
v 4.91108770 -0.01000000 4.65508118
v 4.91108770 -0.01000000 4.80465245
v 4.91108616 -0.01000000 4.80468393
v 4.91108153 -0.01000000 4.80471511
v 4.91107387 -0.01000000 4.80474569
v 4.91106325 -0.01000000 4.80477537
v 4.91104978 -0.01000000 4.80480386
v 4.91103357 -0.01000000 4.80483090
v 4.91101479 -0.01000000 4.80485622
v 4.91099362 -0.01000000 4.80487958
v 4.91097027 -0.01000000 4.80490075
v 4.91094495 -0.01000000 4.80491952
v 4.91091791 -0.01000000 4.80493573
v 4.91088941 -0.01000000 4.80494921
v 4.91085973 -0.01000000 4.80495983
v 4.91082916 -0.01000000 4.80496749
v 4.91079798 -0.01000000 4.80497211
v 4.91076649 -0.01000000 4.80497366
v 4.20085791 -0.01000000 4.80497366
v 4.20080227 -0.01000000 4.80498760
v 4.20074291 -0.01000000 4.80500884
v 4.20068592 -0.01000000 4.80503579
v 4.20063184 -0.01000000 4.80506820
v 4.20058120 -0.01000000 4.80510576
v 4.20053449 -0.01000000 4.80514810
v 4.20049215 -0.01000000 4.80519481
v 4.20045460 -0.01000000 4.80524545
v 4.20042218 -0.01000000 4.80529952
v 4.20039523 -0.01000000 4.80535652
v 4.20037399 -0.01000000 4.80541587
v 4.20037280 -0.01000000 4.80542065
v 4.20037280 -0.01000000 6.00589899
v 4.20037399 -0.01000000 6.00590376
v 4.20039523 -0.01000000 6.00596312
v 4.20042218 -0.01000000 6.00602011
v 4.20045460 -0.01000000 6.00607419
v 4.20049215 -0.01000000 6.00612483
v 4.20053449 -0.01000000 6.00617154
v 4.20058120 -0.01000000 6.00621388
v 4.20063184 -0.01000000 6.00625143
v 4.20068592 -0.01000000 6.00628384
v 4.20073853 -0.01000000 6.00630873
v 4.91076649 -0.01000000 6.00630873
v 4.91079798 -0.01000000 6.00631027
v 4.91082916 -0.01000000 6.00631490
v 4.91085973 -0.01000000 6.00632256
v 4.91088941 -0.01000000 6.00633318
v 4.91091791 -0.01000000 6.00634666
v 4.91094495 -0.01000000 6.00636286
v 4.91097027 -0.01000000 6.00638164
v 4.91099362 -0.01000000 6.00640281
v 4.91101479 -0.01000000 6.00642617
v 4.91103357 -0.01000000 6.00645148
v 4.91104978 -0.01000000 6.00647852
v 4.91106325 -0.01000000 6.00650702
v 4.91107387 -0.01000000 6.00653670
v 4.91108153 -0.01000000 6.00656728
v 4.91108616 -0.01000000 6.00659846
v 4.91108770 -0.01000000 6.00662994
v 4.91108770 -0.01000000 6.18116461
v 4.91108616 -0.01000000 6.18119609
v 4.91108153 -0.01000000 6.18122727
v 4.91107387 -0.01000000 6.18125785
v 4.91106325 -0.01000000 6.18128753
v 4.91104978 -0.01000000 6.18131603
v 4.91103357 -0.01000000 6.18134307
v 4.91101479 -0.01000000 6.18136838
v 4.91099362 -0.01000000 6.18139174
v 4.91097027 -0.01000000 6.18141291
v 4.91094495 -0.01000000 6.18143169
v 4.91091791 -0.01000000 6.18144789
v 4.91088941 -0.01000000 6.18146137
v 4.91085973 -0.01000000 6.18147199
v 4.91082916 -0.01000000 6.18147965
v 4.91079798 -0.01000000 6.18148427
v 4.91076649 -0.01000000 6.18148582
v 4.87112920 -0.01000000 6.18148582
v 4.87112920 -0.01000000 6.18153279
v 4.87112847 -0.01000000 6.18154782
v 4.87111343 -0.01000000 6.18154856
v 4.77148866 -0.01000000 6.18154856
v 4.77142570 -0.01000000 6.18155165
v 4.77136333 -0.01000000 6.18156090
v 4.77130218 -0.01000000 6.18157622
v 4.77124282 -0.01000000 6.18159746
v 4.77118583 -0.01000000 6.18162442
v 4.77113175 -0.01000000 6.18165683
v 4.77108111 -0.01000000 6.18169438
v 4.77103440 -0.01000000 6.18173672
v 4.77099206 -0.01000000 6.18178343
v 4.77095451 -0.01000000 6.18183407
v 4.77092210 -0.01000000 6.18188815
v 4.77091094 -0.01000000 6.18191174
v 4.77091094 -0.01000000 6.63690094
v 6.59289524 -0.01000000 6.63690094
v 6.59289524 -0.01000000 6.18154856
v 5.75197489 -0.01000000 6.18154856
v 5.75195986 -0.01000000 6.18154782
v 5.75195912 -0.01000000 6.18153279
v 5.75195912 -0.01000000 6.18148582
v 5.71232184 -0.01000000 6.18148582
v 5.71229035 -0.01000000 6.18148427
v 5.71225917 -0.01000000 6.18147965
v 5.71222859 -0.01000000 6.18147199
v 5.71219891 -0.01000000 6.18146137
v 5.71217042 -0.01000000 6.18144789
v 5.71214338 -0.01000000 6.18143169
v 5.71211806 -0.01000000 6.18141291
v 5.71209470 -0.01000000 6.18139174
v 5.71207354 -0.01000000 6.18136838
v 5.71205476 -0.01000000 6.18134307
v 5.71203855 -0.01000000 6.18131603
v 5.71202507 -0.01000000 6.18128753
v 5.71201446 -0.01000000 6.18125785
v 5.71200680 -0.01000000 6.18122727
v 5.71200217 -0.01000000 6.18119609
v 5.71200062 -0.01000000 6.18116461
v 5.71200062 -0.01000000 6.00662994
v 5.71200217 -0.01000000 6.00659846
v 5.71200680 -0.01000000 6.00656728
v 5.71201446 -0.01000000 6.00653670
v 5.71202507 -0.01000000 6.00650702
v 5.71203855 -0.01000000 6.00647852
v 5.71205476 -0.01000000 6.00645148
v 5.71207354 -0.01000000 6.00642617
v 5.71209470 -0.01000000 6.00640281
v 5.71211806 -0.01000000 6.00638164
v 5.71214338 -0.01000000 6.00636286
v 5.71217042 -0.01000000 6.00634666
v 5.71219891 -0.01000000 6.00633318
v 5.71222859 -0.01000000 6.00632256
v 5.71225917 -0.01000000 6.00631490
v 5.71229035 -0.01000000 6.00631027
v 5.71232184 -0.01000000 6.00630873
v 8.73493507 -0.01000000 6.00630873
v 8.73496655 -0.01000000 6.00631027
v 8.73499773 -0.01000000 6.00631490
v 8.73502831 -0.01000000 6.00632256
v 8.73505799 -0.01000000 6.00633318
v 8.73508649 -0.01000000 6.00634666
v 8.73510825 -0.01000000 6.00635970
v 8.73524051 -0.01000000 6.00635970
v 8.73525554 -0.01000000 6.00636044
v 8.73525628 -0.01000000 6.00637547
v 8.73525628 -0.01000000 6.00662994
v 8.73525628 -0.01000000 6.18153279
v 8.73525628 -0.01000000 6.19152775
v 8.73526912 -0.01000000 6.19152838
v 8.73527000 -0.01000000 6.19154818
v 8.73527000 -0.01000000 6.63638775
v 8.73527310 -0.01000000 6.63645072
v 8.73528235 -0.01000000 6.63651308
v 8.73529767 -0.01000000 6.63657424
v 8.73531891 -0.01000000 6.63663360
v 8.73534586 -0.01000000 6.63669059
v 8.73537827 -0.01000000 6.63674466
v 8.73541583 -0.01000000 6.63679530
v 8.73545817 -0.01000000 6.63684201
v 8.73550488 -0.01000000 6.63688435
v 8.73552724 -0.01000000 6.63690094
v 10.84736008 -0.01000000 6.63690094
v 10.84738245 -0.01000000 6.63688435
v 10.84742916 -0.01000000 6.63684201
v 10.84747150 -0.01000000 6.63679530
v 10.84750905 -0.01000000 6.63674466
v 10.84754146 -0.01000000 6.63669059
v 10.84756842 -0.01000000 6.63663360
v 10.84758966 -0.01000000 6.63657424
v 10.84760498 -0.01000000 6.63651308
v 10.84761423 -0.01000000 6.63645072
v 10.84761732 -0.01000000 6.63638775
v 10.84761732 -0.01000000 6.00662994
v 10.84761732 -0.01000000 6.00637547
v 10.84761806 -0.01000000 6.00636044
v 10.84763309 -0.01000000 6.00635970
v 10.84776535 -0.01000000 6.00635970
v 10.84778712 -0.01000000 6.00634666
v 10.84781561 -0.01000000 6.00633318
v 10.84784529 -0.01000000 6.00632256
v 10.84787587 -0.01000000 6.00631490
v 10.84790705 -0.01000000 6.00631027
v 10.84793853 -0.01000000 6.00630873
v 11.06751829 -0.01000000 6.00630873
v 11.06754978 -0.01000000 6.00631027
v 11.06758096 -0.01000000 6.00631490
v 11.06761154 -0.01000000 6.00632256
v 11.06764122 -0.01000000 6.00633318
v 11.06766971 -0.01000000 6.00634666
v 11.06769148 -0.01000000 6.00635970
v 11.06771168 -0.01000000 6.00635970
v 11.06771168 -0.01000000 4.80498335
v 11.06771073 -0.01000000 4.80498315
v 11.06765594 -0.01000000 4.80497603
v 11.06760073 -0.01000000 4.80497366
v 11.06751829 -0.01000000 4.80497366
v 9.67634311 -0.01000000 4.80497366
v 9.63664398 -0.01000000 4.80497366
v 9.63661250 -0.01000000 4.80497211
v 9.63658132 -0.01000000 4.80496749
v 9.63655074 -0.01000000 4.80495983
v 9.63652106 -0.01000000 4.80494921
v 9.63649256 -0.01000000 4.80493573
v 9.63646553 -0.01000000 4.80491952
v 9.63644021 -0.01000000 4.80490075
v 9.63641685 -0.01000000 4.80487958
v 9.63639568 -0.01000000 4.80485622
v 9.63637690 -0.01000000 4.80483090
v 9.63636070 -0.01000000 4.80480386
v 9.63634722 -0.01000000 4.80477537
v 9.63633660 -0.01000000 4.80474569
v 9.63632894 -0.01000000 4.80471511
v 9.63632432 -0.01000000 4.80468393
v 9.63632277 -0.01000000 4.80465245
v 9.63632277 -0.01000000 4.65508118
v 9.63632432 -0.01000000 4.65504970
v 9.63632894 -0.01000000 4.65501851
v 9.63632924 -0.01000000 4.65501735
v 8.83546808 -0.01000000 4.65501735
v 8.83546838 -0.01000000 4.65501851
v 8.83547300 -0.01000000 4.65504970
v 8.83547455 -0.01000000 4.65508118
v 8.83547455 -0.01000000 4.80465245
v 8.83547300 -0.01000000 4.80468393
v 8.83546838 -0.01000000 4.80471511
v 8.83546072 -0.01000000 4.80474569
v 8.83545010 -0.01000000 4.80477537
v 8.83543662 -0.01000000 4.80480386
v 8.83542041 -0.01000000 4.80483090
v 8.83540164 -0.01000000 4.80485622
v 8.83538047 -0.01000000 4.80487958
v 8.83535711 -0.01000000 4.80490075
v 8.83533179 -0.01000000 4.80491952
v 8.83530475 -0.01000000 4.80493573
v 8.83527626 -0.01000000 4.80494921
v 8.83524658 -0.01000000 4.80495983
v 8.83521600 -0.01000000 4.80496749
v 8.83518482 -0.01000000 4.80497211
v 8.83515334 -0.01000000 4.80497366
v 5.71232184 -0.01000000 4.80497366
v 5.71229035 -0.01000000 4.80497211
v 5.71225917 -0.01000000 4.80496749
v 5.71222859 -0.01000000 4.80495983
v 5.71219891 -0.01000000 4.80494921
v 5.71217042 -0.01000000 4.80493573
v 5.71214338 -0.01000000 4.80491952
v 5.71211806 -0.01000000 4.80490075
v 5.71209470 -0.01000000 4.80487958
v 5.71207354 -0.01000000 4.80485622
v 5.71205476 -0.01000000 4.80483090
v 5.71203855 -0.01000000 4.80480386
v 5.71202507 -0.01000000 4.80477537
v 5.71201446 -0.01000000 4.80474569
v 5.71200680 -0.01000000 4.80471511
v 5.71200217 -0.01000000 4.80468393
v 5.71200062 -0.01000000 4.80465245
v 5.71200062 -0.01000000 4.65508118
v 5.71200217 -0.01000000 4.65504970
v 5.71200680 -0.01000000 4.65501851
v 5.71200709 -0.01000000 4.65501735
v 4.91108124 -0.01000000 4.65501735
v 4.91108153 -0.01000000 4.65501851
v 4.91108616 -0.01000000 4.65504970
v 4.91108770 0.00000000 4.65508118
v 4.91108770 0.00000000 4.80465245
v 4.91108616 0.00000000 4.80468393
v 4.91108153 0.00000000 4.80471511
v 4.91107387 0.00000000 4.80474569
v 4.91106325 0.00000000 4.80477537
v 4.91104978 0.00000000 4.80480386
v 4.91103357 0.00000000 4.80483090
v 4.91101479 0.00000000 4.80485622
v 4.91099362 0.00000000 4.80487958
v 4.91097027 0.00000000 4.80490075
v 4.91094495 0.00000000 4.80491952
v 4.91091791 0.00000000 4.80493573
v 4.91088941 0.00000000 4.80494921
v 4.91085973 0.00000000 4.80495983
v 4.91082916 0.00000000 4.80496749
v 4.91079798 0.00000000 4.80497211
v 4.91076649 0.00000000 4.80497366
v 4.20085791 0.00000000 4.80497366
v 4.20080227 0.00000000 4.80498760
v 4.20074291 0.00000000 4.80500884
v 4.20068592 0.00000000 4.80503579
v 4.20063184 0.00000000 4.80506820
v 4.20058120 0.00000000 4.80510576
v 4.20053449 0.00000000 4.80514810
v 4.20049215 0.00000000 4.80519481
v 4.20045460 0.00000000 4.80524545
v 4.20042218 0.00000000 4.80529952
v 4.20039523 0.00000000 4.80535652
v 4.20037399 0.00000000 4.80541587
v 4.20037280 0.00000000 4.80542065
v 4.20037280 0.00000000 6.00589899
v 4.20037399 0.00000000 6.00590376
v 4.20039523 0.00000000 6.00596312
v 4.20042218 0.00000000 6.00602011
v 4.20045460 0.00000000 6.00607419
v 4.20049215 0.00000000 6.00612483
v 4.20053449 0.00000000 6.00617154
v 4.20058120 0.00000000 6.00621388
v 4.20063184 0.00000000 6.00625143
v 4.20068592 0.00000000 6.00628384
v 4.20073853 0.00000000 6.00630873
v 4.91076649 0.00000000 6.00630873
v 4.91079798 0.00000000 6.00631027
v 4.91082916 0.00000000 6.00631490
v 4.91085973 0.00000000 6.00632256
v 4.91088941 0.00000000 6.00633318
v 4.91091791 0.00000000 6.00634666
v 4.91094495 0.00000000 6.00636286
v 4.91097027 0.00000000 6.00638164
v 4.91099362 0.00000000 6.00640281
v 4.91101479 0.00000000 6.00642617
v 4.91103357 0.00000000 6.00645148
v 4.91104978 0.00000000 6.00647852
v 4.91106325 0.00000000 6.00650702
v 4.91107387 0.00000000 6.00653670
v 4.91108153 0.00000000 6.00656728
v 4.91108616 0.00000000 6.00659846
v 4.91108770 0.00000000 6.00662994
v 4.91108770 0.00000000 6.18116461
v 4.91108616 0.00000000 6.18119609
v 4.91108153 0.00000000 6.18122727
v 4.91107387 0.00000000 6.18125785
v 4.91106325 0.00000000 6.18128753
v 4.91104978 0.00000000 6.18131603
v 4.91103357 0.00000000 6.18134307
v 4.91101479 0.00000000 6.18136838
v 4.91099362 0.00000000 6.18139174
v 4.91097027 0.00000000 6.18141291
v 4.91094495 0.00000000 6.18143169
v 4.91091791 0.00000000 6.18144789
v 4.91088941 0.00000000 6.18146137
v 4.91085973 0.00000000 6.18147199
v 4.91082916 0.00000000 6.18147965
v 4.91079798 0.00000000 6.18148427
v 4.91076649 0.00000000 6.18148582
v 4.87112920 0.00000000 6.18148582
v 4.87112920 0.00000000 6.18153279
v 4.87112847 0.00000000 6.18154782
v 4.87111343 0.00000000 6.18154856
v 4.77148866 0.00000000 6.18154856
v 4.77142570 0.00000000 6.18155165
v 4.77136333 0.00000000 6.18156090
v 4.77130218 0.00000000 6.18157622
v 4.77124282 0.00000000 6.18159746
v 4.77118583 0.00000000 6.18162442
v 4.77113175 0.00000000 6.18165683
v 4.77108111 0.00000000 6.18169438
v 4.77103440 0.00000000 6.18173672
v 4.77099206 0.00000000 6.18178343
v 4.77095451 0.00000000 6.18183407
v 4.77092210 0.00000000 6.18188815
v 4.77091094 0.00000000 6.18191174
v 4.77091094 0.00000000 6.63690094
v 6.59289524 0.00000000 6.63690094
v 6.59289524 0.00000000 6.18154856
v 5.75197489 0.00000000 6.18154856
v 5.75195986 0.00000000 6.18154782
v 5.75195912 0.00000000 6.18153279
v 5.75195912 0.00000000 6.18148582
v 5.71232184 0.00000000 6.18148582
v 5.71229035 0.00000000 6.18148427
v 5.71225917 0.00000000 6.18147965
v 5.71222859 0.00000000 6.18147199
v 5.71219891 0.00000000 6.18146137
v 5.71217042 0.00000000 6.18144789
v 5.71214338 0.00000000 6.18143169
v 5.71211806 0.00000000 6.18141291
v 5.71209470 0.00000000 6.18139174
v 5.71207354 0.00000000 6.18136838
v 5.71205476 0.00000000 6.18134307
v 5.71203855 0.00000000 6.18131603
v 5.71202507 0.00000000 6.18128753
v 5.71201446 0.00000000 6.18125785
v 5.71200680 0.00000000 6.18122727
v 5.71200217 0.00000000 6.18119609
v 5.71200062 0.00000000 6.18116461
v 5.71200062 0.00000000 6.00662994
v 5.71200217 0.00000000 6.00659846
v 5.71200680 0.00000000 6.00656728
v 5.71201446 0.00000000 6.00653670
v 5.71202507 0.00000000 6.00650702
v 5.71203855 0.00000000 6.00647852
v 5.71205476 0.00000000 6.00645148
v 5.71207354 0.00000000 6.00642617
v 5.71209470 0.00000000 6.00640281
v 5.71211806 0.00000000 6.00638164
v 5.71214338 0.00000000 6.00636286
v 5.71217042 0.00000000 6.00634666
v 5.71219891 0.00000000 6.00633318
v 5.71222859 0.00000000 6.00632256
v 5.71225917 0.00000000 6.00631490
v 5.71229035 0.00000000 6.00631027
v 5.71232184 0.00000000 6.00630873
v 8.73493507 0.00000000 6.00630873
v 8.73496655 0.00000000 6.00631027
v 8.73499773 0.00000000 6.00631490
v 8.73502831 0.00000000 6.00632256
v 8.73505799 0.00000000 6.00633318
v 8.73508649 0.00000000 6.00634666
v 8.73510825 0.00000000 6.00635970
v 8.73524051 0.00000000 6.00635970
v 8.73525554 0.00000000 6.00636044
v 8.73525628 0.00000000 6.00637547
v 8.73525628 0.00000000 6.00662994
v 8.73525628 0.00000000 6.18153279
v 8.73525628 0.00000000 6.19152775
v 8.73526912 0.00000000 6.19152838
v 8.73527000 0.00000000 6.19154818
v 8.73527000 0.00000000 6.63638775
v 8.73527310 0.00000000 6.63645072
v 8.73528235 0.00000000 6.63651308
v 8.73529767 0.00000000 6.63657424
v 8.73531891 0.00000000 6.63663360
v 8.73534586 0.00000000 6.63669059
v 8.73537827 0.00000000 6.63674466
v 8.73541583 0.00000000 6.63679530
v 8.73545817 0.00000000 6.63684201
v 8.73550488 0.00000000 6.63688435
v 8.73552724 0.00000000 6.63690094
v 10.84736008 0.00000000 6.63690094
v 10.84738245 0.00000000 6.63688435
v 10.84742916 0.00000000 6.63684201
v 10.84747150 0.00000000 6.63679530
v 10.84750905 0.00000000 6.63674466
v 10.84754146 0.00000000 6.63669059
v 10.84756842 0.00000000 6.63663360
v 10.84758966 0.00000000 6.63657424
v 10.84760498 0.00000000 6.63651308
v 10.84761423 0.00000000 6.63645072
v 10.84761732 0.00000000 6.63638775
v 10.84761732 0.00000000 6.00662994
v 10.84761732 0.00000000 6.00637547
v 10.84761806 0.00000000 6.00636044
v 10.84763309 0.00000000 6.00635970
v 10.84776535 0.00000000 6.00635970
v 10.84778712 0.00000000 6.00634666
v 10.84781561 0.00000000 6.00633318
v 10.84784529 0.00000000 6.00632256
v 10.84787587 0.00000000 6.00631490
v 10.84790705 0.00000000 6.00631027
v 10.84793853 0.00000000 6.00630873
v 11.06751829 0.00000000 6.00630873
v 11.06754978 0.00000000 6.00631027
v 11.06758096 0.00000000 6.00631490
v 11.06761154 0.00000000 6.00632256
v 11.06764122 0.00000000 6.00633318
v 11.06766971 0.00000000 6.00634666
v 11.06769148 0.00000000 6.00635970
v 11.06771168 0.00000000 6.00635970
v 11.06771168 0.00000000 4.80498335
v 11.06771073 0.00000000 4.80498315
v 11.06765594 0.00000000 4.80497603
v 11.06760073 0.00000000 4.80497366
v 11.06751829 0.00000000 4.80497366
v 9.67634311 0.00000000 4.80497366
v 9.63664398 0.00000000 4.80497366
v 9.63661250 0.00000000 4.80497211
v 9.63658132 0.00000000 4.80496749
v 9.63655074 0.00000000 4.80495983
v 9.63652106 0.00000000 4.80494921
v 9.63649256 0.00000000 4.80493573
v 9.63646553 0.00000000 4.80491952
v 9.63644021 0.00000000 4.80490075
v 9.63641685 0.00000000 4.80487958
v 9.63639568 0.00000000 4.80485622
v 9.63637690 0.00000000 4.80483090
v 9.63636070 0.00000000 4.80480386
v 9.63634722 0.00000000 4.80477537
v 9.63633660 0.00000000 4.80474569
v 9.63632894 0.00000000 4.80471511
v 9.63632432 0.00000000 4.80468393
v 9.63632277 0.00000000 4.80465245
v 9.63632277 0.00000000 4.65508118
v 9.63632432 0.00000000 4.65504970
v 9.63632894 0.00000000 4.65501851
v 9.63632924 0.00000000 4.65501735
v 8.83546808 0.00000000 4.65501735
v 8.83546838 0.00000000 4.65501851
v 8.83547300 0.00000000 4.65504970
v 8.83547455 0.00000000 4.65508118
v 8.83547455 0.00000000 4.80465245
v 8.83547300 0.00000000 4.80468393
v 8.83546838 0.00000000 4.80471511
v 8.83546072 0.00000000 4.80474569
v 8.83545010 0.00000000 4.80477537
v 8.83543662 0.00000000 4.80480386
v 8.83542041 0.00000000 4.80483090
v 8.83540164 0.00000000 4.80485622
v 8.83538047 0.00000000 4.80487958
v 8.83535711 0.00000000 4.80490075
v 8.83533179 0.00000000 4.80491952
v 8.83530475 0.00000000 4.80493573
v 8.83527626 0.00000000 4.80494921
v 8.83524658 0.00000000 4.80495983
v 8.83521600 0.00000000 4.80496749
v 8.83518482 0.00000000 4.80497211
v 8.83515334 0.00000000 4.80497366
v 5.71232184 0.00000000 4.80497366
v 5.71229035 0.00000000 4.80497211
v 5.71225917 0.00000000 4.80496749
v 5.71222859 0.00000000 4.80495983
v 5.71219891 0.00000000 4.80494921
v 5.71217042 0.00000000 4.80493573
v 5.71214338 0.00000000 4.80491952
v 5.71211806 0.00000000 4.80490075
v 5.71209470 0.00000000 4.80487958
v 5.71207354 0.00000000 4.80485622
v 5.71205476 0.00000000 4.80483090
v 5.71203855 0.00000000 4.80480386
v 5.71202507 0.00000000 4.80477537
v 5.71201446 0.00000000 4.80474569
v 5.71200680 0.00000000 4.80471511
v 5.71200217 0.00000000 4.80468393
v 5.71200062 0.00000000 4.80465245
v 5.71200062 0.00000000 4.65508118
v 5.71200217 0.00000000 4.65504970
v 5.71200680 0.00000000 4.65501851
v 5.71200709 0.00000000 4.65501735
v 4.91108124 0.00000000 4.65501735
v 4.91108153 0.00000000 4.65501851
v 4.91108616 0.00000000 4.65504970
f 5633 5632 5631
f 5633 5631 5630
f 5633 5630 5629
f 5633 5629 5628
f 5633 5628 5627
f 5633 5627 5626
f 5633 5626 5625
f 5633 5625 5624
f 5633 5624 5623
f 5633 5623 5622
f 5633 5622 5621
f 5633 5621 5620
f 5633 5620 5619
f 5633 5619 5618
f 5633 5618 5617
f 5633 5617 5616
f 5633 5616 5615
f 5633 5615 5614
f 5633 5614 5613
f 5591 5590 5589
f 5591 5589 5588
f 5591 5588 5587
f 5591 5587 5586
f 5591 5586 5585
f 5591 5585 5584
f 5591 5584 5583
f 5591 5583 5582
f 5591 5582 5581
f 5591 5581 5580
f 5591 5580 5579
f 5591 5579 5578
f 5591 5578 5577
f 5591 5577 5576
f 5591 5576 5575
f 5591 5575 5574
f 5591 5574 5573
f 5591 5573 5572
f 5591 5572 5571
f 5567 5566 5565
f 5567 5565 5564
f 5567 5564 5563
f 5567 5563 5562
f 5567 5562 5561
f 5567 5561 5560
f 5567 5560 5559
f 5567 5559 5558
f 5567 5558 5557
f 5567 5557 5556
f 5567 5556 5555
f 5567 5555 5554
f 5567 5554 5553
f 5567 5553 5552
f 5567 5552 5551
f 5567 5551 5550
f 5567 5550 5549
f 5567 5549 5548
f 5567 5548 5547
f 5567 5547 5546
f 5544 5543 5542
f 5544 5542 5541
f 5544 5541 5540
f 5544 5540 5539
f 5544 5539 5538
f 5544 5538 5537
f 5544 5537 5536
f 5544 5536 5535
f 5544 5535 5534
f 5544 5534 5533
f 5544 5533 5532
f 5544 5532 5531
f 5544 5531 5530
f 5544 5530 5529
f 5544 5529 5528
f 5544 5528 5527
f 5544 5527 5526
f 5544 5526 5525
f 5544 5525 5524
f 5544 5524 5523
f 5544 5523 5522
f 5544 5522 5521
f 5544 5521 5520
f 5544 5520 5519
f 5544 5519 5518
f 5544 5518 5517
f 5544 5517 5516
f 5544 5516 5515
f 5544 5515 5514
f 5514 5513 5512
f 5514 5512 5511
f 5514 5511 5510
f 5514 5510 5509
f 5473 5472 5471
f 5473 5471 5470
f 5473 5470 5469
f 5469 5468 5467
f 5469 5467 5466
f 5469 5466 5465
f 5469 5465 5464
f 5469 5464 5463
f 5469 5463 5462
f 5469 5462 5461
f 5469 5461 5460
f 5469 5460 5459
f 5469 5459 5458
f 5469 5458 5457
f 5469 5457 5456
f 5469 5456 5455
f 5469 5455 5454
f 5454 5453 5452
f 5450 5449 5448
f 5415 5414 5413
f 5415 5413 5412
f 5415 5412 5411
f 5415 5411 5410
f 5415 5410 5409
f 5415 5409 5408
f 5415 5408 5407
f 5415 5407 5406
f 5415 5406 5405
f 5415 5405 5404
f 5415 5404 5403
f 5415 5403 5402
f 5415 5402 5401
f 5415 5401 5400
f 5415 5400 5399
f 5415 5399 5398
f 5415 5398 5397
f 5415 5397 5396
f 5415 5396 5395
f 5415 5395 5394
f 5415 5394 5393
f 5415 5393 5392
f 5415 5392 5391
f 5415 5391 5390
f 5415 5390 5389
f 5415 5389 5388
f 5415 5388 5387
f 5415 5387 5386
f 5415 5386 5385
f 5415 5385 5384
f 5415 5384 5383
f 5415 5383 5382
f 5415 5382 5381
f 5415 5381 5380
f 5415 5380 5379
f 5415 5379 5378
f 5415 5378 5377
f 5415 5377 5376
f 5415 5376 5375
f 5415 5375 5374
f 5634 5633 5613
f 5592 5591 5571
f 5568 5567 5546
f 5568 5546 5545
f 5568 5545 5544
f 5568 5544 5514
f 5568 5514 5509
f 5568 5509 5508
f 5568 5508 5507
f 5568 5507 5506
f 5568 5506 5505
f 5568 5505 5504
f 5568 5504 5503
f 5469 5454 5452
f 5469 5452 5451
f 5469 5451 5450
f 5469 5450 5448
f 5469 5448 5447
f 5469 5447 5446
f 5469 5446 5445
f 5469 5445 5444
f 5469 5444 5443
f 5469 5443 5442
f 5469 5442 5441
f 5469 5441 5440
f 5469 5440 5439
f 5469 5439 5438
f 5469 5438 5437
f 5469 5437 5436
f 5469 5436 5435
f 5469 5435 5434
f 5469 5434 5433
f 5469 5433 5432
f 5416 5415 5374
f 5373 5634 5613
f 5593 5592 5571
f 5569 5568 5503
f 5473 5469 5432
f 5417 5416 5374
f 5374 5373 5613
f 5374 5613 5612
f 5374 5612 5611
f 5594 5593 5571
f 5594 5571 5570
f 5594 5570 5569
f 5474 5473 5432
f 5418 5417 5374
f 5418 5374 5611
f 5418 5611 5610
f 5418 5610 5609
f 5418 5609 5608
f 5418 5608 5607
f 5595 5594 5569
f 5475 5474 5432
f 5475 5432 5431
f 5475 5431 5430
f 5475 5430 5429
f 5475 5429 5428
f 5475 5428 5427
f 5475 5427 5426
f 5475 5426 5425
f 5475 5425 5424
f 5475 5424 5423
f 5475 5423 5422
f 5475 5422 5421
f 5475 5421 5420
f 5475 5420 5419
f 5475 5419 5418
f 5596 5595 5569
f 5476 5475 5418
f 5597 5596 5569
f 5477 5476 5418
f 5598 5597 5569
f 5478 5477 5418
f 5599 5598 5569
f 5479 5478 5418
f 5600 5599 5569
f 5480 5479 5418
f 5601 5600 5569
f 5481 5480 5418
f 5602 5601 5569
f 5482 5481 5418
f 5603 5602 5569
f 5483 5482 5418
f 5604 5603 5569
f 5484 5483 5418
f 5605 5604 5569
f 5485 5484 5418
f 5606 5605 5569
f 5606 5569 5503
f 5606 5503 5502
f 5486 5485 5418
f 5607 5606 5502
f 5487 5486 5418
f 5418 5607 5502
f 5418 5502 5501
f 5418 5501 5500
f 5418 5500 5499
f 5418 5499 5498
f 5418 5498 5497
f 5418 5497 5496
f 5418 5496 5495
f 5418 5495 5494
f 5418 5494 5493
f 5418 5493 5492
f 5418 5492 5491
f 5418 5491 5490
f 5418 5490 5489
f 5418 5489 5488
f 5418 5488 5487
f 5893 5894 5895
f 5892 5893 5895
f 5891 5892 5895
f 5890 5891 5895
f 5889 5890 5895
f 5888 5889 5895
f 5887 5888 5895
f 5886 5887 5895
f 5885 5886 5895
f 5884 5885 5895
f 5883 5884 5895
f 5882 5883 5895
f 5881 5882 5895
f 5880 5881 5895
f 5879 5880 5895
f 5878 5879 5895
f 5877 5878 5895
f 5876 5877 5895
f 5875 5876 5895
f 5851 5852 5853
f 5850 5851 5853
f 5849 5850 5853
f 5848 5849 5853
f 5847 5848 5853
f 5846 5847 5853
f 5845 5846 5853
f 5844 5845 5853
f 5843 5844 5853
f 5842 5843 5853
f 5841 5842 5853
f 5840 5841 5853
f 5839 5840 5853
f 5838 5839 5853
f 5837 5838 5853
f 5836 5837 5853
f 5835 5836 5853
f 5834 5835 5853
f 5833 5834 5853
f 5827 5828 5829
f 5826 5827 5829
f 5825 5826 5829
f 5824 5825 5829
f 5823 5824 5829
f 5822 5823 5829
f 5821 5822 5829
f 5820 5821 5829
f 5819 5820 5829
f 5818 5819 5829
f 5817 5818 5829
f 5816 5817 5829
f 5815 5816 5829
f 5814 5815 5829
f 5813 5814 5829
f 5812 5813 5829
f 5811 5812 5829
f 5810 5811 5829
f 5809 5810 5829
f 5808 5809 5829
f 5804 5805 5806
f 5803 5804 5806
f 5802 5803 5806
f 5801 5802 5806
f 5800 5801 5806
f 5799 5800 5806
f 5798 5799 5806
f 5797 5798 5806
f 5796 5797 5806
f 5795 5796 5806
f 5794 5795 5806
f 5793 5794 5806
f 5792 5793 5806
f 5791 5792 5806
f 5790 5791 5806
f 5789 5790 5806
f 5788 5789 5806
f 5787 5788 5806
f 5786 5787 5806
f 5785 5786 5806
f 5784 5785 5806
f 5783 5784 5806
f 5782 5783 5806
f 5781 5782 5806
f 5780 5781 5806
f 5779 5780 5806
f 5778 5779 5806
f 5777 5778 5806
f 5776 5777 5806
f 5774 5775 5776
f 5773 5774 5776
f 5772 5773 5776
f 5771 5772 5776
f 5733 5734 5735
f 5732 5733 5735
f 5731 5732 5735
f 5729 5730 5731
f 5728 5729 5731
f 5727 5728 5731
f 5726 5727 5731
f 5725 5726 5731
f 5724 5725 5731
f 5723 5724 5731
f 5722 5723 5731
f 5721 5722 5731
f 5720 5721 5731
f 5719 5720 5731
f 5718 5719 5731
f 5717 5718 5731
f 5716 5717 5731
f 5714 5715 5716
f 5710 5711 5712
f 5675 5676 5677
f 5674 5675 5677
f 5673 5674 5677
f 5672 5673 5677
f 5671 5672 5677
f 5670 5671 5677
f 5669 5670 5677
f 5668 5669 5677
f 5667 5668 5677
f 5666 5667 5677
f 5665 5666 5677
f 5664 5665 5677
f 5663 5664 5677
f 5662 5663 5677
f 5661 5662 5677
f 5660 5661 5677
f 5659 5660 5677
f 5658 5659 5677
f 5657 5658 5677
f 5656 5657 5677
f 5655 5656 5677
f 5654 5655 5677
f 5653 5654 5677
f 5652 5653 5677
f 5651 5652 5677
f 5650 5651 5677
f 5649 5650 5677
f 5648 5649 5677
f 5647 5648 5677
f 5646 5647 5677
f 5645 5646 5677
f 5644 5645 5677
f 5643 5644 5677
f 5642 5643 5677
f 5641 5642 5677
f 5640 5641 5677
f 5639 5640 5677
f 5638 5639 5677
f 5637 5638 5677
f 5636 5637 5677
f 5875 5895 5896
f 5833 5853 5854
f 5808 5829 5830
f 5807 5808 5830
f 5806 5807 5830
f 5776 5806 5830
f 5771 5776 5830
f 5770 5771 5830
f 5769 5770 5830
f 5768 5769 5830
f 5767 5768 5830
f 5766 5767 5830
f 5765 5766 5830
f 5714 5716 5731
f 5713 5714 5731
f 5712 5713 5731
f 5710 5712 5731
f 5709 5710 5731
f 5708 5709 5731
f 5707 5708 5731
f 5706 5707 5731
f 5705 5706 5731
f 5704 5705 5731
f 5703 5704 5731
f 5702 5703 5731
f 5701 5702 5731
f 5700 5701 5731
f 5699 5700 5731
f 5698 5699 5731
f 5697 5698 5731
f 5696 5697 5731
f 5695 5696 5731
f 5694 5695 5731
f 5636 5677 5678
f 5875 5896 5635
f 5833 5854 5855
f 5765 5830 5831
f 5694 5731 5735
f 5636 5678 5679
f 5875 5635 5636
f 5874 5875 5636
f 5873 5874 5636
f 5833 5855 5856
f 5832 5833 5856
f 5831 5832 5856
f 5694 5735 5736
f 5636 5679 5680
f 5873 5636 5680
f 5872 5873 5680
f 5871 5872 5680
f 5870 5871 5680
f 5869 5870 5680
f 5831 5856 5857
f 5694 5736 5737
f 5693 5694 5737
f 5692 5693 5737
f 5691 5692 5737
f 5690 5691 5737
f 5689 5690 5737
f 5688 5689 5737
f 5687 5688 5737
f 5686 5687 5737
f 5685 5686 5737
f 5684 5685 5737
f 5683 5684 5737
f 5682 5683 5737
f 5681 5682 5737
f 5680 5681 5737
f 5831 5857 5858
f 5680 5737 5738
f 5831 5858 5859
f 5680 5738 5739
f 5831 5859 5860
f 5680 5739 5740
f 5831 5860 5861
f 5680 5740 5741
f 5831 5861 5862
f 5680 5741 5742
f 5831 5862 5863
f 5680 5742 5743
f 5831 5863 5864
f 5680 5743 5744
f 5831 5864 5865
f 5680 5744 5745
f 5831 5865 5866
f 5680 5745 5746
f 5831 5866 5867
f 5680 5746 5747
f 5831 5867 5868
f 5765 5831 5868
f 5764 5765 5868
f 5680 5747 5748
f 5764 5868 5869
f 5680 5748 5749
f 5764 5869 5680
f 5763 5764 5680
f 5762 5763 5680
f 5761 5762 5680
f 5760 5761 5680
f 5759 5760 5680
f 5758 5759 5680
f 5757 5758 5680
f 5756 5757 5680
f 5755 5756 5680
f 5754 5755 5680
f 5753 5754 5680
f 5752 5753 5680
f 5751 5752 5680
f 5750 5751 5680
f 5749 5750 5680
f 5373 5636 5635
f 5374 5636 5373
f 5374 5637 5636
f 5375 5637 5374
f 5375 5638 5637
f 5376 5638 5375
f 5376 5639 5638
f 5377 5639 5376
f 5377 5640 5639
f 5378 5640 5377
f 5378 5641 5640
f 5379 5641 5378
f 5379 5642 5641
f 5380 5642 5379
f 5380 5643 5642
f 5381 5643 5380
f 5381 5644 5643
f 5382 5644 5381
f 5382 5645 5644
f 5383 5645 5382
f 5383 5646 5645
f 5384 5646 5383
f 5384 5647 5646
f 5385 5647 5384
f 5385 5648 5647
f 5386 5648 5385
f 5386 5649 5648
f 5387 5649 5386
f 5387 5650 5649
f 5388 5650 5387
f 5388 5651 5650
f 5389 5651 5388
f 5389 5652 5651
f 5390 5652 5389
f 5390 5653 5652
f 5391 5653 5390
f 5391 5654 5653
f 5392 5654 5391
f 5392 5655 5654
f 5393 5655 5392
f 5393 5656 5655
f 5394 5656 5393
f 5394 5657 5656
f 5395 5657 5394
f 5395 5658 5657
f 5396 5658 5395
f 5396 5659 5658
f 5397 5659 5396
f 5397 5660 5659
f 5398 5660 5397
f 5398 5661 5660
f 5399 5661 5398
f 5399 5662 5661
f 5400 5662 5399
f 5400 5663 5662
f 5401 5663 5400
f 5401 5664 5663
f 5402 5664 5401
f 5402 5665 5664
f 5403 5665 5402
f 5403 5666 5665
f 5404 5666 5403
f 5404 5667 5666
f 5405 5667 5404
f 5405 5668 5667
f 5406 5668 5405
f 5406 5669 5668
f 5407 5669 5406
f 5407 5670 5669
f 5408 5670 5407
f 5408 5671 5670
f 5409 5671 5408
f 5409 5672 5671
f 5410 5672 5409
f 5410 5673 5672
f 5411 5673 5410
f 5411 5674 5673
f 5412 5674 5411
f 5412 5675 5674
f 5413 5675 5412
f 5413 5676 5675
f 5414 5676 5413
f 5414 5677 5676
f 5415 5677 5414
f 5415 5678 5677
f 5416 5678 5415
f 5416 5679 5678
f 5417 5679 5416
f 5417 5680 5679
f 5418 5680 5417
f 5418 5681 5680
f 5419 5681 5418
f 5419 5682 5681
f 5420 5682 5419
f 5420 5683 5682
f 5421 5683 5420
f 5421 5684 5683
f 5422 5684 5421
f 5422 5685 5684
f 5423 5685 5422
f 5423 5686 5685
f 5424 5686 5423
f 5424 5687 5686
f 5425 5687 5424
f 5425 5688 5687
f 5426 5688 5425
f 5426 5689 5688
f 5427 5689 5426
f 5427 5690 5689
f 5428 5690 5427
f 5428 5691 5690
f 5429 5691 5428
f 5429 5692 5691
f 5430 5692 5429
f 5430 5693 5692
f 5431 5693 5430
f 5431 5694 5693
f 5432 5694 5431
f 5432 5695 5694
f 5433 5695 5432
f 5433 5696 5695
f 5434 5696 5433
f 5434 5697 5696
f 5435 5697 5434
f 5435 5698 5697
f 5436 5698 5435
f 5436 5699 5698
f 5437 5699 5436
f 5437 5700 5699
f 5438 5700 5437
f 5438 5701 5700
f 5439 5701 5438
f 5439 5702 5701
f 5440 5702 5439
f 5440 5703 5702
f 5441 5703 5440
f 5441 5704 5703
f 5442 5704 5441
f 5442 5705 5704
f 5443 5705 5442
f 5443 5706 5705
f 5444 5706 5443
f 5444 5707 5706
f 5445 5707 5444
f 5445 5708 5707
f 5446 5708 5445
f 5446 5709 5708
f 5447 5709 5446
f 5447 5710 5709
f 5448 5710 5447
f 5448 5711 5710
f 5449 5711 5448
f 5449 5712 5711
f 5450 5712 5449
f 5450 5713 5712
f 5451 5713 5450
f 5451 5714 5713
f 5452 5714 5451
f 5452 5715 5714
f 5453 5715 5452
f 5453 5716 5715
f 5454 5716 5453
f 5454 5717 5716
f 5455 5717 5454
f 5455 5718 5717
f 5456 5718 5455
f 5456 5719 5718
f 5457 5719 5456
f 5457 5720 5719
f 5458 5720 5457
f 5458 5721 5720
f 5459 5721 5458
f 5459 5722 5721
f 5460 5722 5459
f 5460 5723 5722
f 5461 5723 5460
f 5461 5724 5723
f 5462 5724 5461
f 5462 5725 5724
f 5463 5725 5462
f 5463 5726 5725
f 5464 5726 5463
f 5464 5727 5726
f 5465 5727 5464
f 5465 5728 5727
f 5466 5728 5465
f 5466 5729 5728
f 5467 5729 5466
f 5467 5730 5729
f 5468 5730 5467
f 5468 5731 5730
f 5469 5731 5468
f 5469 5732 5731
f 5470 5732 5469
f 5470 5733 5732
f 5471 5733 5470
f 5471 5734 5733
f 5472 5734 5471
f 5472 5735 5734
f 5473 5735 5472
f 5473 5736 5735
f 5474 5736 5473
f 5474 5737 5736
f 5475 5737 5474
f 5475 5738 5737
f 5476 5738 5475
f 5476 5739 5738
f 5477 5739 5476
f 5477 5740 5739
f 5478 5740 5477
f 5478 5741 5740
f 5479 5741 5478
f 5479 5742 5741
f 5480 5742 5479
f 5480 5743 5742
f 5481 5743 5480
f 5481 5744 5743
f 5482 5744 5481
f 5482 5745 5744
f 5483 5745 5482
f 5483 5746 5745
f 5484 5746 5483
f 5484 5747 5746
f 5485 5747 5484
f 5485 5748 5747
f 5486 5748 5485
f 5486 5749 5748
f 5487 5749 5486
f 5487 5750 5749
f 5488 5750 5487
f 5488 5751 5750
f 5489 5751 5488
f 5489 5752 5751
f 5490 5752 5489
f 5490 5753 5752
f 5491 5753 5490
f 5491 5754 5753
f 5492 5754 5491
f 5492 5755 5754
f 5493 5755 5492
f 5493 5756 5755
f 5494 5756 5493
f 5494 5757 5756
f 5495 5757 5494
f 5495 5758 5757
f 5496 5758 5495
f 5496 5759 5758
f 5497 5759 5496
f 5497 5760 5759
f 5498 5760 5497
f 5498 5761 5760
f 5499 5761 5498
f 5499 5762 5761
f 5500 5762 5499
f 5500 5763 5762
f 5501 5763 5500
f 5501 5764 5763
f 5502 5764 5501
f 5502 5765 5764
f 5503 5765 5502
f 5503 5766 5765
f 5504 5766 5503
f 5504 5767 5766
f 5505 5767 5504
f 5505 5768 5767
f 5506 5768 5505
f 5506 5769 5768
f 5507 5769 5506
f 5507 5770 5769
f 5508 5770 5507
f 5508 5771 5770
f 5509 5771 5508
f 5509 5772 5771
f 5510 5772 5509
f 5510 5773 5772
f 5511 5773 5510
f 5511 5774 5773
f 5512 5774 5511
f 5512 5775 5774
f 5513 5775 5512
f 5513 5776 5775
f 5514 5776 5513
f 5514 5777 5776
f 5515 5777 5514
f 5515 5778 5777
f 5516 5778 5515
f 5516 5779 5778
f 5517 5779 5516
f 5517 5780 5779
f 5518 5780 5517
f 5518 5781 5780
f 5519 5781 5518
f 5519 5782 5781
f 5520 5782 5519
f 5520 5783 5782
f 5521 5783 5520
f 5521 5784 5783
f 5522 5784 5521
f 5522 5785 5784
f 5523 5785 5522
f 5523 5786 5785
f 5524 5786 5523
f 5524 5787 5786
f 5525 5787 5524
f 5525 5788 5787
f 5526 5788 5525
f 5526 5789 5788
f 5527 5789 5526
f 5527 5790 5789
f 5528 5790 5527
f 5528 5791 5790
f 5529 5791 5528
f 5529 5792 5791
f 5530 5792 5529
f 5530 5793 5792
f 5531 5793 5530
f 5531 5794 5793
f 5532 5794 5531
f 5532 5795 5794
f 5533 5795 5532
f 5533 5796 5795
f 5534 5796 5533
f 5534 5797 5796
f 5535 5797 5534
f 5535 5798 5797
f 5536 5798 5535
f 5536 5799 5798
f 5537 5799 5536
f 5537 5800 5799
f 5538 5800 5537
f 5538 5801 5800
f 5539 5801 5538
f 5539 5802 5801
f 5540 5802 5539
f 5540 5803 5802
f 5541 5803 5540
f 5541 5804 5803
f 5542 5804 5541
f 5542 5805 5804
f 5543 5805 5542
f 5543 5806 5805
f 5544 5806 5543
f 5544 5807 5806
f 5545 5807 5544
f 5545 5808 5807
f 5546 5808 5545
f 5546 5809 5808
f 5547 5809 5546
f 5547 5810 5809
f 5548 5810 5547
f 5548 5811 5810
f 5549 5811 5548
f 5549 5812 5811
f 5550 5812 5549
f 5550 5813 5812
f 5551 5813 5550
f 5551 5814 5813
f 5552 5814 5551
f 5552 5815 5814
f 5553 5815 5552
f 5553 5816 5815
f 5554 5816 5553
f 5554 5817 5816
f 5555 5817 5554
f 5555 5818 5817
f 5556 5818 5555
f 5556 5819 5818
f 5557 5819 5556
f 5557 5820 5819
f 5558 5820 5557
f 5558 5821 5820
f 5559 5821 5558
f 5559 5822 5821
f 5560 5822 5559
f 5560 5823 5822
f 5561 5823 5560
f 5561 5824 5823
f 5562 5824 5561
f 5562 5825 5824
f 5563 5825 5562
f 5563 5826 5825
f 5564 5826 5563
f 5564 5827 5826
f 5565 5827 5564
f 5565 5828 5827
f 5566 5828 5565
f 5566 5829 5828
f 5567 5829 5566
f 5567 5830 5829
f 5568 5830 5567
f 5568 5831 5830
f 5569 5831 5568
f 5569 5832 5831
f 5570 5832 5569
f 5570 5833 5832
f 5571 5833 5570
f 5571 5834 5833
f 5572 5834 5571
f 5572 5835 5834
f 5573 5835 5572
f 5573 5836 5835
f 5574 5836 5573
f 5574 5837 5836
f 5575 5837 5574
f 5575 5838 5837
f 5576 5838 5575
f 5576 5839 5838
f 5577 5839 5576
f 5577 5840 5839
f 5578 5840 5577
f 5578 5841 5840
f 5579 5841 5578
f 5579 5842 5841
f 5580 5842 5579
f 5580 5843 5842
f 5581 5843 5580
f 5581 5844 5843
f 5582 5844 5581
f 5582 5845 5844
f 5583 5845 5582
f 5583 5846 5845
f 5584 5846 5583
f 5584 5847 5846
f 5585 5847 5584
f 5585 5848 5847
f 5586 5848 5585
f 5586 5849 5848
f 5587 5849 5586
f 5587 5850 5849
f 5588 5850 5587
f 5588 5851 5850
f 5589 5851 5588
f 5589 5852 5851
f 5590 5852 5589
f 5590 5853 5852
f 5591 5853 5590
f 5591 5854 5853
f 5592 5854 5591
f 5592 5855 5854
f 5593 5855 5592
f 5593 5856 5855
f 5594 5856 5593
f 5594 5857 5856
f 5595 5857 5594
f 5595 5858 5857
f 5596 5858 5595
f 5596 5859 5858
f 5597 5859 5596
f 5597 5860 5859
f 5598 5860 5597
f 5598 5861 5860
f 5599 5861 5598
f 5599 5862 5861
f 5600 5862 5599
f 5600 5863 5862
f 5601 5863 5600
f 5601 5864 5863
f 5602 5864 5601
f 5602 5865 5864
f 5603 5865 5602
f 5603 5866 5865
f 5604 5866 5603
f 5604 5867 5866
f 5605 5867 5604
f 5605 5868 5867
f 5606 5868 5605
f 5606 5869 5868
f 5607 5869 5606
f 5607 5870 5869
f 5608 5870 5607
f 5608 5871 5870
f 5609 5871 5608
f 5609 5872 5871
f 5610 5872 5609
f 5610 5873 5872
f 5611 5873 5610
f 5611 5874 5873
f 5612 5874 5611
f 5612 5875 5874
f 5613 5875 5612
f 5613 5876 5875
f 5614 5876 5613
f 5614 5877 5876
f 5615 5877 5614
f 5615 5878 5877
f 5616 5878 5615
f 5616 5879 5878
f 5617 5879 5616
f 5617 5880 5879
f 5618 5880 5617
f 5618 5881 5880
f 5619 5881 5618
f 5619 5882 5881
f 5620 5882 5619
f 5620 5883 5882
f 5621 5883 5620
f 5621 5884 5883
f 5622 5884 5621
f 5622 5885 5884
f 5623 5885 5622
f 5623 5886 5885
f 5624 5886 5623
f 5624 5887 5886
f 5625 5887 5624
f 5625 5888 5887
f 5626 5888 5625
f 5626 5889 5888
f 5627 5889 5626
f 5627 5890 5889
f 5628 5890 5627
f 5628 5891 5890
f 5629 5891 5628
f 5629 5892 5891
f 5630 5892 5629
f 5630 5893 5892
f 5631 5893 5630
f 5631 5894 5893
f 5632 5894 5631
f 5632 5895 5894
f 5633 5895 5632
f 5634 5635 5896
f 5373 5635 5634
f 5633 5896 5895
f 5634 5896 5633

o floor Bad
usemtl floor_wet
v 4.91082916 -0.01000000 6.00631490
v 4.91085973 -0.01000000 6.00632256
v 4.91088941 -0.01000000 6.00633318
v 4.91091791 -0.01000000 6.00634666
v 4.91094495 -0.01000000 6.00636286
v 4.91097027 -0.01000000 6.00638164
v 4.91099362 -0.01000000 6.00640281
v 4.91101479 -0.01000000 6.00642617
v 4.91103357 -0.01000000 6.00645148
v 4.91104978 -0.01000000 6.00647852
v 4.91106325 -0.01000000 6.00650702
v 4.91107387 -0.01000000 6.00653670
v 4.91108153 -0.01000000 6.00656728
v 4.91108616 -0.01000000 6.00659846
v 4.91108770 -0.01000000 6.00662994
v 4.91108770 -0.01000000 6.18116461
v 4.91108616 -0.01000000 6.18119609
v 4.91108153 -0.01000000 6.18122727
v 4.91107387 -0.01000000 6.18125785
v 4.91106325 -0.01000000 6.18128753
v 4.91104978 -0.01000000 6.18131603
v 4.91103357 -0.01000000 6.18134307
v 4.91101479 -0.01000000 6.18136838
v 4.91099362 -0.01000000 6.18139174
v 4.91097027 -0.01000000 6.18141291
v 4.91094495 -0.01000000 6.18143169
v 4.91091791 -0.01000000 6.18144789
v 4.91088941 -0.01000000 6.18146137
v 4.91085973 -0.01000000 6.18147199
v 4.91082916 -0.01000000 6.18147965
v 4.91079798 -0.01000000 6.18148427
v 4.91076649 -0.01000000 6.18148582
v 4.87112920 -0.01000000 6.18148582
v 4.87112920 -0.01000000 6.18153279
v 4.87112847 -0.01000000 6.18154782
v 4.87111343 -0.01000000 6.18154856
v 4.77148866 -0.01000000 6.18154856
v 4.77142570 -0.01000000 6.18155165
v 4.77136333 -0.01000000 6.18156090
v 4.77130218 -0.01000000 6.18157622
v 4.77124282 -0.01000000 6.18159746
v 4.77118583 -0.01000000 6.18162442
v 4.77113175 -0.01000000 6.18165683
v 4.77108111 -0.01000000 6.18169438
v 4.77103440 -0.01000000 6.18173672
v 4.77099206 -0.01000000 6.18178343
v 4.77095451 -0.01000000 6.18183407
v 4.77092210 -0.01000000 6.18188815
v 4.77091094 -0.01000000 6.18191174
v 4.77091094 -0.01000000 8.55876468
v 4.77092210 -0.01000000 8.55878827
v 4.77095451 -0.01000000 8.55884235
v 4.77099206 -0.01000000 8.55889299
v 4.77103440 -0.01000000 8.55893970
v 4.77108111 -0.01000000 8.55898204
v 4.77113175 -0.01000000 8.55901959
v 4.77118583 -0.01000000 8.55905200
v 4.77124282 -0.01000000 8.55907896
v 4.77130218 -0.01000000 8.55910020
v 4.77131869 -0.01000000 8.55910433
v 6.59295205 -0.01000000 8.55910433
v 6.59295957 -0.01000000 8.55910396
v 6.59295994 -0.01000000 8.55909645
v 6.59295994 -0.01000000 7.75819930
v 6.59295956 -0.01000000 7.75819155
v 6.59295845 -0.01000000 7.75819006
v 6.59294211 -0.01000000 7.75816578
v 6.59292804 -0.01000000 7.75814011
v 6.59291636 -0.01000000 7.75811327
v 6.59290718 -0.01000000 7.75808547
v 6.59290057 -0.01000000 7.75805696
v 6.59289657 -0.01000000 7.75802796
v 6.59289524 -0.01000000 7.75799872
v 6.59289524 -0.01000000 6.18154856
v 5.75197489 -0.01000000 6.18154856
v 5.75195986 -0.01000000 6.18154782
v 5.75195912 -0.01000000 6.18153279
v 5.75195912 -0.01000000 6.18148582
v 5.71232184 -0.01000000 6.18148582
v 5.71229035 -0.01000000 6.18148427
v 5.71225917 -0.01000000 6.18147965
v 5.71222859 -0.01000000 6.18147199
v 5.71219891 -0.01000000 6.18146137
v 5.71217042 -0.01000000 6.18144789
v 5.71214338 -0.01000000 6.18143169
v 5.71211806 -0.01000000 6.18141291
v 5.71209470 -0.01000000 6.18139174
v 5.71207354 -0.01000000 6.18136838
v 5.71205476 -0.01000000 6.18134307
v 5.71203855 -0.01000000 6.18131603
v 5.71202507 -0.01000000 6.18128753
v 5.71201446 -0.01000000 6.18125785
v 5.71200680 -0.01000000 6.18122727
v 5.71200217 -0.01000000 6.18119609
v 5.71200062 -0.01000000 6.18116461
v 5.71200062 -0.01000000 6.00662994
v 5.71200217 -0.01000000 6.00659846
v 5.71200680 -0.01000000 6.00656728
v 5.71201446 -0.01000000 6.00653670
v 5.71202507 -0.01000000 6.00650702
v 5.71203855 -0.01000000 6.00647852
v 5.71205476 -0.01000000 6.00645148
v 5.71207354 -0.01000000 6.00642617
v 5.71209470 -0.01000000 6.00640281
v 5.71211806 -0.01000000 6.00638164
v 5.71214338 -0.01000000 6.00636286
v 5.71217042 -0.01000000 6.00634666
v 5.71219891 -0.01000000 6.00633318
v 5.71222859 -0.01000000 6.00632256
v 5.71225917 -0.01000000 6.00631490
v 5.71229035 -0.01000000 6.00631027
v 5.71232184 -0.01000000 6.00630873
v 6.98188359 -0.01000000 6.00630873
v 6.98188359 -0.01000000 6.00603880
v 4.60490813 -0.01000000 6.00603880
v 4.60490813 -0.01000000 6.00630873
v 4.91076649 -0.01000000 6.00630873
v 4.91079798 -0.01000000 6.00631027
v 4.91082916 0.00000000 6.00631490
v 4.91085973 0.00000000 6.00632256
v 4.91088941 0.00000000 6.00633318
v 4.91091791 0.00000000 6.00634666
v 4.91094495 0.00000000 6.00636286
v 4.91097027 0.00000000 6.00638164
v 4.91099362 0.00000000 6.00640281
v 4.91101479 0.00000000 6.00642617
v 4.91103357 0.00000000 6.00645148
v 4.91104978 0.00000000 6.00647852
v 4.91106325 0.00000000 6.00650702
v 4.91107387 0.00000000 6.00653670
v 4.91108153 0.00000000 6.00656728
v 4.91108616 0.00000000 6.00659846
v 4.91108770 0.00000000 6.00662994
v 4.91108770 0.00000000 6.18116461
v 4.91108616 0.00000000 6.18119609
v 4.91108153 0.00000000 6.18122727
v 4.91107387 0.00000000 6.18125785
v 4.91106325 0.00000000 6.18128753
v 4.91104978 0.00000000 6.18131603
v 4.91103357 0.00000000 6.18134307
v 4.91101479 0.00000000 6.18136838
v 4.91099362 0.00000000 6.18139174
v 4.91097027 0.00000000 6.18141291
v 4.91094495 0.00000000 6.18143169
v 4.91091791 0.00000000 6.18144789
v 4.91088941 0.00000000 6.18146137
v 4.91085973 0.00000000 6.18147199
v 4.91082916 0.00000000 6.18147965
v 4.91079798 0.00000000 6.18148427
v 4.91076649 0.00000000 6.18148582
v 4.87112920 0.00000000 6.18148582
v 4.87112920 0.00000000 6.18153279
v 4.87112847 0.00000000 6.18154782
v 4.87111343 0.00000000 6.18154856
v 4.77148866 0.00000000 6.18154856
v 4.77142570 0.00000000 6.18155165
v 4.77136333 0.00000000 6.18156090
v 4.77130218 0.00000000 6.18157622
v 4.77124282 0.00000000 6.18159746
v 4.77118583 0.00000000 6.18162442
v 4.77113175 0.00000000 6.18165683
v 4.77108111 0.00000000 6.18169438
v 4.77103440 0.00000000 6.18173672
v 4.77099206 0.00000000 6.18178343
v 4.77095451 0.00000000 6.18183407
v 4.77092210 0.00000000 6.18188815
v 4.77091094 0.00000000 6.18191174
v 4.77091094 0.00000000 8.55876468
v 4.77092210 0.00000000 8.55878827
v 4.77095451 0.00000000 8.55884235
v 4.77099206 0.00000000 8.55889299
v 4.77103440 0.00000000 8.55893970
v 4.77108111 0.00000000 8.55898204
v 4.77113175 0.00000000 8.55901959
v 4.77118583 0.00000000 8.55905200
v 4.77124282 0.00000000 8.55907896
v 4.77130218 0.00000000 8.55910020
v 4.77131869 0.00000000 8.55910433
v 6.59295205 0.00000000 8.55910433
v 6.59295957 0.00000000 8.55910396
v 6.59295994 0.00000000 8.55909645
v 6.59295994 0.00000000 7.75819930
v 6.59295956 0.00000000 7.75819155
v 6.59295845 0.00000000 7.75819006
v 6.59294211 0.00000000 7.75816578
v 6.59292804 0.00000000 7.75814011
v 6.59291636 0.00000000 7.75811327
v 6.59290718 0.00000000 7.75808547
v 6.59290057 0.00000000 7.75805696
v 6.59289657 0.00000000 7.75802796
v 6.59289524 0.00000000 7.75799872
v 6.59289524 0.00000000 6.18154856
v 5.75197489 0.00000000 6.18154856
v 5.75195986 0.00000000 6.18154782
v 5.75195912 0.00000000 6.18153279
v 5.75195912 0.00000000 6.18148582
v 5.71232184 0.00000000 6.18148582
v 5.71229035 0.00000000 6.18148427
v 5.71225917 0.00000000 6.18147965
v 5.71222859 0.00000000 6.18147199
v 5.71219891 0.00000000 6.18146137
v 5.71217042 0.00000000 6.18144789
v 5.71214338 0.00000000 6.18143169
v 5.71211806 0.00000000 6.18141291
v 5.71209470 0.00000000 6.18139174
v 5.71207354 0.00000000 6.18136838
v 5.71205476 0.00000000 6.18134307
v 5.71203855 0.00000000 6.18131603
v 5.71202507 0.00000000 6.18128753
v 5.71201446 0.00000000 6.18125785
v 5.71200680 0.00000000 6.18122727
v 5.71200217 0.00000000 6.18119609
v 5.71200062 0.00000000 6.18116461
v 5.71200062 0.00000000 6.00662994
v 5.71200217 0.00000000 6.00659846
v 5.71200680 0.00000000 6.00656728
v 5.71201446 0.00000000 6.00653670
v 5.71202507 0.00000000 6.00650702
v 5.71203855 0.00000000 6.00647852
v 5.71205476 0.00000000 6.00645148
v 5.71207354 0.00000000 6.00642617
v 5.71209470 0.00000000 6.00640281
v 5.71211806 0.00000000 6.00638164
v 5.71214338 0.00000000 6.00636286
v 5.71217042 0.00000000 6.00634666
v 5.71219891 0.00000000 6.00633318
v 5.71222859 0.00000000 6.00632256
v 5.71225917 0.00000000 6.00631490
v 5.71229035 0.00000000 6.00631027
v 5.71232184 0.00000000 6.00630873
v 6.98188359 0.00000000 6.00630873
v 6.98188359 0.00000000 6.00603880
v 4.60490813 0.00000000 6.00603880
v 4.60490813 0.00000000 6.00630873
v 4.91076649 0.00000000 6.00630873
v 4.91079798 0.00000000 6.00631027
f 6013 6012 6011
f 6013 6011 6010
f 6010 6009 6008
f 5975 5974 5973
f 5975 5973 5972
f 5975 5972 5971
f 5971 5970 5969
f 5971 5969 5968
f 5971 5968 5967
f 5971 5967 5966
f 5971 5966 5965
f 5971 5965 5964
f 5962 5961 5960
f 5962 5960 5959
f 5962 5959 5958
f 5962 5958 5957
f 5962 5957 5956
f 5962 5956 5955
f 5962 5955 5954
f 5962 5954 5953
f 5962 5953 5952
f 5962 5952 5951
f 5962 5951 5950
f 5962 5950 5949
f 5962 5949 5948
f 5962 5948 5947
f 5962 5947 5946
f 5962 5946 5945
f 5962 5945 5944
f 5962 5944 5943
f 5962 5943 5942
f 5962 5942 5941
f 5962 5941 5940
f 5962 5940 5939
f 5962 5939 5938
f 5962 5938 5937
f 5962 5937 5936
f 5962 5936 5935
f 5962 5935 5934
f 5962 5934 5933
f 5962 5933 5932
f 5962 5932 5931
f 5962 5931 5930
f 5962 5930 5929
f 5962 5929 5928
f 5962 5928 5927
f 5962 5927 5926
f 5962 5926 5925
f 5962 5925 5924
f 5962 5924 5923
f 5962 5923 5922
f 5962 5922 5921
f 5962 5921 5920
f 5962 5920 5919
f 5962 5919 5918
f 5962 5918 5917
f 5962 5917 5916
f 5962 5916 5915
f 5962 5915 5914
f 5962 5914 5913
f 5962 5913 5912
f 5962 5912 5911
f 5962 5911 5910
f 5962 5910 5909
f 5962 5909 5908
f 5962 5908 5907
f 5962 5907 5906
f 5962 5906 5905
f 5962 5905 5904
f 5962 5904 5903
f 6014 6013 6010
f 6014 6010 6008
f 6014 6008 6007
f 6014 6007 6006
f 6014 6006 6005
f 6014 6005 6004
f 6014 6004 6003
f 6014 6003 6002
f 6014 6002 6001
f 6014 6001 6000
f 6014 6000 5999
f 6014 5999 5998
f 6014 5998 5997
f 6014 5997 5996
f 6014 5996 5995
f 6014 5995 5994
f 6014 5994 5993
f 6014 5993 5992
f 5975 5971 5964
f 5975 5964 5963
f 5963 5962 5903
f 5897 6014 5992
f 5897 5992 5991
f 5897 5991 5990
f 5897 5990 5989
f 5897 5989 5988
f 5897 5988 5987
f 5897 5987 5986
f 5897 5986 5985
f 5897 5985 5984
f 5897 5984 5983
f 5897 5983 5982
f 5897 5982 5981
f 5897 5981 5980
f 5897 5980 5979
f 5897 5979 5978
f 5897 5978 5977
f 5976 5975 5963
f 5898 5897 5977
f 5977 5976 5963
f 5977 5963 5903
f 5977 5903 5902
f 5977 5902 5901
f 5977 5901 5900
f 5977 5900 5899
f 5977 5899 5898
f 6129 6130 6131
f 6128 6129 6131
f 6126 6127 6128
f 6091 6092 6093
f 6090 6091 6093
f 6089 6090 6093
f 6087 6088 6089
f 6086 6087 6089
f 6085 6086 6089
f 6084 6085 6089
f 6083 6084 6089
f 6082 6083 6089
f 6078 6079 6080
f 6077 6078 6080
f 6076 6077 6080
f 6075 6076 6080
f 6074 6075 6080
f 6073 6074 6080
f 6072 6073 6080
f 6071 6072 6080
f 6070 6071 6080
f 6069 6070 6080
f 6068 6069 6080
f 6067 6068 6080
f 6066 6067 6080
f 6065 6066 6080
f 6064 6065 6080
f 6063 6064 6080
f 6062 6063 6080
f 6061 6062 6080
f 6060 6061 6080
f 6059 6060 6080
f 6058 6059 6080
f 6057 6058 6080
f 6056 6057 6080
f 6055 6056 6080
f 6054 6055 6080
f 6053 6054 6080
f 6052 6053 6080
f 6051 6052 6080
f 6050 6051 6080
f 6049 6050 6080
f 6048 6049 6080
f 6047 6048 6080
f 6046 6047 6080
f 6045 6046 6080
f 6044 6045 6080
f 6043 6044 6080
f 6042 6043 6080
f 6041 6042 6080
f 6040 6041 6080
f 6039 6040 6080
f 6038 6039 6080
f 6037 6038 6080
f 6036 6037 6080
f 6035 6036 6080
f 6034 6035 6080
f 6033 6034 6080
f 6032 6033 6080
f 6031 6032 6080
f 6030 6031 6080
f 6029 6030 6080
f 6028 6029 6080
f 6027 6028 6080
f 6026 6027 6080
f 6025 6026 6080
f 6024 6025 6080
f 6023 6024 6080
f 6022 6023 6080
f 6021 6022 6080
f 6128 6131 6132
f 6126 6128 6132
f 6125 6126 6132
f 6124 6125 6132
f 6123 6124 6132
f 6122 6123 6132
f 6121 6122 6132
f 6120 6121 6132
f 6119 6120 6132
f 6118 6119 6132
f 6117 6118 6132
f 6116 6117 6132
f 6115 6116 6132
f 6114 6115 6132
f 6113 6114 6132
f 6112 6113 6132
f 6111 6112 6132
f 6110 6111 6132
f 6082 6089 6093
f 6081 6082 6093
f 6021 6080 6081
f 6110 6132 6015
f 6109 6110 6015
f 6108 6109 6015
f 6107 6108 6015
f 6106 6107 6015
f 6105 6106 6015
f 6104 6105 6015
f 6103 6104 6015
f 6102 6103 6015
f 6101 6102 6015
f 6100 6101 6015
f 6099 6100 6015
f 6098 6099 6015
f 6097 6098 6015
f 6096 6097 6015
f 6095 6096 6015
f 6081 6093 6094
f 6095 6015 6016
f 6081 6094 6095
f 6021 6081 6095
f 6020 6021 6095
f 6019 6020 6095
f 6018 6019 6095
f 6017 6018 6095
f 6016 6017 6095
f 5897 6016 6015
f 5898 6016 5897
f 5898 6017 6016
f 5899 6017 5898
f 5899 6018 6017
f 5900 6018 5899
f 5900 6019 6018
f 5901 6019 5900
f 5901 6020 6019
f 5902 6020 5901
f 5902 6021 6020
f 5903 6021 5902
f 5903 6022 6021
f 5904 6022 5903
f 5904 6023 6022
f 5905 6023 5904
f 5905 6024 6023
f 5906 6024 5905
f 5906 6025 6024
f 5907 6025 5906
f 5907 6026 6025
f 5908 6026 5907
f 5908 6027 6026
f 5909 6027 5908
f 5909 6028 6027
f 5910 6028 5909
f 5910 6029 6028
f 5911 6029 5910
f 5911 6030 6029
f 5912 6030 5911
f 5912 6031 6030
f 5913 6031 5912
f 5913 6032 6031
f 5914 6032 5913
f 5914 6033 6032
f 5915 6033 5914
f 5915 6034 6033
f 5916 6034 5915
f 5916 6035 6034
f 5917 6035 5916
f 5917 6036 6035
f 5918 6036 5917
f 5918 6037 6036
f 5919 6037 5918
f 5919 6038 6037
f 5920 6038 5919
f 5920 6039 6038
f 5921 6039 5920
f 5921 6040 6039
f 5922 6040 5921
f 5922 6041 6040
f 5923 6041 5922
f 5923 6042 6041
f 5924 6042 5923
f 5924 6043 6042
f 5925 6043 5924
f 5925 6044 6043
f 5926 6044 5925
f 5926 6045 6044
f 5927 6045 5926
f 5927 6046 6045
f 5928 6046 5927
f 5928 6047 6046
f 5929 6047 5928
f 5929 6048 6047
f 5930 6048 5929
f 5930 6049 6048
f 5931 6049 5930
f 5931 6050 6049
f 5932 6050 5931
f 5932 6051 6050
f 5933 6051 5932
f 5933 6052 6051
f 5934 6052 5933
f 5934 6053 6052
f 5935 6053 5934
f 5935 6054 6053
f 5936 6054 5935
f 5936 6055 6054
f 5937 6055 5936
f 5937 6056 6055
f 5938 6056 5937
f 5938 6057 6056
f 5939 6057 5938
f 5939 6058 6057
f 5940 6058 5939
f 5940 6059 6058
f 5941 6059 5940
f 5941 6060 6059
f 5942 6060 5941
f 5942 6061 6060
f 5943 6061 5942
f 5943 6062 6061
f 5944 6062 5943
f 5944 6063 6062
f 5945 6063 5944
f 5945 6064 6063
f 5946 6064 5945
f 5946 6065 6064
f 5947 6065 5946
f 5947 6066 6065
f 5948 6066 5947
f 5948 6067 6066
f 5949 6067 5948
f 5949 6068 6067
f 5950 6068 5949
f 5950 6069 6068
f 5951 6069 5950
f 5951 6070 6069
f 5952 6070 5951
f 5952 6071 6070
f 5953 6071 5952
f 5953 6072 6071
f 5954 6072 5953
f 5954 6073 6072
f 5955 6073 5954
f 5955 6074 6073
f 5956 6074 5955
f 5956 6075 6074
f 5957 6075 5956
f 5957 6076 6075
f 5958 6076 5957
f 5958 6077 6076
f 5959 6077 5958
f 5959 6078 6077
f 5960 6078 5959
f 5960 6079 6078
f 5961 6079 5960
f 5961 6080 6079
f 5962 6080 5961
f 5962 6081 6080
f 5963 6081 5962
f 5963 6082 6081
f 5964 6082 5963
f 5964 6083 6082
f 5965 6083 5964
f 5965 6084 6083
f 5966 6084 5965
f 5966 6085 6084
f 5967 6085 5966
f 5967 6086 6085
f 5968 6086 5967
f 5968 6087 6086
f 5969 6087 5968
f 5969 6088 6087
f 5970 6088 5969
f 5970 6089 6088
f 5971 6089 5970
f 5971 6090 6089
f 5972 6090 5971
f 5972 6091 6090
f 5973 6091 5972
f 5973 6092 6091
f 5974 6092 5973
f 5974 6093 6092
f 5975 6093 5974
f 5975 6094 6093
f 5976 6094 5975
f 5976 6095 6094
f 5977 6095 5976
f 5977 6096 6095
f 5978 6096 5977
f 5978 6097 6096
f 5979 6097 5978
f 5979 6098 6097
f 5980 6098 5979
f 5980 6099 6098
f 5981 6099 5980
f 5981 6100 6099
f 5982 6100 5981
f 5982 6101 6100
f 5983 6101 5982
f 5983 6102 6101
f 5984 6102 5983
f 5984 6103 6102
f 5985 6103 5984
f 5985 6104 6103
f 5986 6104 5985
f 5986 6105 6104
f 5987 6105 5986
f 5987 6106 6105
f 5988 6106 5987
f 5988 6107 6106
f 5989 6107 5988
f 5989 6108 6107
f 5990 6108 5989
f 5990 6109 6108
f 5991 6109 5990
f 5991 6110 6109
f 5992 6110 5991
f 5992 6111 6110
f 5993 6111 5992
f 5993 6112 6111
f 5994 6112 5993
f 5994 6113 6112
f 5995 6113 5994
f 5995 6114 6113
f 5996 6114 5995
f 5996 6115 6114
f 5997 6115 5996
f 5997 6116 6115
f 5998 6116 5997
f 5998 6117 6116
f 5999 6117 5998
f 5999 6118 6117
f 6000 6118 5999
f 6000 6119 6118
f 6001 6119 6000
f 6001 6120 6119
f 6002 6120 6001
f 6002 6121 6120
f 6003 6121 6002
f 6003 6122 6121
f 6004 6122 6003
f 6004 6123 6122
f 6005 6123 6004
f 6005 6124 6123
f 6006 6124 6005
f 6006 6125 6124
f 6007 6125 6006
f 6007 6126 6125
f 6008 6126 6007
f 6008 6127 6126
f 6009 6127 6008
f 6009 6128 6127
f 6010 6128 6009
f 6010 6129 6128
f 6011 6129 6010
f 6011 6130 6129
f 6012 6130 6011
f 6012 6131 6130
f 6013 6131 6012
f 6014 6015 6132
f 5897 6015 6014
f 6013 6132 6131
f 6014 6132 6013

o floor Reduit
usemtl floor_wet
v 8.96056216 -0.01000000 8.55910433
v 10.84714487 -0.01000000 8.55910433
v 10.84716138 -0.01000000 8.55910020
v 10.84722074 -0.01000000 8.55907896
v 10.84727773 -0.01000000 8.55905200
v 10.84733181 -0.01000000 8.55901959
v 10.84738245 -0.01000000 8.55898204
v 10.84742916 -0.01000000 8.55893970
v 10.84747150 -0.01000000 8.55889299
v 10.84750905 -0.01000000 8.55884235
v 10.84754146 -0.01000000 8.55878827
v 10.84756842 -0.01000000 8.55873128
v 10.84758966 -0.01000000 8.55867192
v 10.84760498 -0.01000000 8.55861077
v 10.84761423 -0.01000000 8.55854840
v 10.84761536 -0.01000000 8.55852534
v 10.84761536 -0.01000000 6.78776600
v 10.84761423 -0.01000000 6.78774294
v 10.84760498 -0.01000000 6.78768058
v 10.84758966 -0.01000000 6.78761943
v 10.84756842 -0.01000000 6.78756007
v 10.84754146 -0.01000000 6.78750307
v 10.84750905 -0.01000000 6.78744900
v 10.84747150 -0.01000000 6.78739836
v 10.84742916 -0.01000000 6.78735165
v 10.84738245 -0.01000000 6.78730931
v 10.84733181 -0.01000000 6.78727175
v 10.84727773 -0.01000000 6.78723934
v 10.84725497 -0.01000000 6.78722858
v 8.96055427 -0.01000000 6.78722858
v 8.96055427 -0.01000000 8.55909645
v 8.96055464 -0.01000000 8.55910396
v 8.96056216 0.00000000 8.55910433
v 10.84714487 0.00000000 8.55910433
v 10.84716138 0.00000000 8.55910020
v 10.84722074 0.00000000 8.55907896
v 10.84727773 0.00000000 8.55905200
v 10.84733181 0.00000000 8.55901959
v 10.84738245 0.00000000 8.55898204
v 10.84742916 0.00000000 8.55893970
v 10.84747150 0.00000000 8.55889299
v 10.84750905 0.00000000 8.55884235
v 10.84754146 0.00000000 8.55878827
v 10.84756842 0.00000000 8.55873128
v 10.84758966 0.00000000 8.55867192
v 10.84760498 0.00000000 8.55861077
v 10.84761423 0.00000000 8.55854840
v 10.84761536 0.00000000 8.55852534
v 10.84761536 0.00000000 6.78776600
v 10.84761423 0.00000000 6.78774294
v 10.84760498 0.00000000 6.78768058
v 10.84758966 0.00000000 6.78761943
v 10.84756842 0.00000000 6.78756007
v 10.84754146 0.00000000 6.78750307
v 10.84750905 0.00000000 6.78744900
v 10.84747150 0.00000000 6.78739836
v 10.84742916 0.00000000 6.78735165
v 10.84738245 0.00000000 6.78730931
v 10.84733181 0.00000000 6.78727175
v 10.84727773 0.00000000 6.78723934
v 10.84725497 0.00000000 6.78722858
v 8.96055427 0.00000000 6.78722858
v 8.96055427 0.00000000 8.55909645
v 8.96055464 0.00000000 8.55910396
f 6133 6164 6163
f 6133 6163 6162
f 6133 6162 6161
f 6133 6161 6160
f 6133 6160 6159
f 6133 6159 6158
f 6133 6158 6157
f 6133 6157 6156
f 6133 6156 6155
f 6133 6155 6154
f 6133 6154 6153
f 6133 6153 6152
f 6133 6152 6151
f 6133 6151 6150
f 6133 6150 6149
f 6133 6149 6148
f 6133 6148 6147
f 6133 6147 6146
f 6133 6146 6145
f 6133 6145 6144
f 6133 6144 6143
f 6133 6143 6142
f 6133 6142 6141
f 6133 6141 6140
f 6133 6140 6139
f 6133 6139 6138
f 6133 6138 6137
f 6133 6137 6136
f 6133 6136 6135
f 6133 6135 6134
f 6195 6196 6165
f 6194 6195 6165
f 6193 6194 6165
f 6192 6193 6165
f 6191 6192 6165
f 6190 6191 6165
f 6189 6190 6165
f 6188 6189 6165
f 6187 6188 6165
f 6186 6187 6165
f 6185 6186 6165
f 6184 6185 6165
f 6183 6184 6165
f 6182 6183 6165
f 6181 6182 6165
f 6180 6181 6165
f 6179 6180 6165
f 6178 6179 6165
f 6177 6178 6165
f 6176 6177 6165
f 6175 6176 6165
f 6174 6175 6165
f 6173 6174 6165
f 6172 6173 6165
f 6171 6172 6165
f 6170 6171 6165
f 6169 6170 6165
f 6168 6169 6165
f 6167 6168 6165
f 6166 6167 6165
f 6133 6166 6165
f 6134 6166 6133
f 6134 6167 6166
f 6135 6167 6134
f 6135 6168 6167
f 6136 6168 6135
f 6136 6169 6168
f 6137 6169 6136
f 6137 6170 6169
f 6138 6170 6137
f 6138 6171 6170
f 6139 6171 6138
f 6139 6172 6171
f 6140 6172 6139
f 6140 6173 6172
f 6141 6173 6140
f 6141 6174 6173
f 6142 6174 6141
f 6142 6175 6174
f 6143 6175 6142
f 6143 6176 6175
f 6144 6176 6143
f 6144 6177 6176
f 6145 6177 6144
f 6145 6178 6177
f 6146 6178 6145
f 6146 6179 6178
f 6147 6179 6146
f 6147 6180 6179
f 6148 6180 6147
f 6148 6181 6180
f 6149 6181 6148
f 6149 6182 6181
f 6150 6182 6149
f 6150 6183 6182
f 6151 6183 6150
f 6151 6184 6183
f 6152 6184 6151
f 6152 6185 6184
f 6153 6185 6152
f 6153 6186 6185
f 6154 6186 6153
f 6154 6187 6186
f 6155 6187 6154
f 6155 6188 6187
f 6156 6188 6155
f 6156 6189 6188
f 6157 6189 6156
f 6157 6190 6189
f 6158 6190 6157
f 6158 6191 6190
f 6159 6191 6158
f 6159 6192 6191
f 6160 6192 6159
f 6160 6193 6192
f 6161 6193 6160
f 6161 6194 6193
f 6162 6194 6161
f 6162 6195 6194
f 6163 6195 6162
f 6164 6165 6196
f 6133 6165 6164
f 6163 6196 6195
f 6164 6196 6163

o floor Wohnen / Essen
usemtl floor_room
v 11.06758096 -0.01000000 6.00631490
v 11.06761154 -0.01000000 6.00632256
v 11.06764122 -0.01000000 6.00633318
v 11.06766971 -0.01000000 6.00634666
v 11.06769148 -0.01000000 6.00635970
v 11.06782570 -0.01000000 6.00635970
v 11.06784073 -0.01000000 6.00636044
v 11.06784147 -0.01000000 6.00637547
v 11.06784147 -0.01000000 12.83383527
v 11.06784739 -0.01000000 12.83383556
v 14.87202046 -0.01000000 12.83377283
v 14.87202797 -0.01000000 12.83377246
v 14.87202834 -0.01000000 12.83376494
v 14.87202834 -0.01000000 0.21994187
v 14.87202797 -0.01000000 0.21993436
v 14.87202046 -0.01000000 0.21993399
v 11.06784739 -0.01000000 0.21993399
v 11.06783987 -0.01000000 0.21993436
v 11.06783951 -0.01000000 0.21994187
v 11.06783951 -0.01000000 0.21998113
v 11.06783951 -0.01000000 0.37008485
v 11.06783951 -0.01000000 4.80465245
v 11.06783796 -0.01000000 4.80468393
v 11.06783333 -0.01000000 4.80471511
v 11.06782567 -0.01000000 4.80474569
v 11.06781505 -0.01000000 4.80477537
v 11.06781402 -0.01000000 4.80477756
v 11.06781402 -0.01000000 4.80487867
v 11.06782094 -0.01000000 4.80497274
v 11.06782108 -0.01000000 4.80497366
v 11.06781988 -0.01000000 4.80498176
v 11.06781737 -0.01000000 4.80499437
v 11.06781346 -0.01000000 4.80500997
v 11.06781165 -0.01000000 4.80500952
v 11.06776471 -0.01000000 4.80499494
v 11.06771073 -0.01000000 4.80498315
v 11.06765594 -0.01000000 4.80497603
v 11.06760073 -0.01000000 4.80497366
v 11.06751829 -0.01000000 4.80497366
v 10.91802647 -0.01000000 4.80497366
v 10.91802647 -0.01000000 6.00630873
v 11.06751829 -0.01000000 6.00630873
v 11.06754978 -0.01000000 6.00631027
v 11.06758096 0.00000000 6.00631490
v 11.06761154 0.00000000 6.00632256
v 11.06764122 0.00000000 6.00633318
v 11.06766971 0.00000000 6.00634666
v 11.06769148 0.00000000 6.00635970
v 11.06782570 0.00000000 6.00635970
v 11.06784073 0.00000000 6.00636044
v 11.06784147 0.00000000 6.00637547
v 11.06784147 0.00000000 12.83383527
v 11.06784739 0.00000000 12.83383556
v 14.87202046 0.00000000 12.83377283
v 14.87202797 0.00000000 12.83377246
v 14.87202834 0.00000000 12.83376494
v 14.87202834 0.00000000 0.21994187
v 14.87202797 0.00000000 0.21993436
v 14.87202046 0.00000000 0.21993399
v 11.06784739 0.00000000 0.21993399
v 11.06783987 0.00000000 0.21993436
v 11.06783951 0.00000000 0.21994187
v 11.06783951 0.00000000 0.21998113
v 11.06783951 0.00000000 0.37008485
v 11.06783951 0.00000000 4.80465245
v 11.06783796 0.00000000 4.80468393
v 11.06783333 0.00000000 4.80471511
v 11.06782567 0.00000000 4.80474569
v 11.06781505 0.00000000 4.80477537
v 11.06781402 0.00000000 4.80477756
v 11.06781402 0.00000000 4.80487867
v 11.06782094 0.00000000 4.80497274
v 11.06782108 0.00000000 4.80497366
v 11.06781988 0.00000000 4.80498176
v 11.06781737 0.00000000 4.80499437
v 11.06781346 0.00000000 4.80500997
v 11.06781165 0.00000000 4.80500952
v 11.06776471 0.00000000 4.80499494
v 11.06771073 0.00000000 4.80498315
v 11.06765594 0.00000000 4.80497603
v 11.06760073 0.00000000 4.80497366
v 11.06751829 0.00000000 4.80497366
v 10.91802647 0.00000000 4.80497366
v 10.91802647 0.00000000 6.00630873
v 11.06751829 0.00000000 6.00630873
v 11.06754978 0.00000000 6.00631027
f 6238 6237 6236
f 6238 6236 6235
f 6238 6235 6234
f 6238 6234 6233
f 6238 6233 6232
f 6238 6232 6231
f 6238 6231 6230
f 6238 6230 6229
f 6238 6229 6228
f 6238 6228 6227
f 6238 6227 6226
f 6226 6225 6224
f 6226 6224 6223
f 6226 6223 6222
f 6226 6222 6221
f 6226 6221 6220
f 6226 6220 6219
f 6216 6215 6214
f 6216 6214 6213
f 6216 6213 6212
f 6216 6212 6211
f 6216 6211 6210
f 6216 6210 6209
f 6216 6209 6208
f 6216 6208 6207
f 6216 6207 6206
f 6206 6205 6204
f 6202 6201 6200
f 6202 6200 6199
f 6202 6199 6198
f 6202 6198 6197
f 6239 6238 6226
f 6239 6226 6219
f 6239 6219 6218
f 6217 6216 6206
f 6217 6206 6204
f 6217 6204 6203
f 6203 6202 6197
f 6197 6239 6218
f 6218 6217 6203
f 6218 6203 6197
f 6279 6280 6281
f 6278 6279 6281
f 6277 6278 6281
f 6276 6277 6281
f 6275 6276 6281
f 6274 6275 6281
f 6273 6274 6281
f 6272 6273 6281
f 6271 6272 6281
f 6270 6271 6281
f 6269 6270 6281
f 6267 6268 6269
f 6266 6267 6269
f 6265 6266 6269
f 6264 6265 6269
f 6263 6264 6269
f 6262 6263 6269
f 6257 6258 6259
f 6256 6257 6259
f 6255 6256 6259
f 6254 6255 6259
f 6253 6254 6259
f 6252 6253 6259
f 6251 6252 6259
f 6250 6251 6259
f 6249 6250 6259
f 6247 6248 6249
f 6243 6244 6245
f 6242 6243 6245
f 6241 6242 6245
f 6240 6241 6245
f 6269 6281 6282
f 6262 6269 6282
f 6261 6262 6282
f 6249 6259 6260
f 6247 6249 6260
f 6246 6247 6260
f 6240 6245 6246
f 6261 6282 6240
f 6246 6260 6261
f 6240 6246 6261
f 6197 6241 6240
f 6198 6241 6197
f 6198 6242 6241
f 6199 6242 6198
f 6199 6243 6242
f 6200 6243 6199
f 6200 6244 6243
f 6201 6244 6200
f 6201 6245 6244
f 6202 6245 6201
f 6202 6246 6245
f 6203 6246 6202
f 6203 6247 6246
f 6204 6247 6203
f 6204 6248 6247
f 6205 6248 6204
f 6205 6249 6248
f 6206 6249 6205
f 6206 6250 6249
f 6207 6250 6206
f 6207 6251 6250
f 6208 6251 6207
f 6208 6252 6251
f 6209 6252 6208
f 6209 6253 6252
f 6210 6253 6209
f 6210 6254 6253
f 6211 6254 6210
f 6211 6255 6254
f 6212 6255 6211
f 6212 6256 6255
f 6213 6256 6212
f 6213 6257 6256
f 6214 6257 6213
f 6214 6258 6257
f 6215 6258 6214
f 6215 6259 6258
f 6216 6259 6215
f 6216 6260 6259
f 6217 6260 6216
f 6217 6261 6260
f 6218 6261 6217
f 6218 6262 6261
f 6219 6262 6218
f 6219 6263 6262
f 6220 6263 6219
f 6220 6264 6263
f 6221 6264 6220
f 6221 6265 6264
f 6222 6265 6221
f 6222 6266 6265
f 6223 6266 6222
f 6223 6267 6266
f 6224 6267 6223
f 6224 6268 6267
f 6225 6268 6224
f 6225 6269 6268
f 6226 6269 6225
f 6226 6270 6269
f 6227 6270 6226
f 6227 6271 6270
f 6228 6271 6227
f 6228 6272 6271
f 6229 6272 6228
f 6229 6273 6272
f 6230 6273 6229
f 6230 6274 6273
f 6231 6274 6230
f 6231 6275 6274
f 6232 6275 6231
f 6232 6276 6275
f 6233 6276 6232
f 6233 6277 6276
f 6234 6277 6233
f 6234 6278 6277
f 6235 6278 6234
f 6235 6279 6278
f 6236 6279 6235
f 6236 6280 6279
f 6237 6280 6236
f 6237 6281 6280
f 6238 6281 6237
f 6239 6240 6282
f 6197 6240 6239
f 6238 6282 6281
f 6239 6282 6238

o floor Treppenhaus
usemtl floor_stair
v 4.15021473 -0.01000000 4.94513768
v 4.15019908 -0.01000000 4.94513691
v 4.15017918 -0.01000000 4.94513193
v 4.15014252 -0.01000000 4.94512114
v 4.15007006 -0.01000000 4.94510856
v 4.14999664 -0.01000000 4.94510435
v 3.95007326 -0.01000000 4.94510435
v 3.95005823 -0.01000000 4.94510362
v 3.95005749 -0.01000000 4.94508858
v 3.95005749 -0.01000000 0.21994976
v 3.95005823 -0.01000000 0.21993472
v 3.95007326 -0.01000000 0.21993399
v 4.03954739 -0.01000000 0.21993399
v 4.03961036 -0.01000000 0.21993089
v 4.03967272 -0.01000000 0.21992164
v 4.03973388 -0.01000000 0.21990632
v 4.03979324 -0.01000000 0.21988508
v 4.03985023 -0.01000000 0.21985813
v 4.03990431 -0.01000000 0.21982572
v 4.03995494 -0.01000000 0.21978816
v 4.04000166 -0.01000000 0.21974582
v 4.04003447 -0.01000000 0.21970962
v 0.18606681 -0.01000000 0.21970962
v 0.18609962 -0.01000000 0.21974582
v 0.18614633 -0.01000000 0.21978816
v 0.18619697 -0.01000000 0.21982572
v 0.18625104 -0.01000000 0.21985813
v 0.18630803 -0.01000000 0.21988508
v 0.18636739 -0.01000000 0.21990632
v 0.18642855 -0.01000000 0.21992164
v 0.18649091 -0.01000000 0.21993089
v 0.18655388 -0.01000000 0.21993399
v 0.27602802 -0.01000000 0.21993399
v 0.27604305 -0.01000000 0.21993472
v 0.27604379 -0.01000000 0.21994976
v 0.27604379 -0.01000000 4.94508858
v 0.27604305 -0.01000000 4.94510362
v 0.27602802 -0.01000000 4.94510435
v 0.07594387 -0.01000000 4.94510435
v 0.07587045 -0.01000000 4.94510856
v 0.07579799 -0.01000000 4.94512114
v 0.07576134 -0.01000000 4.94513193
v 0.07574143 -0.01000000 4.94513691
v 0.07572578 -0.01000000 4.94513768
v 0.02577660 -0.01000000 4.94513768
v 0.02576157 -0.01000000 4.94513695
v 0.02576083 -0.01000000 4.94512191
v 0.02576083 -0.01000000 4.85505477
v 0.02575712 -0.01000000 4.85500446
v 0.02575727 -0.01000000 4.85500445
v 0.02575495 -0.01000000 4.85495723
v 0.02575495 -0.01000000 0.22060974
v 0.02575185 -0.01000000 0.22054677
v 0.02574260 -0.01000000 0.22048441
v 0.02572728 -0.01000000 0.22042325
v 0.02570604 -0.01000000 0.22036390
v 0.02569703 -0.01000000 0.22034484
v 0.02569703 -0.01000000 6.00589159
v 0.02570180 -0.01000000 6.00587828
v 0.02571712 -0.01000000 6.00581712
v 0.02572637 -0.01000000 6.00575476
v 0.02572946 -0.01000000 6.00569179
v 0.02572946 -0.01000000 5.95620164
v 0.02573023 -0.01000000 5.95618598
v 0.02573409 -0.01000000 5.95617058
v 0.02573961 -0.01000000 5.95615276
v 0.02575137 -0.01000000 5.95609886
v 0.02575846 -0.01000000 5.95604415
v 0.02576083 -0.01000000 5.95598903
v 0.02576083 -0.01000000 5.86619772
v 0.02576157 -0.01000000 5.86618269
v 0.02577660 -0.01000000 5.86618195
v 0.27600253 -0.01000000 5.86618195
v 0.27601756 -0.01000000 5.86618269
v 0.27601830 -0.01000000 5.86619772
v 0.27601830 -0.01000000 6.00569179
v 0.27602139 -0.01000000 6.00575476
v 0.27603064 -0.01000000 6.00581712
v 0.27604596 -0.01000000 6.00587828
v 0.27606720 -0.01000000 6.00593763
v 0.27609416 -0.01000000 6.00599463
v 0.27612657 -0.01000000 6.00604870
v 0.27616412 -0.01000000 6.00609934
v 0.27620646 -0.01000000 6.00614605
v 0.27625317 -0.01000000 6.00618839
v 0.27630381 -0.01000000 6.00622595
v 0.27635789 -0.01000000 6.00625836
v 0.27641488 -0.01000000 6.00628531
v 0.27647424 -0.01000000 6.00630655
v 0.27653539 -0.01000000 6.00632187
v 0.27659776 -0.01000000 6.00633112
v 0.27666073 -0.01000000 6.00633421
v 0.98675077 -0.01000000 6.00633421
v 0.98676580 -0.01000000 6.00633495
v 0.98676654 -0.01000000 6.00634999
v 0.98676654 -0.01000000 6.24759090
v 1.90785688 -0.01000000 6.24759090
v 1.90785688 -0.01000000 6.20684335
v 1.90785437 -0.01000000 6.20678666
v 1.90784688 -0.01000000 6.20673042
v 1.90783444 -0.01000000 6.20667505
v 1.90781717 -0.01000000 6.20662100
v 1.90780270 -0.01000000 6.20658654
v 1.90779981 -0.01000000 6.20657847
v 1.90779904 -0.01000000 6.20656285
v 1.90779904 -0.01000000 6.00634999
v 1.90779978 -0.01000000 6.00633495
v 1.90781482 -0.01000000 6.00633421
v 2.24790243 -0.01000000 6.00633421
v 2.24795914 -0.01000000 6.00633171
v 2.24801540 -0.01000000 6.00632421
v 2.24807078 -0.01000000 6.00631177
v 2.24812484 -0.01000000 6.00629449
v 2.24816303 -0.01000000 6.00627844
v 2.24816924 -0.01000000 6.00627622
v 2.24817903 -0.01000000 6.00627972
v 2.24822709 -0.01000000 6.00629928
v 2.24829531 -0.01000000 6.00631861
v 2.24836525 -0.01000000 6.00633030
v 2.24843605 -0.01000000 6.00633421
v 2.34831390 -0.01000000 6.00633421
v 2.34832894 -0.01000000 6.00633495
v 2.34832968 -0.01000000 6.00634999
v 2.34832968 -0.01000000 6.18645371
v 2.34832894 -0.01000000 6.18646875
v 2.34831390 -0.01000000 6.18646948
v 2.24881167 -0.01000000 6.18646948
v 2.24874870 -0.01000000 6.18647258
v 2.24868634 -0.01000000 6.18648183
v 2.24862518 -0.01000000 6.18649715
v 2.24856582 -0.01000000 6.18651839
v 2.24850883 -0.01000000 6.18654534
v 2.24845476 -0.01000000 6.18657775
v 2.24840412 -0.01000000 6.18661531
v 2.24835741 -0.01000000 6.18665765
v 2.24831507 -0.01000000 6.18670436
v 2.24827751 -0.01000000 6.18675500
v 2.24824510 -0.01000000 6.18680907
v 2.24821815 -0.01000000 6.18686606
v 2.24819691 -0.01000000 6.18692542
v 2.24818159 -0.01000000 6.18698658
v 2.24817234 -0.01000000 6.18704894
v 2.24816924 -0.01000000 6.18711191
v 2.24816924 -0.01000000 6.24759090
v 3.95005749 -0.01000000 6.24759090
v 3.95005749 -0.01000000 5.86619772
v 3.95005823 -0.01000000 5.86618269
v 3.95007326 -0.01000000 5.86618195
v 4.20017988 -0.01000000 5.86618195
v 4.20017988 -0.01000000 4.94513768
v 4.15021473 0.00000000 4.94513768
v 4.15019908 0.00000000 4.94513691
v 4.15017918 0.00000000 4.94513193
v 4.15014252 0.00000000 4.94512114
v 4.15007006 0.00000000 4.94510856
v 4.14999664 0.00000000 4.94510435
v 3.95007326 0.00000000 4.94510435
v 3.95005823 0.00000000 4.94510362
v 3.95005749 0.00000000 4.94508858
v 3.95005749 0.00000000 0.21994976
v 3.95005823 0.00000000 0.21993472
v 3.95007326 0.00000000 0.21993399
v 4.03954739 0.00000000 0.21993399
v 4.03961036 0.00000000 0.21993089
v 4.03967272 0.00000000 0.21992164
v 4.03973388 0.00000000 0.21990632
v 4.03979324 0.00000000 0.21988508
v 4.03985023 0.00000000 0.21985813
v 4.03990431 0.00000000 0.21982572
v 4.03995494 0.00000000 0.21978816
v 4.04000166 0.00000000 0.21974582
v 4.04003447 0.00000000 0.21970962
v 0.18606681 0.00000000 0.21970962
v 0.18609962 0.00000000 0.21974582
v 0.18614633 0.00000000 0.21978816
v 0.18619697 0.00000000 0.21982572
v 0.18625104 0.00000000 0.21985813
v 0.18630803 0.00000000 0.21988508
v 0.18636739 0.00000000 0.21990632
v 0.18642855 0.00000000 0.21992164
v 0.18649091 0.00000000 0.21993089
v 0.18655388 0.00000000 0.21993399
v 0.27602802 0.00000000 0.21993399
v 0.27604305 0.00000000 0.21993472
v 0.27604379 0.00000000 0.21994976
v 0.27604379 0.00000000 4.94508858
v 0.27604305 0.00000000 4.94510362
v 0.27602802 0.00000000 4.94510435
v 0.07594387 0.00000000 4.94510435
v 0.07587045 0.00000000 4.94510856
v 0.07579799 0.00000000 4.94512114
v 0.07576134 0.00000000 4.94513193
v 0.07574143 0.00000000 4.94513691
v 0.07572578 0.00000000 4.94513768
v 0.02577660 0.00000000 4.94513768
v 0.02576157 0.00000000 4.94513695
v 0.02576083 0.00000000 4.94512191
v 0.02576083 0.00000000 4.85505477
v 0.02575712 0.00000000 4.85500446
v 0.02575727 0.00000000 4.85500445
v 0.02575495 0.00000000 4.85495723
v 0.02575495 0.00000000 0.22060974
v 0.02575185 0.00000000 0.22054677
v 0.02574260 0.00000000 0.22048441
v 0.02572728 0.00000000 0.22042325
v 0.02570604 0.00000000 0.22036390
v 0.02569703 0.00000000 0.22034484
v 0.02569703 0.00000000 6.00589159
v 0.02570180 0.00000000 6.00587828
v 0.02571712 0.00000000 6.00581712
v 0.02572637 0.00000000 6.00575476
v 0.02572946 0.00000000 6.00569179
v 0.02572946 0.00000000 5.95620164
v 0.02573023 0.00000000 5.95618598
v 0.02573409 0.00000000 5.95617058
v 0.02573961 0.00000000 5.95615276
v 0.02575137 0.00000000 5.95609886
v 0.02575846 0.00000000 5.95604415
v 0.02576083 0.00000000 5.95598903
v 0.02576083 0.00000000 5.86619772
v 0.02576157 0.00000000 5.86618269
v 0.02577660 0.00000000 5.86618195
v 0.27600253 0.00000000 5.86618195
v 0.27601756 0.00000000 5.86618269
v 0.27601830 0.00000000 5.86619772
v 0.27601830 0.00000000 6.00569179
v 0.27602139 0.00000000 6.00575476
v 0.27603064 0.00000000 6.00581712
v 0.27604596 0.00000000 6.00587828
v 0.27606720 0.00000000 6.00593763
v 0.27609416 0.00000000 6.00599463
v 0.27612657 0.00000000 6.00604870
v 0.27616412 0.00000000 6.00609934
v 0.27620646 0.00000000 6.00614605
v 0.27625317 0.00000000 6.00618839
v 0.27630381 0.00000000 6.00622595
v 0.27635789 0.00000000 6.00625836
v 0.27641488 0.00000000 6.00628531
v 0.27647424 0.00000000 6.00630655
v 0.27653539 0.00000000 6.00632187
v 0.27659776 0.00000000 6.00633112
v 0.27666073 0.00000000 6.00633421
v 0.98675077 0.00000000 6.00633421
v 0.98676580 0.00000000 6.00633495
v 0.98676654 0.00000000 6.00634999
v 0.98676654 0.00000000 6.24759090
v 1.90785688 0.00000000 6.24759090
v 1.90785688 0.00000000 6.20684335
v 1.90785437 0.00000000 6.20678666
v 1.90784688 0.00000000 6.20673042
v 1.90783444 0.00000000 6.20667505
v 1.90781717 0.00000000 6.20662100
v 1.90780270 0.00000000 6.20658654
v 1.90779981 0.00000000 6.20657847
v 1.90779904 0.00000000 6.20656285
v 1.90779904 0.00000000 6.00634999
v 1.90779978 0.00000000 6.00633495
v 1.90781482 0.00000000 6.00633421
v 2.24790243 0.00000000 6.00633421
v 2.24795914 0.00000000 6.00633171
v 2.24801540 0.00000000 6.00632421
v 2.24807078 0.00000000 6.00631177
v 2.24812484 0.00000000 6.00629449
v 2.24816303 0.00000000 6.00627844
v 2.24816924 0.00000000 6.00627622
v 2.24817903 0.00000000 6.00627972
v 2.24822709 0.00000000 6.00629928
v 2.24829531 0.00000000 6.00631861
v 2.24836525 0.00000000 6.00633030
v 2.24843605 0.00000000 6.00633421
v 2.34831390 0.00000000 6.00633421
v 2.34832894 0.00000000 6.00633495
v 2.34832968 0.00000000 6.00634999
v 2.34832968 0.00000000 6.18645371
v 2.34832894 0.00000000 6.18646875
v 2.34831390 0.00000000 6.18646948
v 2.24881167 0.00000000 6.18646948
v 2.24874870 0.00000000 6.18647258
v 2.24868634 0.00000000 6.18648183
v 2.24862518 0.00000000 6.18649715
v 2.24856582 0.00000000 6.18651839
v 2.24850883 0.00000000 6.18654534
v 2.24845476 0.00000000 6.18657775
v 2.24840412 0.00000000 6.18661531
v 2.24835741 0.00000000 6.18665765
v 2.24831507 0.00000000 6.18670436
v 2.24827751 0.00000000 6.18675500
v 2.24824510 0.00000000 6.18680907
v 2.24821815 0.00000000 6.18686606
v 2.24819691 0.00000000 6.18692542
v 2.24818159 0.00000000 6.18698658
v 2.24817234 0.00000000 6.18704894
v 2.24816924 0.00000000 6.18711191
v 2.24816924 0.00000000 6.24759090
v 3.95005749 0.00000000 6.24759090
v 3.95005749 0.00000000 5.86619772
v 3.95005823 0.00000000 5.86618269
v 3.95007326 0.00000000 5.86618195
v 4.20017988 0.00000000 5.86618195
v 4.20017988 0.00000000 4.94513768
f 6283 6432 6431
f 6283 6431 6430
f 6283 6430 6429
f 6428 6427 6426
f 6426 6425 6424
f 6426 6424 6423
f 6426 6423 6422
f 6426 6422 6421
f 6426 6421 6420
f 6426 6420 6419
f 6426 6419 6418
f 6426 6418 6417
f 6426 6417 6416
f 6426 6416 6415
f 6426 6415 6414
f 6426 6414 6413
f 6426 6413 6412
f 6426 6412 6411
f 6426 6411 6410
f 6426 6410 6409
f 6426 6409 6408
f 6426 6408 6407
f 6403 6402 6401
f 6403 6401 6400
f 6403 6400 6399
f 6403 6399 6398
f 6403 6398 6397
f 6396 6395 6394
f 6396 6394 6393
f 6396 6393 6392
f 6396 6392 6391
f 6396 6391 6390
f 6385 6384 6383
f 6385 6383 6382
f 6385 6382 6381
f 6385 6381 6380
f 6385 6380 6379
f 6385 6379 6378
f 6385 6378 6377
f 6385 6377 6376
f 6375 6374 6373
f 6375 6373 6372
f 6375 6372 6371
f 6375 6371 6370
f 6375 6370 6369
f 6375 6369 6368
f 6375 6368 6367
f 6375 6367 6366
f 6375 6366 6365
f 6375 6365 6364
f 6375 6364 6363
f 6375 6363 6362
f 6375 6362 6361
f 6375 6361 6360
f 6375 6360 6359
f 6375 6359 6358
f 6375 6358 6357
f 6375 6357 6356
f 6352 6351 6350
f 6352 6350 6349
f 6352 6349 6348
f 6352 6348 6347
f 6352 6347 6346
f 6352 6346 6345
f 6345 6344 6343
f 6345 6343 6342
f 6345 6342 6341
f 6345 6341 6340
f 6345 6340 6339
f 6345 6339 6338
f 6345 6338 6337
f 6345 6337 6336
f 6345 6336 6335
f 6345 6335 6334
f 6345 6334 6333
f 6333 6332 6331
f 6331 6330 6329
f 6324 6323 6322
f 6324 6322 6321
f 6324 6321 6320
f 6315 6314 6313
f 6315 6313 6312
f 6315 6312 6311
f 6315 6311 6310
f 6315 6310 6309
f 6315 6309 6308
f 6315 6308 6307
f 6315 6307 6306
f 6315 6306 6305
f 6315 6305 6304
f 6315 6304 6303
f 6315 6303 6302
f 6315 6302 6301
f 6315 6301 6300
f 6315 6300 6299
f 6315 6299 6298
f 6315 6298 6297
f 6315 6297 6296
f 6296 6295 6294
f 6289 6288 6287
f 6289 6287 6286
f 6289 6286 6285
f 6289 6285 6284
f 6289 6284 6283
f 6289 6283 6429
f 6289 6429 6428
f 6428 6426 6407
f 6428 6407 6406
f 6428 6406 6405
f 6428 6405 6404
f 6428 6404 6403
f 6428 6403 6397
f 6397 6396 6390
f 6386 6385 6376
f 6376 6375 6356
f 6352 6345 6333
f 6352 6333 6331
f 6352 6331 6329
f 6352 6329 6328
f 6352 6328 6327
f 6325 6324 6320
f 6316 6315 6296
f 6316 6296 6294
f 6316 6294 6293
f 6316 6293 6292
f 6316 6292 6291
f 6316 6291 6290
f 6290 6289 6428
f 6290 6428 6397
f 6290 6397 6390
f 6290 6390 6389
f 6387 6386 6376
f 6353 6352 6327
f 6353 6327 6326
f 6353 6326 6325
f 6353 6325 6320
f 6353 6320 6319
f 6317 6316 6290
f 6317 6290 6389
f 6317 6389 6388
f 6317 6388 6387
f 6317 6387 6376
f 6354 6353 6319
f 6318 6317 6376
f 6318 6376 6356
f 6318 6356 6355
f 6355 6354 6319
f 6355 6319 6318
f 6581 6582 6433
f 6580 6581 6433
f 6579 6580 6433
f 6576 6577 6578
f 6574 6575 6576
f 6573 6574 6576
f 6572 6573 6576
f 6571 6572 6576
f 6570 6571 6576
f 6569 6570 6576
f 6568 6569 6576
f 6567 6568 6576
f 6566 6567 6576
f 6565 6566 6576
f 6564 6565 6576
f 6563 6564 6576
f 6562 6563 6576
f 6561 6562 6576
f 6560 6561 6576
f 6559 6560 6576
f 6558 6559 6576
f 6557 6558 6576
f 6551 6552 6553
f 6550 6551 6553
f 6549 6550 6553
f 6548 6549 6553
f 6547 6548 6553
f 6544 6545 6546
f 6543 6544 6546
f 6542 6543 6546
f 6541 6542 6546
f 6540 6541 6546
f 6533 6534 6535
f 6532 6533 6535
f 6531 6532 6535
f 6530 6531 6535
f 6529 6530 6535
f 6528 6529 6535
f 6527 6528 6535
f 6526 6527 6535
f 6523 6524 6525
f 6522 6523 6525
f 6521 6522 6525
f 6520 6521 6525
f 6519 6520 6525
f 6518 6519 6525
f 6517 6518 6525
f 6516 6517 6525
f 6515 6516 6525
f 6514 6515 6525
f 6513 6514 6525
f 6512 6513 6525
f 6511 6512 6525
f 6510 6511 6525
f 6509 6510 6525
f 6508 6509 6525
f 6507 6508 6525
f 6506 6507 6525
f 6500 6501 6502
f 6499 6500 6502
f 6498 6499 6502
f 6497 6498 6502
f 6496 6497 6502
f 6495 6496 6502
f 6493 6494 6495
f 6492 6493 6495
f 6491 6492 6495
f 6490 6491 6495
f 6489 6490 6495
f 6488 6489 6495
f 6487 6488 6495
f 6486 6487 6495
f 6485 6486 6495
f 6484 6485 6495
f 6483 6484 6495
f 6481 6482 6483
f 6479 6480 6481
f 6472 6473 6474
f 6471 6472 6474
f 6470 6471 6474
f 6463 6464 6465
f 6462 6463 6465
f 6461 6462 6465
f 6460 6461 6465
f 6459 6460 6465
f 6458 6459 6465
f 6457 6458 6465
f 6456 6457 6465
f 6455 6456 6465
f 6454 6455 6465
f 6453 6454 6465
f 6452 6453 6465
f 6451 6452 6465
f 6450 6451 6465
f 6449 6450 6465
f 6448 6449 6465
f 6447 6448 6465
f 6446 6447 6465
f 6444 6445 6446
f 6437 6438 6439
f 6436 6437 6439
f 6435 6436 6439
f 6434 6435 6439
f 6433 6434 6439
f 6579 6433 6439
f 6578 6579 6439
f 6557 6576 6578
f 6556 6557 6578
f 6555 6556 6578
f 6554 6555 6578
f 6553 6554 6578
f 6547 6553 6578
f 6540 6546 6547
f 6526 6535 6536
f 6506 6525 6526
f 6483 6495 6502
f 6481 6483 6502
f 6479 6481 6502
f 6478 6479 6502
f 6477 6478 6502
f 6470 6474 6475
f 6446 6465 6466
f 6444 6446 6466
f 6443 6444 6466
f 6442 6443 6466
f 6441 6442 6466
f 6440 6441 6466
f 6578 6439 6440
f 6547 6578 6440
f 6540 6547 6440
f 6539 6540 6440
f 6526 6536 6537
f 6477 6502 6503
f 6476 6477 6503
f 6475 6476 6503
f 6470 6475 6503
f 6469 6470 6503
f 6440 6466 6467
f 6539 6440 6467
f 6538 6539 6467
f 6537 6538 6467
f 6526 6537 6467
f 6469 6503 6504
f 6526 6467 6468
f 6506 6526 6468
f 6505 6506 6468
f 6469 6504 6505
f 6468 6469 6505
f 6283 6434 6433
f 6284 6434 6283
f 6284 6435 6434
f 6285 6435 6284
f 6285 6436 6435
f 6286 6436 6285
f 6286 6437 6436
f 6287 6437 6286
f 6287 6438 6437
f 6288 6438 6287
f 6288 6439 6438
f 6289 6439 6288
f 6289 6440 6439
f 6290 6440 6289
f 6290 6441 6440
f 6291 6441 6290
f 6291 6442 6441
f 6292 6442 6291
f 6292 6443 6442
f 6293 6443 6292
f 6293 6444 6443
f 6294 6444 6293
f 6294 6445 6444
f 6295 6445 6294
f 6295 6446 6445
f 6296 6446 6295
f 6296 6447 6446
f 6297 6447 6296
f 6297 6448 6447
f 6298 6448 6297
f 6298 6449 6448
f 6299 6449 6298
f 6299 6450 6449
f 6300 6450 6299
f 6300 6451 6450
f 6301 6451 6300
f 6301 6452 6451
f 6302 6452 6301
f 6302 6453 6452
f 6303 6453 6302
f 6303 6454 6453
f 6304 6454 6303
f 6304 6455 6454
f 6305 6455 6304
f 6305 6456 6455
f 6306 6456 6305
f 6306 6457 6456
f 6307 6457 6306
f 6307 6458 6457
f 6308 6458 6307
f 6308 6459 6458
f 6309 6459 6308
f 6309 6460 6459
f 6310 6460 6309
f 6310 6461 6460
f 6311 6461 6310
f 6311 6462 6461
f 6312 6462 6311
f 6312 6463 6462
f 6313 6463 6312
f 6313 6464 6463
f 6314 6464 6313
f 6314 6465 6464
f 6315 6465 6314
f 6315 6466 6465
f 6316 6466 6315
f 6316 6467 6466
f 6317 6467 6316
f 6317 6468 6467
f 6318 6468 6317
f 6318 6469 6468
f 6319 6469 6318
f 6319 6470 6469
f 6320 6470 6319
f 6320 6471 6470
f 6321 6471 6320
f 6321 6472 6471
f 6322 6472 6321
f 6322 6473 6472
f 6323 6473 6322
f 6323 6474 6473
f 6324 6474 6323
f 6324 6475 6474
f 6325 6475 6324
f 6325 6476 6475
f 6326 6476 6325
f 6326 6477 6476
f 6327 6477 6326
f 6327 6478 6477
f 6328 6478 6327
f 6328 6479 6478
f 6329 6479 6328
f 6329 6480 6479
f 6330 6480 6329
f 6330 6481 6480
f 6331 6481 6330
f 6331 6482 6481
f 6332 6482 6331
f 6332 6483 6482
f 6333 6483 6332
f 6333 6484 6483
f 6334 6484 6333
f 6334 6485 6484
f 6335 6485 6334
f 6335 6486 6485
f 6336 6486 6335
f 6336 6487 6486
f 6337 6487 6336
f 6337 6488 6487
f 6338 6488 6337
f 6338 6489 6488
f 6339 6489 6338
f 6339 6490 6489
f 6340 6490 6339
f 6340 6491 6490
f 6341 6491 6340
f 6341 6492 6491
f 6342 6492 6341
f 6342 6493 6492
f 6343 6493 6342
f 6343 6494 6493
f 6344 6494 6343
f 6344 6495 6494
f 6345 6495 6344
f 6345 6496 6495
f 6346 6496 6345
f 6346 6497 6496
f 6347 6497 6346
f 6347 6498 6497
f 6348 6498 6347
f 6348 6499 6498
f 6349 6499 6348
f 6349 6500 6499
f 6350 6500 6349
f 6350 6501 6500
f 6351 6501 6350
f 6351 6502 6501
f 6352 6502 6351
f 6352 6503 6502
f 6353 6503 6352
f 6353 6504 6503
f 6354 6504 6353
f 6354 6505 6504
f 6355 6505 6354
f 6355 6506 6505
f 6356 6506 6355
f 6356 6507 6506
f 6357 6507 6356
f 6357 6508 6507
f 6358 6508 6357
f 6358 6509 6508
f 6359 6509 6358
f 6359 6510 6509
f 6360 6510 6359
f 6360 6511 6510
f 6361 6511 6360
f 6361 6512 6511
f 6362 6512 6361
f 6362 6513 6512
f 6363 6513 6362
f 6363 6514 6513
f 6364 6514 6363
f 6364 6515 6514
f 6365 6515 6364
f 6365 6516 6515
f 6366 6516 6365
f 6366 6517 6516
f 6367 6517 6366
f 6367 6518 6517
f 6368 6518 6367
f 6368 6519 6518
f 6369 6519 6368
f 6369 6520 6519
f 6370 6520 6369
f 6370 6521 6520
f 6371 6521 6370
f 6371 6522 6521
f 6372 6522 6371
f 6372 6523 6522
f 6373 6523 6372
f 6373 6524 6523
f 6374 6524 6373
f 6374 6525 6524
f 6375 6525 6374
f 6375 6526 6525
f 6376 6526 6375
f 6376 6527 6526
f 6377 6527 6376
f 6377 6528 6527
f 6378 6528 6377
f 6378 6529 6528
f 6379 6529 6378
f 6379 6530 6529
f 6380 6530 6379
f 6380 6531 6530
f 6381 6531 6380
f 6381 6532 6531
f 6382 6532 6381
f 6382 6533 6532
f 6383 6533 6382
f 6383 6534 6533
f 6384 6534 6383
f 6384 6535 6534
f 6385 6535 6384
f 6385 6536 6535
f 6386 6536 6385
f 6386 6537 6536
f 6387 6537 6386
f 6387 6538 6537
f 6388 6538 6387
f 6388 6539 6538
f 6389 6539 6388
f 6389 6540 6539
f 6390 6540 6389
f 6390 6541 6540
f 6391 6541 6390
f 6391 6542 6541
f 6392 6542 6391
f 6392 6543 6542
f 6393 6543 6392
f 6393 6544 6543
f 6394 6544 6393
f 6394 6545 6544
f 6395 6545 6394
f 6395 6546 6545
f 6396 6546 6395
f 6396 6547 6546
f 6397 6547 6396
f 6397 6548 6547
f 6398 6548 6397
f 6398 6549 6548
f 6399 6549 6398
f 6399 6550 6549
f 6400 6550 6399
f 6400 6551 6550
f 6401 6551 6400
f 6401 6552 6551
f 6402 6552 6401
f 6402 6553 6552
f 6403 6553 6402
f 6403 6554 6553
f 6404 6554 6403
f 6404 6555 6554
f 6405 6555 6404
f 6405 6556 6555
f 6406 6556 6405
f 6406 6557 6556
f 6407 6557 6406
f 6407 6558 6557
f 6408 6558 6407
f 6408 6559 6558
f 6409 6559 6408
f 6409 6560 6559
f 6410 6560 6409
f 6410 6561 6560
f 6411 6561 6410
f 6411 6562 6561
f 6412 6562 6411
f 6412 6563 6562
f 6413 6563 6412
f 6413 6564 6563
f 6414 6564 6413
f 6414 6565 6564
f 6415 6565 6414
f 6415 6566 6565
f 6416 6566 6415
f 6416 6567 6566
f 6417 6567 6416
f 6417 6568 6567
f 6418 6568 6417
f 6418 6569 6568
f 6419 6569 6418
f 6419 6570 6569
f 6420 6570 6419
f 6420 6571 6570
f 6421 6571 6420
f 6421 6572 6571
f 6422 6572 6421
f 6422 6573 6572
f 6423 6573 6422
f 6423 6574 6573
f 6424 6574 6423
f 6424 6575 6574
f 6425 6575 6424
f 6425 6576 6575
f 6426 6576 6425
f 6426 6577 6576
f 6427 6577 6426
f 6427 6578 6577
f 6428 6578 6427
f 6428 6579 6578
f 6429 6579 6428
f 6429 6580 6579
f 6430 6580 6429
f 6430 6581 6580
f 6431 6581 6430
f 6432 6433 6582
f 6283 6433 6432
f 6431 6582 6581
f 6432 6582 6431

o terrace N lawn
usemtl lawn
v 15.07644867 -0.20000000 -5.70795323
v 15.07644867 -0.20000000 0.00000000
v 15.29487344 -0.20000000 0.00000000
v 15.29487344 -0.20000000 -5.70795323
v 15.07644867 -0.18000000 -5.70795323
v 15.07644867 -0.18000000 0.00000000
v 15.29487344 -0.18000000 0.00000000
v 15.29487344 -0.18000000 -5.70795323
v 11.01631762 -0.20000000 0.00000000
v 11.01631762 -0.20000000 -5.70795323
v 3.96633689 -0.20000000 -5.70795323
v 3.96633689 -0.20000000 0.00000000
v 11.01631762 -0.18000000 0.00000000
v 11.01631762 -0.18000000 -5.70795323
v 3.96633689 -0.18000000 -5.70795323
v 3.96633689 -0.18000000 0.00000000
f 6583 6586 6585
f 6583 6585 6584
f 6589 6590 6587
f 6588 6589 6587
f 6583 6588 6587
f 6584 6588 6583
f 6584 6589 6588
f 6585 6589 6584
f 6586 6587 6590
f 6583 6587 6586
f 6585 6590 6589
f 6586 6590 6585
f 6591 6594 6593
f 6591 6593 6592
f 6597 6598 6595
f 6596 6597 6595
f 6591 6596 6595
f 6592 6596 6591
f 6592 6597 6596
f 6593 6597 6592
f 6594 6595 6598
f 6591 6595 6594
f 6593 6598 6597
f 6594 6598 6593

o terrace N paving
usemtl terrace_tiles
v 15.07644867 -0.20000000 0.00000000
v 15.07644867 -0.20000000 -5.70795323
v 11.01631762 -0.20000000 -5.70795323
v 11.01631762 -0.20000000 0.00000000
v 15.07644867 -0.16000000 0.00000000
v 15.07644867 -0.16000000 -5.70795323
v 11.01631762 -0.16000000 -5.70795323
v 11.01631762 -0.16000000 0.00000000
f 6599 6602 6601
f 6599 6601 6600
f 6605 6606 6603
f 6604 6605 6603
f 6599 6604 6603
f 6600 6604 6599
f 6600 6605 6604
f 6601 6605 6600
f 6602 6603 6606
f 6599 6603 6602
f 6601 6606 6605
f 6602 6606 6601

o terrace N edge
usemtl edge
v 15.29487344 -0.20000000 -6.24437877
v 15.29487344 -0.20000000 -5.70795323
v 3.96633689 -0.20000000 -5.70795323
v 3.96633689 -0.20000000 -6.24437877
v 15.29487344 0.25000000 -6.24437877
v 15.29487344 0.25000000 -5.70795323
v 3.96633689 0.25000000 -5.70795323
v 3.96633689 0.25000000 -6.24437877
f 6610 6607 6608
f 6610 6608 6609
f 6612 6611 6614
f 6613 6612 6614
f 6608 6611 6612
f 6607 6611 6608
f 6609 6612 6613
f 6608 6612 6609
f 6607 6614 6611
f 6610 6614 6607
f 6610 6613 6614
f 6609 6613 6610

o terrace S paving
usemtl terrace_tiles
v 15.08929719 -0.20000000 13.05409225
v 15.08929719 -0.20000000 16.63561609
v 11.15765129 -0.20000000 16.63561609
v 11.15765129 -0.20000000 13.05409225
v 15.08929719 -0.16000000 13.05409225
v 15.08929719 -0.16000000 16.63561609
v 11.15765129 -0.16000000 16.63561609
v 11.15765129 -0.16000000 13.05409225
f 6618 6615 6616
f 6618 6616 6617
f 6620 6619 6622
f 6621 6620 6622
f 6616 6619 6620
f 6615 6619 6616
f 6617 6620 6621
f 6616 6620 6617
f 6615 6622 6619
f 6618 6622 6615
f 6618 6621 6622
f 6617 6621 6618

o Kitchen counter
usemtl counter
v 11.67159193 0.00000000 0.58781961
v 11.67159193 0.00000000 4.80855711
v 11.06771168 0.00000000 4.80855711
v 11.06771168 0.00000000 0.58781961
v 11.67159193 0.90000000 0.58781961
v 11.67159193 0.90000000 4.80855711
v 11.06771168 0.90000000 4.80855711
v 11.06771168 0.90000000 0.58781961
f 6626 6623 6624
f 6626 6624 6625
f 6628 6627 6630
f 6629 6628 6630
f 6624 6627 6628
f 6623 6627 6624
f 6625 6628 6629
f 6624 6628 6625
f 6623 6630 6627
f 6626 6630 6623
f 6626 6629 6630
f 6625 6629 6626

o Kitchen tall units
usemtl cabinet
v 11.67159193 0.00000000 0.58781961
v 11.67159193 0.00000000 1.77630734
v 11.06771168 0.00000000 1.77630734
v 11.06771168 0.00000000 0.58781961
v 11.67159193 2.10000000 0.58781961
v 11.67159193 2.10000000 1.77630734
v 11.06771168 2.10000000 1.77630734
v 11.06771168 2.10000000 0.58781961
f 6634 6631 6632
f 6634 6632 6633
f 6636 6635 6638
f 6637 6636 6638
f 6632 6635 6636
f 6631 6635 6632
f 6633 6636 6637
f 6632 6636 6633
f 6631 6638 6635
f 6634 6638 6631
f 6634 6637 6638
f 6633 6637 6634

o Kitchen wall units
usemtl cabinet
v 11.47886419 1.45000000 1.77630734
v 11.47886419 1.45000000 4.80855711
v 11.06771168 1.45000000 4.80855711
v 11.06771168 1.45000000 1.77630734
v 11.47886419 2.10000000 1.77630734
v 11.47886419 2.10000000 4.80855711
v 11.06771168 2.10000000 4.80855711
v 11.06771168 2.10000000 1.77630734
f 6642 6639 6640
f 6642 6640 6641
f 6644 6643 6646
f 6645 6644 6646
f 6640 6643 6644
f 6639 6643 6640
f 6641 6644 6645
f 6640 6644 6641
f 6639 6646 6643
f 6642 6646 6639
f 6642 6645 6646
f 6641 6645 6642

o Cooktop
usemtl dark
v 11.60734935 0.90000000 2.52152126
v 11.60734935 0.90000000 3.03546190
v 11.12553000 0.90000000 3.03546190
v 11.12553000 0.90000000 2.52152126
v 11.60734935 0.92000000 2.52152126
v 11.60734935 0.92000000 3.03546190
v 11.12553000 0.92000000 3.03546190
v 11.12553000 0.92000000 2.52152126
f 6650 6647 6648
f 6650 6648 6649
f 6652 6651 6654
f 6653 6652 6654
f 6648 6651 6652
f 6647 6651 6648
f 6649 6652 6653
f 6648 6652 6649
f 6647 6654 6651
f 6650 6654 6647
f 6650 6653 6654
f 6649 6653 6650

o Sink
usemtl steel
v 11.60734935 0.88000000 3.74213028
v 11.60734935 0.88000000 4.12758576
v 11.12553000 0.88000000 4.12758576
v 11.12553000 0.88000000 3.74213028
v 11.60734935 0.92000000 3.74213028
v 11.60734935 0.92000000 4.12758576
v 11.12553000 0.92000000 4.12758576
v 11.12553000 0.92000000 3.74213028
f 6658 6655 6656
f 6658 6656 6657
f 6660 6659 6662
f 6661 6660 6662
f 6656 6659 6660
f 6655 6659 6656
f 6657 6660 6661
f 6656 6660 6657
f 6655 6662 6659
f 6658 6662 6655
f 6658 6661 6662
f 6657 6661 6658

o Bathtub
usemtl sanitary
v 6.55788256 0.00000000 7.72517024
v 6.55788256 0.00000000 8.52177823
v 4.81048439 0.00000000 8.52177823
v 4.81048439 0.00000000 7.72517024
v 6.55788256 0.55000000 7.72517024
v 6.55788256 0.55000000 8.52177823
v 4.81048439 0.55000000 8.52177823
v 4.81048439 0.55000000 7.72517024
f 6666 6663 6664
f 6666 6664 6665
f 6668 6667 6670
f 6669 6668 6670
f 6664 6667 6668
f 6663 6667 6664
f 6665 6668 6669
f 6664 6668 6665
f 6663 6670 6667
f 6666 6670 6663
f 6666 6669 6670
f 6665 6669 6666

o WC
usemtl sanitary
v 6.55788256 0.00000000 6.41462161
v 6.55788256 0.00000000 6.83219838
v 6.14673005 0.00000000 6.83219838
v 6.14673005 0.00000000 6.41462161
v 6.55788256 0.42000000 6.41462161
v 6.55788256 0.42000000 6.83219838
v 6.14673005 0.42000000 6.83219838
v 6.14673005 0.42000000 6.41462161
f 6674 6671 6672
f 6674 6672 6673
f 6676 6675 6678
f 6677 6676 6678
f 6672 6675 6676
f 6671 6675 6672
f 6673 6676 6677
f 6672 6676 6673
f 6671 6678 6675
f 6674 6678 6671
f 6674 6677 6678
f 6673 6677 6674

o Washbasin
usemtl sanitary
v 6.55788256 0.80000000 6.95425928
v 6.55788256 0.80000000 7.57098805
v 6.14673005 0.80000000 7.57098805
v 6.14673005 0.80000000 6.95425928
v 6.55788256 0.90000000 6.95425928
v 6.55788256 0.90000000 7.57098805
v 6.14673005 0.90000000 7.57098805
v 6.14673005 0.90000000 6.95425928
f 6682 6679 6680
f 6682 6680 6681
f 6684 6683 6686
f 6685 6684 6686
f 6680 6683 6684
f 6679 6683 6680
f 6681 6684 6685
f 6680 6684 6681
f 6679 6686 6683
f 6682 6686 6679
f 6682 6685 6686
f 6681 6685 6682

o Washer/dryer
usemtl sanitary
v 9.66079918 0.00000000 7.89862521
v 9.66079918 0.00000000 8.49608120
v 9.07619170 0.00000000 8.49608120
v 9.07619170 0.00000000 7.89862521
v 9.66079918 0.85000000 7.89862521
v 9.66079918 0.85000000 8.49608120
v 9.07619170 0.85000000 8.49608120
v 9.07619170 0.85000000 7.89862521
f 6690 6687 6688
f 6690 6688 6689
f 6692 6691 6694
f 6693 6692 6694
f 6688 6691 6692
f 6687 6691 6688
f 6689 6692 6693
f 6688 6692 6689
f 6687 6694 6691
f 6690 6694 6687
f 6690 6693 6694
f 6689 6693 6690

o Corridor cabinet
usemtl cabinet
v 9.37170757 0.00000000 6.02274187
v 9.37170757 0.00000000 6.59450084
v 8.78067583 0.00000000 6.59450084
v 8.78067583 0.00000000 6.02274187
v 9.37170757 2.10000000 6.02274187
v 9.37170757 2.10000000 6.59450084
v 8.78067583 2.10000000 6.59450084
v 8.78067583 2.10000000 6.02274187
f 6698 6695 6696
f 6698 6696 6697
f 6700 6699 6702
f 6701 6700 6702
f 6696 6699 6700
f 6695 6699 6696
f 6697 6700 6701
f 6696 6700 6697
f 6695 6702 6699
f 6698 6702 6695
f 6698 6701 6702
f 6697 6701 6698

o Elevator car
usemtl steel
v 3.89823975 0.00000000 6.27971219
v 3.89823975 0.00000000 8.11062572
v 2.42066041 0.00000000 8.11062572
v 2.42066041 0.00000000 6.27971219
v 3.89823975 2.20000000 6.27971219
v 3.89823975 2.20000000 8.11062572
v 2.42066041 2.20000000 8.11062572
v 2.42066041 2.20000000 6.27971219
f 6706 6703 6704
f 6706 6704 6705
f 6708 6707 6710
f 6709 6708 6710
f 6704 6707 6708
f 6703 6707 6704
f 6705 6708 6709
f 6704 6708 6705
f 6703 6710 6707
f 6706 6710 6703
f 6706 6709 6710
f 6705 6709 6706

o stair step 1
usemtl floor_stair
v 1.50841578 0.00000000 4.45522292
v 1.50841578 0.00000000 4.69292047
v 0.31992805 0.00000000 4.69292047
v 0.31992805 0.00000000 4.45522292
v 1.50841578 0.17500000 4.45522292
v 1.50841578 0.17500000 4.69292047
v 0.31992805 0.17500000 4.69292047
v 0.31992805 0.17500000 4.45522292
f 6714 6711 6712
f 6714 6712 6713
f 6716 6715 6718
f 6717 6716 6718
f 6712 6715 6716
f 6711 6715 6712
f 6713 6716 6717
f 6712 6716 6713
f 6711 6718 6715
f 6714 6718 6711
f 6714 6717 6718
f 6713 6717 6714

o stair step 2
usemtl floor_stair
v 1.50841578 0.00000000 4.21752538
v 1.50841578 0.00000000 4.45522292
v 0.31992805 0.00000000 4.45522292
v 0.31992805 0.00000000 4.21752538
v 1.50841578 0.35000000 4.21752538
v 1.50841578 0.35000000 4.45522292
v 0.31992805 0.35000000 4.45522292
v 0.31992805 0.35000000 4.21752538
f 6722 6719 6720
f 6722 6720 6721
f 6724 6723 6726
f 6725 6724 6726
f 6720 6723 6724
f 6719 6723 6720
f 6721 6724 6725
f 6720 6724 6721
f 6719 6726 6723
f 6722 6726 6719
f 6722 6725 6726
f 6721 6725 6722

o stair step 3
usemtl floor_stair
v 1.50841578 0.00000000 3.97982783
v 1.50841578 0.00000000 4.21752538
v 0.31992805 0.00000000 4.21752538
v 0.31992805 0.00000000 3.97982783
v 1.50841578 0.52500000 3.97982783
v 1.50841578 0.52500000 4.21752538
v 0.31992805 0.52500000 4.21752538
v 0.31992805 0.52500000 3.97982783
f 6730 6727 6728
f 6730 6728 6729
f 6732 6731 6734
f 6733 6732 6734
f 6728 6731 6732
f 6727 6731 6728
f 6729 6732 6733
f 6728 6732 6729
f 6727 6734 6731
f 6730 6734 6727
f 6730 6733 6734
f 6729 6733 6730

o stair step 4
usemtl floor_stair
v 1.50841578 0.00000000 3.74213028
v 1.50841578 0.00000000 3.97982783
v 0.31992805 0.00000000 3.97982783
v 0.31992805 0.00000000 3.74213028
v 1.50841578 0.70000000 3.74213028
v 1.50841578 0.70000000 3.97982783
v 0.31992805 0.70000000 3.97982783
v 0.31992805 0.70000000 3.74213028
f 6738 6735 6736
f 6738 6736 6737
f 6740 6739 6742
f 6741 6740 6742
f 6736 6739 6740
f 6735 6739 6736
f 6737 6740 6741
f 6736 6740 6737
f 6735 6742 6739
f 6738 6742 6735
f 6738 6741 6742
f 6737 6741 6738

o stair step 5
usemtl floor_stair
v 1.50841578 0.00000000 3.50443274
v 1.50841578 0.00000000 3.74213028
v 0.31992805 0.00000000 3.74213028
v 0.31992805 0.00000000 3.50443274
v 1.50841578 0.87500000 3.50443274
v 1.50841578 0.87500000 3.74213028
v 0.31992805 0.87500000 3.74213028
v 0.31992805 0.87500000 3.50443274
f 6746 6743 6744
f 6746 6744 6745
f 6748 6747 6750
f 6749 6748 6750
f 6744 6747 6748
f 6743 6747 6744
f 6745 6748 6749
f 6744 6748 6745
f 6743 6750 6747
f 6746 6750 6743
f 6746 6749 6750
f 6745 6749 6746

o stair step 6
usemtl floor_stair
v 1.50841578 0.00000000 3.26673519
v 1.50841578 0.00000000 3.50443274
v 0.31992805 0.00000000 3.50443274
v 0.31992805 0.00000000 3.26673519
v 1.50841578 1.05000000 3.26673519
v 1.50841578 1.05000000 3.50443274
v 0.31992805 1.05000000 3.50443274
v 0.31992805 1.05000000 3.26673519
f 6754 6751 6752
f 6754 6752 6753
f 6756 6755 6758
f 6757 6756 6758
f 6752 6755 6756
f 6751 6755 6752
f 6753 6756 6757
f 6752 6756 6753
f 6751 6758 6755
f 6754 6758 6751
f 6754 6757 6758
f 6753 6757 6754

o stair step 7
usemtl floor_stair
v 1.50841578 0.00000000 3.02903765
v 1.50841578 0.00000000 3.26673519
v 0.31992805 0.00000000 3.26673519
v 0.31992805 0.00000000 3.02903765
v 1.50841578 1.22500000 3.02903765
v 1.50841578 1.22500000 3.26673519
v 0.31992805 1.22500000 3.26673519
v 0.31992805 1.22500000 3.02903765
f 6762 6759 6760
f 6762 6760 6761
f 6764 6763 6766
f 6765 6764 6766
f 6760 6763 6764
f 6759 6763 6760
f 6761 6764 6765
f 6760 6764 6761
f 6759 6766 6763
f 6762 6766 6759
f 6762 6765 6766
f 6761 6765 6762

o stair step 8
usemtl floor_stair
v 1.50841578 0.00000000 2.79134010
v 1.50841578 0.00000000 3.02903765
v 0.31992805 0.00000000 3.02903765
v 0.31992805 0.00000000 2.79134010
v 1.50841578 1.40000000 2.79134010
v 1.50841578 1.40000000 3.02903765
v 0.31992805 1.40000000 3.02903765
v 0.31992805 1.40000000 2.79134010
f 6770 6767 6768
f 6770 6768 6769
f 6772 6771 6774
f 6773 6772 6774
f 6768 6771 6772
f 6767 6771 6768
f 6769 6772 6773
f 6768 6772 6769
f 6767 6774 6771
f 6770 6774 6767
f 6770 6773 6774
f 6769 6773 6770

o stair step 9
usemtl floor_stair
v 1.50841578 0.00000000 2.55364255
v 1.50841578 0.00000000 2.79134010
v 0.31992805 0.00000000 2.79134010
v 0.31992805 0.00000000 2.55364255
v 1.50841578 1.57500000 2.55364255
v 1.50841578 1.57500000 2.79134010
v 0.31992805 1.57500000 2.79134010
v 0.31992805 1.57500000 2.55364255
f 6778 6775 6776
f 6778 6776 6777
f 6780 6779 6782
f 6781 6780 6782
f 6776 6779 6780
f 6775 6779 6776
f 6777 6780 6781
f 6776 6780 6777
f 6775 6782 6779
f 6778 6782 6775
f 6778 6781 6782
f 6777 6781 6778

o stair step 10
usemtl floor_stair
v 1.50841578 0.00000000 2.31594501
v 1.50841578 0.00000000 2.55364255
v 0.31992805 0.00000000 2.55364255
v 0.31992805 0.00000000 2.31594501
v 1.50841578 1.75000000 2.31594501
v 1.50841578 1.75000000 2.55364255
v 0.31992805 1.75000000 2.55364255
v 0.31992805 1.75000000 2.31594501
f 6786 6783 6784
f 6786 6784 6785
f 6788 6787 6790
f 6789 6788 6790
f 6784 6787 6788
f 6783 6787 6784
f 6785 6788 6789
f 6784 6788 6785
f 6783 6790 6787
f 6786 6790 6783
f 6786 6789 6790
f 6785 6789 6786

o stair step 11
usemtl floor_stair
v 1.50841578 0.00000000 2.07824746
v 1.50841578 0.00000000 2.31594501
v 0.31992805 0.00000000 2.31594501
v 0.31992805 0.00000000 2.07824746
v 1.50841578 1.92500000 2.07824746
v 1.50841578 1.92500000 2.31594501
v 0.31992805 1.92500000 2.31594501
v 0.31992805 1.92500000 2.07824746
f 6794 6791 6792
f 6794 6792 6793
f 6796 6795 6798
f 6797 6796 6798
f 6792 6795 6796
f 6791 6795 6792
f 6793 6796 6797
f 6792 6796 6793
f 6791 6798 6795
f 6794 6798 6791
f 6794 6797 6798
f 6793 6797 6794

o stair step 12
usemtl floor_stair
v 1.50841578 0.00000000 1.84054992
v 1.50841578 0.00000000 2.07824746
v 0.31992805 0.00000000 2.07824746
v 0.31992805 0.00000000 1.84054992
v 1.50841578 2.10000000 1.84054992
v 1.50841578 2.10000000 2.07824746
v 0.31992805 2.10000000 2.07824746
v 0.31992805 2.10000000 1.84054992
f 6802 6799 6800
f 6802 6800 6801
f 6804 6803 6806
f 6805 6804 6806
f 6800 6803 6804
f 6799 6803 6800
f 6801 6804 6805
f 6800 6804 6801
f 6799 6806 6803
f 6802 6806 6799
f 6802 6805 6806
f 6801 6805 6802

